,woshixiongshizaitaiwenjianle-yanguizhengzhuan/我師兄實在太穩健了_html1.html
第一章 小小靈娥,woshixiongshizaitaiwenjianle-yanguizhengzhuan/我師兄實在太穩健了_html2.html
第二章 師兄的入門審覈,woshixiongshizaitaiwenjianle-yanguizhengzhuan/我師兄實在太穩健了_html3.html
第三章 入門第一課,woshixiongshizaitaiwenjianle-yanguizhengzhuan/我師兄實在太穩健了_html4.html
第四章 世界很危險,woshixiongshizaitaiwenjianle-yanguizhengzhuan/我師兄實在太穩健了_html5.html
第五章 師妹的夜間補習,woshixiongshizaitaiwenjianle-yanguizhengzhuan/我師兄實在太穩健了_html6.html
第六章 師妹初長成,woshixiongshizaitaiwenjianle-yanguizhengzhuan/我師兄實在太穩健了_html7.html
第七章 歷練大會,woshixiongshizaitaiwenjianle-yanguizhengzhuan/我師兄實在太穩健了_html8.html
第八章 酒仙人上線【爲盟主‘時光無雪’加更！】,woshixiongshizaitaiwenjianle-yanguizhengzhuan/我師兄實在太穩健了_html9.html
第九章 請保持好冰山該有的矜持！,woshixiongshizaitaiwenjianle-yanguizhengzhuan/我師兄實在太穩健了_html10.html
第十章 玄雅的賠禮,woshixiongshizaitaiwenjianle-yanguizhengzhuan/我師兄實在太穩健了_html11.html
第十一章 離隊一身輕,woshixiongshizaitaiwenjianle-yanguizhengzhuan/我師兄實在太穩健了_html12.html
第十二章 狐狸尾巴,woshixiongshizaitaiwenjianle-yanguizhengzhuan/我師兄實在太穩健了_html13.html
第十三章 《反殺》,woshixiongshizaitaiwenjianle-yanguizhengzhuan/我師兄實在太穩健了_html14.html
第十四章 這還能從天而降？,woshixiongshizaitaiwenjianle-yanguizhengzhuan/我師兄實在太穩健了_html15.html
第十五章 一個不願意透露姓名的靚仔,woshixiongshizaitaiwenjianle-yanguizhengzhuan/我師兄實在太穩健了_html16.html
第十六章 有毒，肯定有毒,woshixiongshizaitaiwenjianle-yanguizhengzhuan/我師兄實在太穩健了_html17.html
第十七章 活到最後纔算黃雀,woshixiongshizaitaiwenjianle-yanguizhengzhuan/我師兄實在太穩健了_html18.html
第十八章 走的很安詳,woshixiongshizaitaiwenjianle-yanguizhengzhuan/我師兄實在太穩健了_html19.html
第十九章 師父們來援,woshixiongshizaitaiwenjianle-yanguizhengzhuan/我師兄實在太穩健了_html20.html
第二十章 有些坑是跳不過去的,woshixiongshizaitaiwenjianle-yanguizhengzhuan/我師兄實在太穩健了_html21.html
第二十一章 臭師兄,woshixiongshizaitaiwenjianle-yanguizhengzhuan/我師兄實在太穩健了_html22.html
第二十二章 ‘助師渡劫’第一套方案,woshixiongshizaitaiwenjianle-yanguizhengzhuan/我師兄實在太穩健了_html23.html
第二十三章 被師兄安排了,woshixiongshizaitaiwenjianle-yanguizhengzhuan/我師兄實在太穩健了_html24.html
第二十四章 真仙是不可能打工的,woshixiongshizaitaiwenjianle-yanguizhengzhuan/我師兄實在太穩健了_html25.html
第二十五章 師叔飼養員,woshixiongshizaitaiwenjianle-yanguizhengzhuan/我師兄實在太穩健了_html26.html
第二十六章 《表象》,woshixiongshizaitaiwenjianle-yanguizhengzhuan/我師兄實在太穩健了_html27.html
第二十七章 哼，這區區小陣,woshixiongshizaitaiwenjianle-yanguizhengzhuan/我師兄實在太穩健了_html28.html
第二十八章 夜會‘老父親’,woshixiongshizaitaiwenjianle-yanguizhengzhuan/我師兄實在太穩健了_html29.html
第二十九章 ‘助師渡劫’第二套方案,woshixiongshizaitaiwenjianle-yanguizhengzhuan/我師兄實在太穩健了_html30.html
第三十章 《師徒》,woshixiongshizaitaiwenjianle-yanguizhengzhuan/我師兄實在太穩健了_html31.html
第三十一章 龍宮之邀,woshixiongshizaitaiwenjianle-yanguizhengzhuan/我師兄實在太穩健了_html32.html
第三十二章 我，齊源，今天就算被天劫劈死！,woshixiongshizaitaiwenjianle-yanguizhengzhuan/我師兄實在太穩健了_html33.html
第三十三章 本師伯畢竟不是什麼大惡人,woshixiongshizaitaiwenjianle-yanguizhengzhuan/我師兄實在太穩健了_html34.html
第三十四章 模擬仙生,woshixiongshizaitaiwenjianle-yanguizhengzhuan/我師兄實在太穩健了_html35.html
第三十五章 套路、反套路、反反套路,woshixiongshizaitaiwenjianle-yanguizhengzhuan/我師兄實在太穩健了_html36.html
第三十六章 折了張良計，還有過牆梯,woshixiongshizaitaiwenjianle-yanguizhengzhuan/我師兄實在太穩健了_html37.html
第三十七章 大場面，小伎倆,woshixiongshizaitaiwenjianle-yanguizhengzhuan/我師兄實在太穩健了_html38.html
第三十八章 只要足夠鎮定，就可無事發生,woshixiongshizaitaiwenjianle-yanguizhengzhuan/我師兄實在太穩健了_html39.html
第三十九章 三教，煉氣士，天劫,woshixiongshizaitaiwenjianle-yanguizhengzhuan/我師兄實在太穩健了_html40.html
第四十章 我，龍宮二太子,woshixiongshizaitaiwenjianle-yanguizhengzhuan/我師兄實在太穩健了_html41.html
第四十一章 人龍‘巔峰’對決！,woshixiongshizaitaiwenjianle-yanguizhengzhuan/我師兄實在太穩健了_html42.html
第四十二章 算計我師兄……,woshixiongshizaitaiwenjianle-yanguizhengzhuan/我師兄實在太穩健了_html43.html
第四十三章 只要臉皮夠厚,woshixiongshizaitaiwenjianle-yanguizhengzhuan/我師兄實在太穩健了_html44.html
第四十四章 師父，我師兄其實,woshixiongshizaitaiwenjianle-yanguizhengzhuan/我師兄實在太穩健了_html45.html
第四十五章 一點點，籌算封神,woshixiongshizaitaiwenjianle-yanguizhengzhuan/我師兄實在太穩健了_html46.html
第四十六章 師侄我又不是歹惡人【大章求推薦！】,woshixiongshizaitaiwenjianle-yanguizhengzhuan/我師兄實在太穩健了_html47.html
第四十七章 叛逆龍子，在線……,woshixiongshizaitaiwenjianle-yanguizhengzhuan/我師兄實在太穩健了_html48.html
第四十八章 噸噸噸噸噸,woshixiongshizaitaiwenjianle-yanguizhengzhuan/我師兄實在太穩健了_html49.html
第四十九章 我師兄這麻煩性格,woshixiongshizaitaiwenjianle-yanguizhengzhuan/我師兄實在太穩健了_html50.html
第五十章 精選渡劫之地,woshixiongshizaitaiwenjianle-yanguizhengzhuan/我師兄實在太穩健了_html51.html
第五十一章 《洗龍》,woshixiongshizaitaiwenjianle-yanguizhengzhuan/我師兄實在太穩健了_html52.html
第五十二章 感謝天劫大人百忙之中抽空來劈！,woshixiongshizaitaiwenjianle-yanguizhengzhuan/我師兄實在太穩健了_html53.html
第五十三章 天劫請再愛我一次！,woshixiongshizaitaiwenjianle-yanguizhengzhuan/我師兄實在太穩健了_html54.html
第五十四章 九霄神魔劫！,woshixiongshizaitaiwenjianle-yanguizhengzhuan/我師兄實在太穩健了_html55.html
第五十五章 師兄南海漂流記【票…票】,woshixiongshizaitaiwenjianle-yanguizhengzhuan/我師兄實在太穩健了_html56.html
第五十六章 熊氏熊寨,woshixiongshizaitaiwenjianle-yanguizhengzhuan/我師兄實在太穩健了_html57.html
第五十七章 《功德》,woshixiongshizaitaiwenjianle-yanguizhengzhuan/我師兄實在太穩健了_html58.html
第五十八章 人間處處有……套路【感謝新盟主囶莔囶支持！】,woshixiongshizaitaiwenjianle-yanguizhengzhuan/我師兄實在太穩健了_html59.html
第五十九章 熊寨強壯的秘密·僞【感謝新盟主愛愛支持！】,woshixiongshizaitaiwenjianle-yanguizhengzhuan/我師兄實在太穩健了_html60.html
第六十章 穩字經【 感謝新盟主‘師兄又去揚灰了’支持】,woshixiongshizaitaiwenjianle-yanguizhengzhuan/我師兄實在太穩健了_html61.html
第六十一章 小窮峰【感謝白銀大盟‘再三須重事’的猛烈支持！】,woshixiongshizaitaiwenjianle-yanguizhengzhuan/我師兄實在太穩健了_html62.html
第六十二章 人教首徒真難做,woshixiongshizaitaiwenjianle-yanguizhengzhuan/我師兄實在太穩健了_html63.html
第六十三章 少一些套路，多一些真誠,woshixiongshizaitaiwenjianle-yanguizhengzhuan/我師兄實在太穩健了_html64.html
第六十四章 在毒道上撒歡前行,woshixiongshizaitaiwenjianle-yanguizhengzhuan/我師兄實在太穩健了_html65.html
第六十五章 我，師妹，這波測試最少優秀！,woshixiongshizaitaiwenjianle-yanguizhengzhuan/我師兄實在太穩健了_html66.html
第六十六章 原來是你在搞鬼,woshixiongshizaitaiwenjianle-yanguizhengzhuan/我師兄實在太穩健了_html67.html
第六十七章 知我者，長壽矣！,woshixiongshizaitaiwenjianle-yanguizhengzhuan/我師兄實在太穩健了_html68.html
第六十八章 魔改神通初體驗,woshixiongshizaitaiwenjianle-yanguizhengzhuan/我師兄實在太穩健了_html69.html
第六十九章 別逼我拔劍！【票…票】,woshixiongshizaitaiwenjianle-yanguizhengzhuan/我師兄實在太穩健了_html70.html
第七十章 這是，什麼路子？,woshixiongshizaitaiwenjianle-yanguizhengzhuan/我師兄實在太穩健了_html71.html
第七十一章 我，敖乙……不長了【求推薦票】,woshixiongshizaitaiwenjianle-yanguizhengzhuan/我師兄實在太穩健了_html72.html
第七十二章 放心，這次絕對打不起來,woshixiongshizaitaiwenjianle-yanguizhengzhuan/我師兄實在太穩健了_html73.html
第七十三章 仙識一掃，半聲臥…,woshixiongshizaitaiwenjianle-yanguizhengzhuan/我師兄實在太穩健了_html74.html
第七十四章 我攤牌了！,woshixiongshizaitaiwenjianle-yanguizhengzhuan/我師兄實在太穩健了_html75.html
第七十五章 穩中求勝·第一式,woshixiongshizaitaiwenjianle-yanguizhengzhuan/我師兄實在太穩健了_html76.html
第七十六章 驚妹之謎！【感謝新盟主‘覆盆子酸奶’支持！】,woshixiongshizaitaiwenjianle-yanguizhengzhuan/我師兄實在太穩健了_html77.html
第七十七章 老身，有禮了,woshixiongshizaitaiwenjianle-yanguizhengzhuan/我師兄實在太穩健了_html78.html
第七十八章 道藏內殿准入令！【票~票】,woshixiongshizaitaiwenjianle-yanguizhengzhuan/我師兄實在太穩健了_html79.html
第七十九章 得償所願，酒娘破關,woshixiongshizaitaiwenjianle-yanguizhengzhuan/我師兄實在太穩健了_html80.html
第八十章 元澤：此事定可功成！,woshixiongshizaitaiwenjianle-yanguizhengzhuan/我師兄實在太穩健了_html81.html
第八十一章 一隻瓷瓶引發的……,woshixiongshizaitaiwenjianle-yanguizhengzhuan/我師兄實在太穩健了_html82.html
第八十二章 《備戰》【五千字大章求票】,woshixiongshizaitaiwenjianle-yanguizhengzhuan/我師兄實在太穩健了_html83.html
第八十三章 毒毒聯手,woshixiongshizaitaiwenjianle-yanguizhengzhuan/我師兄實在太穩健了_html84.html
第八十四章 長壽，你說怎麼辦,woshixiongshizaitaiwenjianle-yanguizhengzhuan/我師兄實在太穩健了_html85.html
第八十五章 滅蚊之計在於……,woshixiongshizaitaiwenjianle-yanguizhengzhuan/我師兄實在太穩健了_html86.html
第八十六章 假如我是偷襲者……,woshixiongshizaitaiwenjianle-yanguizhengzhuan/我師兄實在太穩健了_html87.html
單章：關於上架日期，以及給讀者老爺們的幾句心裡話,woshixiongshizaitaiwenjianle-yanguizhengzhuan/我師兄實在太穩健了_html88.html
第八十七章 毒陣戰，嘿，毒陣戰！【求推薦票】,woshixiongshizaitaiwenjianle-yanguizhengzhuan/我師兄實在太穩健了_html89.html
第八十八章 新贈殯葬服務,woshixiongshizaitaiwenjianle-yanguizhengzhuan/我師兄實在太穩健了_html90.html
第八十九章 快去請……,woshixiongshizaitaiwenjianle-yanguizhengzhuan/我師兄實在太穩健了_html91.html
第九十章 哭，也是門技術活,woshixiongshizaitaiwenjianle-yanguizhengzhuan/我師兄實在太穩健了_html92.html
第九十一章 紙軍禿擊！【求推薦票】,woshixiongshizaitaiwenjianle-yanguizhengzhuan/我師兄實在太穩健了_html93.html
第九十二章 “你過來啊！”,woshixiongshizaitaiwenjianle-yanguizhengzhuan/我師兄實在太穩健了_html94.html
第九十三章 小瓊火葬場開業大酬賓,woshixiongshizaitaiwenjianle-yanguizhengzhuan/我師兄實在太穩健了_html95.html
第九十四章 《求穩》,woshixiongshizaitaiwenjianle-yanguizhengzhuan/我師兄實在太穩健了_html96.html
一篇正經的上架感言,woshixiongshizaitaiwenjianle-yanguizhengzhuan/我師兄實在太穩健了_html97.html
第九十五章 一點點底牌（求票求訂閱）,woshixiongshizaitaiwenjianle-yanguizhengzhuan/我師兄實在太穩健了_html98.html
第九十六章 《嚇蚊》,woshixiongshizaitaiwenjianle-yanguizhengzhuan/我師兄實在太穩健了_html99.html
第九十七章 大腿本腿（求票求訂閱）,woshixiongshizaitaiwenjianle-yanguizhengzhuan/我師兄實在太穩健了_html100.html
第九十八章 汝弟子，吾善待之【兩萬二首訂加更】,woshixiongshizaitaiwenjianle-yanguizhengzhuan/我師兄實在太穩健了_html101.html
第九十九章 ‘野’神的憂慮（三千月票加更！）,woshixiongshizaitaiwenjianle-yanguizhengzhuan/我師兄實在太穩健了_html102.html
第一百章 男人就該對自己……,woshixiongshizaitaiwenjianle-yanguizhengzhuan/我師兄實在太穩健了_html103.html
單章：更新時間,woshixiongshizaitaiwenjianle-yanguizhengzhuan/我師兄實在太穩健了_html104.html
第一百零一章 窮的誕生,woshixiongshizaitaiwenjianle-yanguizhengzhuan/我師兄實在太穩健了_html105.html
第一百零二章 你根本不懂海神！,woshixiongshizaitaiwenjianle-yanguizhengzhuan/我師兄實在太穩健了_html106.html
第一百零三章 自毀神教第一戰【加更·補】,woshixiongshizaitaiwenjianle-yanguizhengzhuan/我師兄實在太穩健了_html107.html
第一百零四章 這劇本有點不對,woshixiongshizaitaiwenjianle-yanguizhengzhuan/我師兄實在太穩健了_html108.html
第一百零五章 熊寨強壯的秘密·真【求票】,woshixiongshizaitaiwenjianle-yanguizhengzhuan/我師兄實在太穩健了_html109.html
第一百零六章 把握不大李長壽,woshixiongshizaitaiwenjianle-yanguizhengzhuan/我師兄實在太穩健了_html110.html
第一百零七章 忽忽悠悠龍瘸了【大章求票】,woshixiongshizaitaiwenjianle-yanguizhengzhuan/我師兄實在太穩健了_html111.html
第一百零八章 功德我拿，鍋你們背,woshixiongshizaitaiwenjianle-yanguizhengzhuan/我師兄實在太穩健了_html112.html
第一百零九章 師兄一笑,woshixiongshizaitaiwenjianle-yanguizhengzhuan/我師兄實在太穩健了_html113.html
第一百一十章 道友，您聽說過……,woshixiongshizaitaiwenjianle-yanguizhengzhuan/我師兄實在太穩健了_html114.html
第一百一十一章 煉氣士是不可能逛花樓的,woshixiongshizaitaiwenjianle-yanguizhengzhuan/我師兄實在太穩健了_html115.html
第一百一十二章 論場地對揚灰手感的影響,woshixiongshizaitaiwenjianle-yanguizhengzhuan/我師兄實在太穩健了_html116.html
第一百一十三章 專克一切魅惑神通！,woshixiongshizaitaiwenjianle-yanguizhengzhuan/我師兄實在太穩健了_html117.html
第一百一十四章 欺師元兇,woshixiongshizaitaiwenjianle-yanguizhengzhuan/我師兄實在太穩健了_html118.html
第一百一十五章 道友，路走窄了【大章求票】,woshixiongshizaitaiwenjianle-yanguizhengzhuan/我師兄實在太穩健了_html119.html
第一百一十六章 以彼之道，加倍還施彼身,woshixiongshizaitaiwenjianle-yanguizhengzhuan/我師兄實在太穩健了_html120.html
第一百一十七章 唉，感情破裂了,woshixiongshizaitaiwenjianle-yanguizhengzhuan/我師兄實在太穩健了_html121.html
第一百一十八章 小瓊峰特產雄心丹,woshixiongshizaitaiwenjianle-yanguizhengzhuan/我師兄實在太穩健了_html122.html
第一百一十九章 大比開鑼，二教主助威,woshixiongshizaitaiwenjianle-yanguizhengzhuan/我師兄實在太穩健了_html123.html
第一百二十章 真是一場勢均力敵之戰【求票】,woshixiongshizaitaiwenjianle-yanguizhengzhuan/我師兄實在太穩健了_html124.html
第一百二十一章 戰勝恐懼的唯一辦法,woshixiongshizaitaiwenjianle-yanguizhengzhuan/我師兄實在太穩健了_html125.html
第一百二十二章 海神廟內白衣男,woshixiongshizaitaiwenjianle-yanguizhengzhuan/我師兄實在太穩健了_html126.html
第一百二十三章 知吾心意者，南海海神矣【票…票】,woshixiongshizaitaiwenjianle-yanguizhengzhuan/我師兄實在太穩健了_html127.html
附：《諫言十二策》,woshixiongshizaitaiwenjianle-yanguizhengzhuan/我師兄實在太穩健了_html128.html
第一百二十四章 修道‘鬼才’藍靈娥,woshixiongshizaitaiwenjianle-yanguizhengzhuan/我師兄實在太穩健了_html129.html
第一百二十五章 度仙門必遊景點,woshixiongshizaitaiwenjianle-yanguizhengzhuan/我師兄實在太穩健了_html130.html
第一百二十六章 學到了，學到了【加更求票】,woshixiongshizaitaiwenjianle-yanguizhengzhuan/我師兄實在太穩健了_html131.html
第一百二十七章 壽的臨別贈禮,woshixiongshizaitaiwenjianle-yanguizhengzhuan/我師兄實在太穩健了_html132.html
第一百二十八章 師兄一‘怒’,woshixiongshizaitaiwenjianle-yanguizhengzhuan/我師兄實在太穩健了_html133.html
第一百二十九章 仙識毒丹：心火燒,woshixiongshizaitaiwenjianle-yanguizhengzhuan/我師兄實在太穩健了_html134.html
第一百三十章 師父，弟子盡力了,woshixiongshizaitaiwenjianle-yanguizhengzhuan/我師兄實在太穩健了_html135.html
第一百三十一章 你，本來就很俊,woshixiongshizaitaiwenjianle-yanguizhengzhuan/我師兄實在太穩健了_html136.html
第一百三十二章 真假小藥丸【求票】,woshixiongshizaitaiwenjianle-yanguizhengzhuan/我師兄實在太穩健了_html137.html
第一百三十三章 小瓊峰流浪計劃,woshixiongshizaitaiwenjianle-yanguizhengzhuan/我師兄實在太穩健了_html138.html
第一百三十四章 我…有一個道友,woshixiongshizaitaiwenjianle-yanguizhengzhuan/我師兄實在太穩健了_html139.html
第一百三十五章 瞎蛙碰上死蚊子,woshixiongshizaitaiwenjianle-yanguizhengzhuan/我師兄實在太穩健了_html140.html
第一百三十六章 噹啷個噹【大章求票】,woshixiongshizaitaiwenjianle-yanguizhengzhuan/我師兄實在太穩健了_html141.html
第一百三十七章 南洲啓小戰，長壽拜聖像,woshixiongshizaitaiwenjianle-yanguizhengzhuan/我師兄實在太穩健了_html142.html
第一百三十八章 人教第二大腿！,woshixiongshizaitaiwenjianle-yanguizhengzhuan/我師兄實在太穩健了_html143.html
第一百三十九章 大法師之訓誡,woshixiongshizaitaiwenjianle-yanguizhengzhuan/我師兄實在太穩健了_html144.html
第一百四十章 一石驚羣鳥,woshixiongshizaitaiwenjianle-yanguizhengzhuan/我師兄實在太穩健了_html145.html
第一百四十一章 長庚道人,woshixiongshizaitaiwenjianle-yanguizhengzhuan/我師兄實在太穩健了_html146.html
第一百四十二章 天上掉下個……,woshixiongshizaitaiwenjianle-yanguizhengzhuan/我師兄實在太穩健了_html147.html
第一百四十三章 小瓊我林‘哥’,woshixiongshizaitaiwenjianle-yanguizhengzhuan/我師兄實在太穩健了_html148.html
第一百四十四章 唯有小師叔纔可戰勝小師叔！,woshixiongshizaitaiwenjianle-yanguizhengzhuan/我師兄實在太穩健了_html149.html
第一百四十五章 穩門四書之《海神兵錄》毛皮版,woshixiongshizaitaiwenjianle-yanguizhengzhuan/我師兄實在太穩健了_html150.html
第一百四十六章 這徒孫……【大章求票】,woshixiongshizaitaiwenjianle-yanguizhengzhuan/我師兄實在太穩健了_html151.html
第一百四十七章 我和財神有個約,woshixiongshizaitaiwenjianle-yanguizhengzhuan/我師兄實在太穩健了_html152.html
第一百四十八章 義薄雲天趙大爺,woshixiongshizaitaiwenjianle-yanguizhengzhuan/我師兄實在太穩健了_html153.html
第一百四十九章 洪荒首場規範碰瓷,woshixiongshizaitaiwenjianle-yanguizhengzhuan/我師兄實在太穩健了_html154.html
第一百五十章 師兄再授業，將傳穩中法,woshixiongshizaitaiwenjianle-yanguizhengzhuan/我師兄實在太穩健了_html155.html
第一百五十一章 小瓊峰上小課堂【求票】,woshixiongshizaitaiwenjianle-yanguizhengzhuan/我師兄實在太穩健了_html156.html
第一百五十二章 《裝傷》——從入門到放棄,woshixiongshizaitaiwenjianle-yanguizhengzhuan/我師兄實在太穩健了_html157.html
第一百五十三章 天仙級紙道人的誕生,woshixiongshizaitaiwenjianle-yanguizhengzhuan/我師兄實在太穩健了_html158.html
第一百五十四章 善用法寶人者……,woshixiongshizaitaiwenjianle-yanguizhengzhuan/我師兄實在太穩健了_html159.html
第一百五十五章 出發在即，靈娥託兄,woshixiongshizaitaiwenjianle-yanguizhengzhuan/我師兄實在太穩健了_html160.html
第一百五十六章 長庚第一奏,woshixiongshizaitaiwenjianle-yanguizhengzhuan/我師兄實在太穩健了_html161.html
第一百五十七章 功德小坎肩,woshixiongshizaitaiwenjianle-yanguizhengzhuan/我師兄實在太穩健了_html162.html
第一百五十八章 海神咋在這？,woshixiongshizaitaiwenjianle-yanguizhengzhuan/我師兄實在太穩健了_html163.html
第一百五十九章 小熊熊拜師記,woshixiongshizaitaiwenjianle-yanguizhengzhuan/我師兄實在太穩健了_html164.html
第一百六十章 三教齊聚，玉符搖人,woshixiongshizaitaiwenjianle-yanguizhengzhuan/我師兄實在太穩健了_html165.html
第一百六十一章 江山小社稷圖,woshixiongshizaitaiwenjianle-yanguizhengzhuan/我師兄實在太穩健了_html166.html
第一百六十二章 熊人在明壽在暗,woshixiongshizaitaiwenjianle-yanguizhengzhuan/我師兄實在太穩健了_html167.html
第一百六十三章 人教高階測試,woshixiongshizaitaiwenjianle-yanguizhengzhuan/我師兄實在太穩健了_html168.html
第一百六十四章 壽的反向教學,woshixiongshizaitaiwenjianle-yanguizhengzhuan/我師兄實在太穩健了_html169.html
第一百六十五章 法爺鳥籠的洪荒揚名之路,woshixiongshizaitaiwenjianle-yanguizhengzhuan/我師兄實在太穩健了_html170.html
第一百六十六章 看我眼色行事,woshixiongshizaitaiwenjianle-yanguizhengzhuan/我師兄實在太穩健了_html171.html
第一百六十七章 你覺得我可能虧了，但…,woshixiongshizaitaiwenjianle-yanguizhengzhuan/我師兄實在太穩健了_html172.html
第一百六十八章 《碰瓷》·瓊霄進階版,woshixiongshizaitaiwenjianle-yanguizhengzhuan/我師兄實在太穩健了_html173.html
第一百六十九章 洪荒太複雜，道路阻且滑,woshixiongshizaitaiwenjianle-yanguizhengzhuan/我師兄實在太穩健了_html174.html
第一百七十章 要不，大法師您立個誓…,woshixiongshizaitaiwenjianle-yanguizhengzhuan/我師兄實在太穩健了_html175.html
單章：年終總結（附第170章劇情簡單答疑）,woshixiongshizaitaiwenjianle-yanguizhengzhuan/我師兄實在太穩健了_html176.html
第一百七十一章 普通鬥法模式,woshixiongshizaitaiwenjianle-yanguizhengzhuan/我師兄實在太穩健了_html177.html
第一百七十二章 唉，金仙確實難殺,woshixiongshizaitaiwenjianle-yanguizhengzhuan/我師兄實在太穩健了_html178.html
第一百七十三章 持證上崗小法師,woshixiongshizaitaiwenjianle-yanguizhengzhuan/我師兄實在太穩健了_html179.html
第一百七十四章 深海里犯了錯~,woshixiongshizaitaiwenjianle-yanguizhengzhuan/我師兄實在太穩健了_html180.html
第一百七十五章 神通：撒豆成兵！,woshixiongshizaitaiwenjianle-yanguizhengzhuan/我師兄實在太穩健了_html181.html
第一百七十六章 陰差陽也錯,woshixiongshizaitaiwenjianle-yanguizhengzhuan/我師兄實在太穩健了_html182.html
第一百七十七章 狠人與狠人與穩,woshixiongshizaitaiwenjianle-yanguizhengzhuan/我師兄實在太穩健了_html183.html
第一百七十八章 壽的層層套路,woshixiongshizaitaiwenjianle-yanguizhengzhuan/我師兄實在太穩健了_html184.html
第一百七十九章 最怕陌生人突然關心,woshixiongshizaitaiwenjianle-yanguizhengzhuan/我師兄實在太穩健了_html185.html
第一百八十章 道門大運，再續億秒！,woshixiongshizaitaiwenjianle-yanguizhengzhuan/我師兄實在太穩健了_html186.html
第一百八十一章 洪荒整風一小步,woshixiongshizaitaiwenjianle-yanguizhengzhuan/我師兄實在太穩健了_html187.html
第一百八十二章 壽門弄演,woshixiongshizaitaiwenjianle-yanguizhengzhuan/我師兄實在太穩健了_html188.html
第一百八十三章 對碰瓷，勇敢說不！,woshixiongshizaitaiwenjianle-yanguizhengzhuan/我師兄實在太穩健了_html189.html
第一百八十四章 大能的事，能說怕嗎？,woshixiongshizaitaiwenjianle-yanguizhengzhuan/我師兄實在太穩健了_html190.html
第一百八十五章 師妹做不到啊！【票…票】,woshixiongshizaitaiwenjianle-yanguizhengzhuan/我師兄實在太穩健了_html191.html
第一百八十六章 答案不可能這麼簡單！,woshixiongshizaitaiwenjianle-yanguizhengzhuan/我師兄實在太穩健了_html192.html
第一百八十七章 坑壽的厚禮,woshixiongshizaitaiwenjianle-yanguizhengzhuan/我師兄實在太穩健了_html193.html
第一百八十八章 明白了，全明白了！,woshixiongshizaitaiwenjianle-yanguizhengzhuan/我師兄實在太穩健了_html194.html
第一百八十九章 《背影》,woshixiongshizaitaiwenjianle-yanguizhengzhuan/我師兄實在太穩健了_html195.html
第一百九十章 候選法寶人,woshixiongshizaitaiwenjianle-yanguizhengzhuan/我師兄實在太穩健了_html196.html
第一百九十一章 不魔改就莫得靈魂,woshixiongshizaitaiwenjianle-yanguizhengzhuan/我師兄實在太穩健了_html197.html
第一百九十二章 不可以貌取…豆,woshixiongshizaitaiwenjianle-yanguizhengzhuan/我師兄實在太穩健了_html198.html
第一百九十三章 來趄了,woshixiongshizaitaiwenjianle-yanguizhengzhuan/我師兄實在太穩健了_html199.html
第一百九十四章 感性月老，在線護壽,woshixiongshizaitaiwenjianle-yanguizhengzhuan/我師兄實在太穩健了_html200.html
第一百九十五章 瓷海無邊,woshixiongshizaitaiwenjianle-yanguizhengzhuan/我師兄實在太穩健了_html201.html
第一百九十六章 憋說話，吻鵝,woshixiongshizaitaiwenjianle-yanguizhengzhuan/我師兄實在太穩健了_html202.html
第一百九十七章 窮兇極惡的良心,woshixiongshizaitaiwenjianle-yanguizhengzhuan/我師兄實在太穩健了_html203.html
第一百九十八章 我，敖乙，絕不可能女…,woshixiongshizaitaiwenjianle-yanguizhengzhuan/我師兄實在太穩健了_html204.html
第一百九十九章 敢問樂兒仙子芳名！,woshixiongshizaitaiwenjianle-yanguizhengzhuan/我師兄實在太穩健了_html205.html
第二百章 悲傷，那麼大,woshixiongshizaitaiwenjianle-yanguizhengzhuan/我師兄實在太穩健了_html206.html
第二百零一章 自古多情空餘恨，此恨…,woshixiongshizaitaiwenjianle-yanguizhengzhuan/我師兄實在太穩健了_html207.html
第二百零二章 低調中，蘊含着一絲絲奢華,woshixiongshizaitaiwenjianle-yanguizhengzhuan/我師兄實在太穩健了_html208.html
第二百零三章 山壽自有妙計,woshixiongshizaitaiwenjianle-yanguizhengzhuan/我師兄實在太穩健了_html209.html
第二百零四章 師祖，只能幫你到這了,woshixiongshizaitaiwenjianle-yanguizhengzhuan/我師兄實在太穩健了_html210.html
第二百零五章 沒人能在這個領域擊敗貧道！,woshixiongshizaitaiwenjianle-yanguizhengzhuan/我師兄實在太穩健了_html211.html
第二百零六章 大道誓言，一鍵五連,woshixiongshizaitaiwenjianle-yanguizhengzhuan/我師兄實在太穩健了_html212.html
第二百零七章 這事，公明幫定了！,woshixiongshizaitaiwenjianle-yanguizhengzhuan/我師兄實在太穩健了_html213.html
第二百零八章 仙豆兵?超進化【求票】,woshixiongshizaitaiwenjianle-yanguizhengzhuan/我師兄實在太穩健了_html214.html
第二百零九章 善安排者，終被…,woshixiongshizaitaiwenjianle-yanguizhengzhuan/我師兄實在太穩健了_html215.html
第二百一十章 從導演，到觀衆,woshixiongshizaitaiwenjianle-yanguizhengzhuan/我師兄實在太穩健了_html216.html
第二百一十一章 就特麼你叫卞莊啊！,woshixiongshizaitaiwenjianle-yanguizhengzhuan/我師兄實在太穩健了_html217.html
第二百一十二章 ‘笑而不語’,woshixiongshizaitaiwenjianle-yanguizhengzhuan/我師兄實在太穩健了_html218.html
第二百一十三章 劫起南海，黃雀未定！,woshixiongshizaitaiwenjianle-yanguizhengzhuan/我師兄實在太穩健了_html219.html
第二百一十四章 穩字十二謀之偷天換日,woshixiongshizaitaiwenjianle-yanguizhengzhuan/我師兄實在太穩健了_html220.html
第二百一十五章 大法師，您看那是誰～,woshixiongshizaitaiwenjianle-yanguizhengzhuan/我師兄實在太穩健了_html221.html
第二百一十六章 甚至，我們還準備了出場音樂,woshixiongshizaitaiwenjianle-yanguizhengzhuan/我師兄實在太穩健了_html222.html
第二百一十七章 表面四萬，實際…,woshixiongshizaitaiwenjianle-yanguizhengzhuan/我師兄實在太穩健了_html223.html
第二百一十八章 九轉丹入底牌庫！,woshixiongshizaitaiwenjianle-yanguizhengzhuan/我師兄實在太穩健了_html224.html
第二百一十九章 誰還沒罵過玉帝？,woshixiongshizaitaiwenjianle-yanguizhengzhuan/我師兄實在太穩健了_html225.html
第二百二十章 一劑猛藥,woshixiongshizaitaiwenjianle-yanguizhengzhuan/我師兄實在太穩健了_html226.html
第二百二十一章 天道迷惑行爲小賞,woshixiongshizaitaiwenjianle-yanguizhengzhuan/我師兄實在太穩健了_html227.html
第二百二十二章 《嘿嘿》,woshixiongshizaitaiwenjianle-yanguizhengzhuan/我師兄實在太穩健了_html228.html
第二百二十三章 你們要找的是海神，關我…,woshixiongshizaitaiwenjianle-yanguizhengzhuan/我師兄實在太穩健了_html229.html
第二百二十四章 壽之毒舌初體驗,woshixiongshizaitaiwenjianle-yanguizhengzhuan/我師兄實在太穩健了_html230.html
第二百二十五章 我富貴兒不配擁有道侶！,woshixiongshizaitaiwenjianle-yanguizhengzhuan/我師兄實在太穩健了_html231.html
第二百二十六章 風 評 被 害,woshixiongshizaitaiwenjianle-yanguizhengzhuan/我師兄實在太穩健了_html232.html
第二百二十七章 趙大爺的……迷妹？,woshixiongshizaitaiwenjianle-yanguizhengzhuan/我師兄實在太穩健了_html233.html
第二百二十八章 被盯之壽,woshixiongshizaitaiwenjianle-yanguizhengzhuan/我師兄實在太穩健了_html234.html
第二百二十九章 狡兔三···窟,woshixiongshizaitaiwenjianle-yanguizhengzhuan/我師兄實在太穩健了_html235.html
第二百三十章 要做一個出色的女王大人喲,woshixiongshizaitaiwenjianle-yanguizhengzhuan/我師兄實在太穩健了_html236.html
第二百三十一章 天劫熱,woshixiongshizaitaiwenjianle-yanguizhengzhuan/我師兄實在太穩健了_html237.html
第二百三十二章 道友，你聽說過南海海神嗎（貮）,woshixiongshizaitaiwenjianle-yanguizhengzhuan/我師兄實在太穩健了_html238.html
第二百三十三章 度（人）仙（教）小月老【求票~】,woshixiongshizaitaiwenjianle-yanguizhengzhuan/我師兄實在太穩健了_html239.html
拜年帖（閱後即焚）,woshixiongshizaitaiwenjianle-yanguizhengzhuan/我師兄實在太穩健了_html240.html
第二百三十四章 令壽脫髮,woshixiongshizaitaiwenjianle-yanguizhengzhuan/我師兄實在太穩健了_html241.html
第二百三十五章 怪他…過分主動,woshixiongshizaitaiwenjianle-yanguizhengzhuan/我師兄實在太穩健了_html242.html
第二百三十六章 前方到站，幽冥東,woshixiongshizaitaiwenjianle-yanguizhengzhuan/我師兄實在太穩健了_html243.html
第二百三十七章 小鬼難纏,woshixiongshizaitaiwenjianle-yanguizhengzhuan/我師兄實在太穩健了_html244.html
第二百三十八章 壽之基操小套路,woshixiongshizaitaiwenjianle-yanguizhengzhuan/我師兄實在太穩健了_html245.html
第二百三十九章 營救師伯樹！,woshixiongshizaitaiwenjianle-yanguizhengzhuan/我師兄實在太穩健了_html246.html
第二百四十章 傳 統 藝 能,woshixiongshizaitaiwenjianle-yanguizhengzhuan/我師兄實在太穩健了_html247.html
第二百四十一章 小瓊峰上添新口,woshixiongshizaitaiwenjianle-yanguizhengzhuan/我師兄實在太穩健了_html248.html
第二百四十二章 天庭 玉帝 現狀,woshixiongshizaitaiwenjianle-yanguizhengzhuan/我師兄實在太穩健了_html249.html
第二百四十三章 我的一個玉帝朋友（補更）,woshixiongshizaitaiwenjianle-yanguizhengzhuan/我師兄實在太穩健了_html250.html
第二百四十四章 即將上天！,woshixiongshizaitaiwenjianle-yanguizhengzhuan/我師兄實在太穩健了_html251.html
第二百四十五章 不愧是你,woshixiongshizaitaiwenjianle-yanguizhengzhuan/我師兄實在太穩健了_html252.html
第二百四十六章 以前吹過的牛，今天…,woshixiongshizaitaiwenjianle-yanguizhengzhuan/我師兄實在太穩健了_html253.html
第二百四十七章 洪荒娛樂新形式,woshixiongshizaitaiwenjianle-yanguizhengzhuan/我師兄實在太穩健了_html254.html
第二百四十八章 封！賞！正神之位！,woshixiongshizaitaiwenjianle-yanguizhengzhuan/我師兄實在太穩健了_html255.html
第二百四十九章 折現行不行？,woshixiongshizaitaiwenjianle-yanguizhengzhuan/我師兄實在太穩健了_html256.html
第二百五十章 人 教 傳 統 藝 能,woshixiongshizaitaiwenjianle-yanguizhengzhuan/我師兄實在太穩健了_html257.html
第二百五十一章 是個好人,woshixiongshizaitaiwenjianle-yanguizhengzhuan/我師兄實在太穩健了_html258.html
第二百五十二章 也就普通權臣待遇【求票！】,woshixiongshizaitaiwenjianle-yanguizhengzhuan/我師兄實在太穩健了_html259.html
第二百五十三章 治療昏睡的唯一辦法,woshixiongshizaitaiwenjianle-yanguizhengzhuan/我師兄實在太穩健了_html260.html
第二百五十四章 人教六小杰,woshixiongshizaitaiwenjianle-yanguizhengzhuan/我師兄實在太穩健了_html261.html
第二百五十五章 還是原來的配方，還是熟悉的味道,woshixiongshizaitaiwenjianle-yanguizhengzhuan/我師兄實在太穩健了_html262.html
第二百五十六章 套路現場教學,woshixiongshizaitaiwenjianle-yanguizhengzhuan/我師兄實在太穩健了_html263.html
第二百五十七章 送師伯…上路,woshixiongshizaitaiwenjianle-yanguizhengzhuan/我師兄實在太穩健了_html264.html
第二百五十八章 投胎貴賓通道,woshixiongshizaitaiwenjianle-yanguizhengzhuan/我師兄實在太穩健了_html265.html
第二百五十九章 金仙劫倒計時！,woshixiongshizaitaiwenjianle-yanguizhengzhuan/我師兄實在太穩健了_html266.html
第二百六十章 精選渡劫之地（貳）,woshixiongshizaitaiwenjianle-yanguizhengzhuan/我師兄實在太穩健了_html267.html
第二百六十一章 這次 確定 渡劫？,woshixiongshizaitaiwenjianle-yanguizhengzhuan/我師兄實在太穩健了_html268.html
第二百六十二章 字少事大萬靈劫！【大章求票】,woshixiongshizaitaiwenjianle-yanguizhengzhuan/我師兄實在太穩健了_html269.html
第二百六十三章 壽的最強神通！,woshixiongshizaitaiwenjianle-yanguizhengzhuan/我師兄實在太穩健了_html270.html
第二百六十四章 真的，攔都攔不住,woshixiongshizaitaiwenjianle-yanguizhengzhuan/我師兄實在太穩健了_html271.html
第二百六十五章 總有些事難以理解,woshixiongshizaitaiwenjianle-yanguizhengzhuan/我師兄實在太穩健了_html272.html
第二百六十六章 你看這個坑它又大又深,woshixiongshizaitaiwenjianle-yanguizhengzhuan/我師兄實在太穩健了_html273.html
第二百六十七章 保重了，老夥計們,woshixiongshizaitaiwenjianle-yanguizhengzhuan/我師兄實在太穩健了_html274.html
第三百六十八章 洪荒第一場…選秀,woshixiongshizaitaiwenjianle-yanguizhengzhuan/我師兄實在太穩健了_html275.html
第二百六十九章 硬懟是不可能硬懟的,woshixiongshizaitaiwenjianle-yanguizhengzhuan/我師兄實在太穩健了_html276.html
第二百七十章 初‘戰’燃燈,woshixiongshizaitaiwenjianle-yanguizhengzhuan/我師兄實在太穩健了_html277.html
第二百七十一章 我需要充實自己！,woshixiongshizaitaiwenjianle-yanguizhengzhuan/我師兄實在太穩健了_html278.html
第二百七十二章 師父，您看這邊…,woshixiongshizaitaiwenjianle-yanguizhengzhuan/我師兄實在太穩健了_html279.html
第二百七十三章 護壽使者,woshixiongshizaitaiwenjianle-yanguizhengzhuan/我師兄實在太穩健了_html280.html
第二百七十四章 調料，纔是男人的浪漫！,woshixiongshizaitaiwenjianle-yanguizhengzhuan/我師兄實在太穩健了_html281.html
第二百七十五章 上奏凌霄殿，日天親出征！,woshixiongshizaitaiwenjianle-yanguizhengzhuan/我師兄實在太穩健了_html282.html
第二百七十六章 帥哥你哪位？,woshixiongshizaitaiwenjianle-yanguizhengzhuan/我師兄實在太穩健了_html283.html
第二百七十七章 意外炸出的大魚,woshixiongshizaitaiwenjianle-yanguizhengzhuan/我師兄實在太穩健了_html284.html
第二百七十八章 對 詩 之 王,woshixiongshizaitaiwenjianle-yanguizhengzhuan/我師兄實在太穩健了_html285.html
第二百七十九章 白衣天帝起殺心,woshixiongshizaitaiwenjianle-yanguizhengzhuan/我師兄實在太穩健了_html286.html
單章：關於《師兄》的故事背景答疑,woshixiongshizaitaiwenjianle-yanguizhengzhuan/我師兄實在太穩健了_html287.html
第二百八十章 一切都是…的選擇,woshixiongshizaitaiwenjianle-yanguizhengzhuan/我師兄實在太穩健了_html288.html
第二百八十一章 有心尋寶無所得，無心插柳事大了,woshixiongshizaitaiwenjianle-yanguizhengzhuan/我師兄實在太穩健了_html289.html
第二百八十二章 壽……壽兒,woshixiongshizaitaiwenjianle-yanguizhengzhuan/我師兄實在太穩健了_html290.html
第二百八十三章 啊，是寂寞啊……,woshixiongshizaitaiwenjianle-yanguizhengzhuan/我師兄實在太穩健了_html291.html
單章：最近兩章劇情答疑(閱後即焚）,woshixiongshizaitaiwenjianle-yanguizhengzhuan/我師兄實在太穩健了_html292.html
（重新發）單章：前兩章劇情答疑,woshixiongshizaitaiwenjianle-yanguizhengzhuan/我師兄實在太穩健了_html293.html
第二百八十四章 初探火雲洞，雪狐問本心,woshixiongshizaitaiwenjianle-yanguizhengzhuan/我師兄實在太穩健了_html294.html
第二百八十五章 關愛退休人皇的和諧生活,woshixiongshizaitaiwenjianle-yanguizhengzhuan/我師兄實在太穩健了_html295.html
第二百八十六章 不拿就是不給我面子嘍,woshixiongshizaitaiwenjianle-yanguizhengzhuan/我師兄實在太穩健了_html296.html
第二百八十七章 多謝前輩！,woshixiongshizaitaiwenjianle-yanguizhengzhuan/我師兄實在太穩健了_html297.html
第二百八十八章 漫漫仙研路，步步靈爆生,woshixiongshizaitaiwenjianle-yanguizhengzhuan/我師兄實在太穩健了_html298.html
第二百八十九章 你見過洪荒丑時……會拐彎的天罰神雷嗎？,woshixiongshizaitaiwenjianle-yanguizhengzhuan/我師兄實在太穩健了_html299.html
第二百九十章 寶未出世，大佬先來,woshixiongshizaitaiwenjianle-yanguizhengzhuan/我師兄實在太穩健了_html300.html
第二百九十一章 誰還沒點個人癖好了！,woshixiongshizaitaiwenjianle-yanguizhengzhuan/我師兄實在太穩健了_html301.html
第二百九十二章 落寶銅錢！,woshixiongshizaitaiwenjianle-yanguizhengzhuan/我師兄實在太穩健了_html302.html
第二百九十三章 又得五行珠，多寶碰燃燈,woshixiongshizaitaiwenjianle-yanguizhengzhuan/我師兄實在太穩健了_html303.html
第二百九十四章 雲霄三問退燃燈,woshixiongshizaitaiwenjianle-yanguizhengzhuan/我師兄實在太穩健了_html304.html
第二百九十五章 星夜送萬里，靈娥將渡劫,woshixiongshizaitaiwenjianle-yanguizhengzhuan/我師兄實在太穩健了_html305.html
第二百九十六章 九天素靈劫！,woshixiongshizaitaiwenjianle-yanguizhengzhuan/我師兄實在太穩健了_html306.html
第二百九十七章 師兄，我一定…,woshixiongshizaitaiwenjianle-yanguizhengzhuan/我師兄實在太穩健了_html307.html
第二百九十八章 長庚奉旨戲黑豹,woshixiongshizaitaiwenjianle-yanguizhengzhuan/我師兄實在太穩健了_html308.html
第二百九十九章 秘 密 底 牌,woshixiongshizaitaiwenjianle-yanguizhengzhuan/我師兄實在太穩健了_html309.html
第三百章 帶着玉帝去釣‘魚’,woshixiongshizaitaiwenjianle-yanguizhengzhuan/我師兄實在太穩健了_html310.html
第三百零一章 御弟哥哥，你路堵了,woshixiongshizaitaiwenjianle-yanguizhengzhuan/我師兄實在太穩健了_html311.html
第三百零二章 白衣玉帝闡帝心,woshixiongshizaitaiwenjianle-yanguizhengzhuan/我師兄實在太穩健了_html312.html
第三百零三章 玄都遊小瓊，長壽欲傳經,woshixiongshizaitaiwenjianle-yanguizhengzhuan/我師兄實在太穩健了_html313.html
第三百零四章 首先，應有一個小小的計劃【求票！】,woshixiongshizaitaiwenjianle-yanguizhengzhuan/我師兄實在太穩健了_html314.html
第三百零五章 論 聖,woshixiongshizaitaiwenjianle-yanguizhengzhuan/我師兄實在太穩健了_html315.html
《穩字經》（精修第二版）,woshixiongshizaitaiwenjianle-yanguizhengzhuan/我師兄實在太穩健了_html316.html
第三百零六章 暴躁塔爺，在線…,woshixiongshizaitaiwenjianle-yanguizhengzhuan/我師兄實在太穩健了_html317.html
第三百零七章 終極底牌……之一【票…票】,woshixiongshizaitaiwenjianle-yanguizhengzhuan/我師兄實在太穩健了_html318.html
第三百零八章 初會聖人，壽算金蟬,woshixiongshizaitaiwenjianle-yanguizhengzhuan/我師兄實在太穩健了_html319.html
第三百零九章 收網龍族事，山門尋心魔,woshixiongshizaitaiwenjianle-yanguizhengzhuan/我師兄實在太穩健了_html320.html
第三百一十章 唯有…纔可戰勝心魔！,woshixiongshizaitaiwenjianle-yanguizhengzhuan/我師兄實在太穩健了_html321.html
第三百一十一章 天帝斬魔劍，江河湖開神！,woshixiongshizaitaiwenjianle-yanguizhengzhuan/我師兄實在太穩健了_html322.html
第三百一十二章 海神，你缺女徒弟不缺？,woshixiongshizaitaiwenjianle-yanguizhengzhuan/我師兄實在太穩健了_html323.html
第三百一十三章 大法師歸觀，三仙島送桃,woshixiongshizaitaiwenjianle-yanguizhengzhuan/我師兄實在太穩健了_html324.html
第三百一十四章 三教通吃唯海神！,woshixiongshizaitaiwenjianle-yanguizhengzhuan/我師兄實在太穩健了_html325.html
第三百一十五章 水晶宮中定龍心！【大章求票】,woshixiongshizaitaiwenjianle-yanguizhengzhuan/我師兄實在太穩健了_html326.html
第三百一十六章 你這瓜，它保熟嗎？,woshixiongshizaitaiwenjianle-yanguizhengzhuan/我師兄實在太穩健了_html327.html
第三百一十七章 要啥靈獸？你要啥靈獸！,woshixiongshizaitaiwenjianle-yanguizhengzhuan/我師兄實在太穩健了_html328.html
第三百一十八章 小瓊峰長壽散桃，三仙島仙子疑心,woshixiongshizaitaiwenjianle-yanguizhengzhuan/我師兄實在太穩健了_html329.html
第三百一十九章 教 主 迷 惑 行 爲,woshixiongshizaitaiwenjianle-yanguizhengzhuan/我師兄實在太穩健了_html330.html
第三百二十章 今我來之，君何所思？今你所來，解我所思。,woshixiongshizaitaiwenjianle-yanguizhengzhuan/我師兄實在太穩健了_html331.html
第三百二十一章 截教，多保重啊,woshixiongshizaitaiwenjianle-yanguizhengzhuan/我師兄實在太穩健了_html332.html
第三百二十二章 蟠桃宴在即，長壽謀封神！,woshixiongshizaitaiwenjianle-yanguizhengzhuan/我師兄實在太穩健了_html333.html
第三百二十三章 天庭自此興！,woshixiongshizaitaiwenjianle-yanguizhengzhuan/我師兄實在太穩健了_html334.html
第三百二十四章 仙生不過一場戲,woshixiongshizaitaiwenjianle-yanguizhengzhuan/我師兄實在太穩健了_html335.html
第三百二十五章 西方聖人的麪皮，今日由我海神來守護！,woshixiongshizaitaiwenjianle-yanguizhengzhuan/我師兄實在太穩健了_html336.html
第三百二十六章 蟠桃宴長庚晉三，收龍族四海奉天！,woshixiongshizaitaiwenjianle-yanguizhengzhuan/我師兄實在太穩健了_html337.html
第三百二十七章 壽之危機感,woshixiongshizaitaiwenjianle-yanguizhengzhuan/我師兄實在太穩健了_html338.html
第三百二十八章 養師妹百歲，用……,woshixiongshizaitaiwenjianle-yanguizhengzhuan/我師兄實在太穩健了_html339.html
第三百二十九章 想在天庭有塊地，再跟老君做鄰居,woshixiongshizaitaiwenjianle-yanguizhengzhuan/我師兄實在太穩健了_html340.html
第三百三十章 雷厲風行真天帝！,woshixiongshizaitaiwenjianle-yanguizhengzhuan/我師兄實在太穩健了_html341.html
第三百三十一章 是你，李！【五千大章求票】,woshixiongshizaitaiwenjianle-yanguizhengzhuan/我師兄實在太穩健了_html342.html
第三百三十二章 《安排》：從修行到上天,woshixiongshizaitaiwenjianle-yanguizhengzhuan/我師兄實在太穩健了_html343.html
第三百三十三章 放心，守口如瓶！,woshixiongshizaitaiwenjianle-yanguizhengzhuan/我師兄實在太穩健了_html344.html
第三百三十四章 跨 服 交 流【求票】,woshixiongshizaitaiwenjianle-yanguizhengzhuan/我師兄實在太穩健了_html345.html
第三百三十五章 輸人不輸陣！,woshixiongshizaitaiwenjianle-yanguizhengzhuan/我師兄實在太穩健了_html346.html
第三百三十六章 西海事起，仙子相隨【大章求票】,woshixiongshizaitaiwenjianle-yanguizhengzhuan/我師兄實在太穩健了_html347.html
第三百三十七章 沒有人比我更懂［拖延時間］,woshixiongshizaitaiwenjianle-yanguizhengzhuan/我師兄實在太穩健了_html348.html
第三百三十八章 天庭文官，不善鬥法,woshixiongshizaitaiwenjianle-yanguizhengzhuan/我師兄實在太穩健了_html349.html
第三百三十九章 洪荒最強助攻王！,woshixiongshizaitaiwenjianle-yanguizhengzhuan/我師兄實在太穩健了_html350.html
第三百四十章 湊 巧 路 過,woshixiongshizaitaiwenjianle-yanguizhengzhuan/我師兄實在太穩健了_html351.html
第三百四十一章 壽算有時窮，龍族劫當頭！【大章求票】,woshixiongshizaitaiwenjianle-yanguizhengzhuan/我師兄實在太穩健了_html352.html
第三百四十二章 願，爲蒼生顧！,woshixiongshizaitaiwenjianle-yanguizhengzhuan/我師兄實在太穩健了_html353.html
第三百四十三章 不當人的快樂,woshixiongshizaitaiwenjianle-yanguizhengzhuan/我師兄實在太穩健了_html354.html
第三百四十四章 初聞敵名,woshixiongshizaitaiwenjianle-yanguizhengzhuan/我師兄實在太穩健了_html355.html
第三百四十五章 守口如瓶（這玩意還有續集）,woshixiongshizaitaiwenjianle-yanguizhengzhuan/我師兄實在太穩健了_html356.html
第三百四十六章 洪荒治……哪家強！,woshixiongshizaitaiwenjianle-yanguizhengzhuan/我師兄實在太穩健了_html357.html
第三百四十七章 君子報仇，不用太晚,woshixiongshizaitaiwenjianle-yanguizhengzhuan/我師兄實在太穩健了_html358.html
第三百四十八章 闡截雙教中洲對，靈山獨坐暗憂心,woshixiongshizaitaiwenjianle-yanguizhengzhuan/我師兄實在太穩健了_html359.html
第三百四十九章 三教衆仙上靈山！【五千字中章求票】,woshixiongshizaitaiwenjianle-yanguizhengzhuan/我師兄實在太穩健了_html360.html
第三百五十章 壽，面都不露【又五千字中章求票】,woshixiongshizaitaiwenjianle-yanguizhengzhuan/我師兄實在太穩健了_html361.html
第三百五十一章 就你叫七寶妙樹啊！,woshixiongshizaitaiwenjianle-yanguizhengzhuan/我師兄實在太穩健了_html362.html
第三百五十二章 一點【小】事,woshixiongshizaitaiwenjianle-yanguizhengzhuan/我師兄實在太穩健了_html363.html
第三百五十三章 陰 陽 未 定,woshixiongshizaitaiwenjianle-yanguizhengzhuan/我師兄實在太穩健了_html364.html
第三百五十四章 三步一療程,woshixiongshizaitaiwenjianle-yanguizhengzhuan/我師兄實在太穩健了_html365.html
第三百五十五章 倩 女 幽 魂,woshixiongshizaitaiwenjianle-yanguizhengzhuan/我師兄實在太穩健了_html366.html
第三百五十六章 其實可以有,woshixiongshizaitaiwenjianle-yanguizhengzhuan/我師兄實在太穩健了_html367.html
第三百五十七章 婦科妙手唯水神,woshixiongshizaitaiwenjianle-yanguizhengzhuan/我師兄實在太穩健了_html368.html
第三百五十八章 地下妖穴，巫魂之劍！,woshixiongshizaitaiwenjianle-yanguizhengzhuan/我師兄實在太穩健了_html369.html
第三百五十九章 長壽算妖，樂兒助陣！【六千字大章 】,woshixiongshizaitaiwenjianle-yanguizhengzhuan/我師兄實在太穩健了_html370.html
第三百六十章 覆妖運之戰！【萬字大章】,woshixiongshizaitaiwenjianle-yanguizhengzhuan/我師兄實在太穩健了_html371.html
單章：讀者老爺～進來聊聊呀～,woshixiongshizaitaiwenjianle-yanguizhengzhuan/我師兄實在太穩健了_html372.html
第三百六十一章 趁壽之危,woshixiongshizaitaiwenjianle-yanguizhengzhuan/我師兄實在太穩健了_html373.html
第三百六十二章 聖母宮中拜聖母,woshixiongshizaitaiwenjianle-yanguizhengzhuan/我師兄實在太穩健了_html374.html
第三百六十三章 女媧三問,woshixiongshizaitaiwenjianle-yanguizhengzhuan/我師兄實在太穩健了_html375.html
第三百六十四章 池邊女神【五千字中章】,woshixiongshizaitaiwenjianle-yanguizhengzhuan/我師兄實在太穩健了_html376.html
第三百六十五章 壽的決心壽的道,woshixiongshizaitaiwenjianle-yanguizhengzhuan/我師兄實在太穩健了_html377.html
第三百六十六章 齊源的奇妙冒險【中章求票】,woshixiongshizaitaiwenjianle-yanguizhengzhuan/我師兄實在太穩健了_html378.html
第三百六十七章 人生必須經歷的一課,woshixiongshizaitaiwenjianle-yanguizhengzhuan/我師兄實在太穩健了_html379.html
第三百六十八章 小算計，大報復,woshixiongshizaitaiwenjianle-yanguizhengzhuan/我師兄實在太穩健了_html380.html
第三百六十九章 神珠對神光，公明遇孔宣,woshixiongshizaitaiwenjianle-yanguizhengzhuan/我師兄實在太穩健了_html381.html
第三百七十章 人教師弟，在線助攻,woshixiongshizaitaiwenjianle-yanguizhengzhuan/我師兄實在太穩健了_html382.html
第三百七十一章 仙 子 點 壽,woshixiongshizaitaiwenjianle-yanguizhengzhuan/我師兄實在太穩健了_html383.html
第三百七十二章 有些人，走着走着…路窄了,woshixiongshizaitaiwenjianle-yanguizhengzhuan/我師兄實在太穩健了_html384.html
第三百七十三章 狩 獵 水 神,woshixiongshizaitaiwenjianle-yanguizhengzhuan/我師兄實在太穩健了_html385.html
第三百七十四章 地藏道友誠不欺我【中章求票】,woshixiongshizaitaiwenjianle-yanguizhengzhuan/我師兄實在太穩健了_html386.html
第三百七十五章 天庭文官戰力參考【求票~】,woshixiongshizaitaiwenjianle-yanguizhengzhuan/我師兄實在太穩健了_html387.html
第三百七十六章 我水神，絕對沒跟地藏合作,woshixiongshizaitaiwenjianle-yanguizhengzhuan/我師兄實在太穩健了_html388.html
第三百七十七章 她只是我的妹妹…,woshixiongshizaitaiwenjianle-yanguizhengzhuan/我師兄實在太穩健了_html389.html
第三百七十八章 純陽枯木初逢春【中章求票】,woshixiongshizaitaiwenjianle-yanguizhengzhuan/我師兄實在太穩健了_html390.html
第三百七十九章 玉 帝 的 煩 心 事,woshixiongshizaitaiwenjianle-yanguizhengzhuan/我師兄實在太穩健了_html391.html
悼念帖（閱後即焚）,woshixiongshizaitaiwenjianle-yanguizhengzhuan/我師兄實在太穩健了_html392.html
第三百八十章 《普通》,woshixiongshizaitaiwenjianle-yanguizhengzhuan/我師兄實在太穩健了_html393.html
第三百八十一章 守護！巫族最‘溫柔’的祖！,woshixiongshizaitaiwenjianle-yanguizhengzhuan/我師兄實在太穩健了_html394.html
第三百八十二章 王母之罰，玉帝之辛【補更】,woshixiongshizaitaiwenjianle-yanguizhengzhuan/我師兄實在太穩健了_html395.html
第三百八十三章 雖只是修得濁仙…,woshixiongshizaitaiwenjianle-yanguizhengzhuan/我師兄實在太穩健了_html396.html
單章：關於狐女蘭,woshixiongshizaitaiwenjianle-yanguizhengzhuan/我師兄實在太穩健了_html397.html
第三百八十四章 對戰士最佳的獎賞，就是……,woshixiongshizaitaiwenjianle-yanguizhengzhuan/我師兄實在太穩健了_html398.html
第三百八十五章 商【上】,woshixiongshizaitaiwenjianle-yanguizhengzhuan/我師兄實在太穩健了_html399.html
第三百八十六章 師兄，保重【二合一求票】,woshixiongshizaitaiwenjianle-yanguizhengzhuan/我師兄實在太穩健了_html400.html
第三百八十七章 《支援》,woshixiongshizaitaiwenjianle-yanguizhengzhuan/我師兄實在太穩健了_html401.html
第三百八十八章 給我……個面子！【中章】,woshixiongshizaitaiwenjianle-yanguizhengzhuan/我師兄實在太穩健了_html402.html
第三百八十九章 商【下】,woshixiongshizaitaiwenjianle-yanguizhengzhuan/我師兄實在太穩健了_html403.html
第三百九十章 一頓小酒,woshixiongshizaitaiwenjianle-yanguizhengzhuan/我師兄實在太穩健了_html404.html
第三百九十一章 與太清聖人的對話【賀白銀大盟‘覆盆子酸奶’】,woshixiongshizaitaiwenjianle-yanguizhengzhuan/我師兄實在太穩健了_html405.html
第三百九十二章 來自地府深處的求援,woshixiongshizaitaiwenjianle-yanguizhengzhuan/我師兄實在太穩健了_html406.html
第三百九十三章 聖母宮中得秘聞【六千章節求票】,woshixiongshizaitaiwenjianle-yanguizhengzhuan/我師兄實在太穩健了_html407.html
第三百九十四章 悲傷，辣麼大【賀白銀大盟‘Cz丶’！】,woshixiongshizaitaiwenjianle-yanguizhengzhuan/我師兄實在太穩健了_html408.html
第三百九十五章 解開枷鎖之慾,woshixiongshizaitaiwenjianle-yanguizhengzhuan/我師兄實在太穩健了_html409.html
第三百九十六章 天克,woshixiongshizaitaiwenjianle-yanguizhengzhuan/我師兄實在太穩健了_html410.html
第三百九十七章 高手，我們需要大量的高手,woshixiongshizaitaiwenjianle-yanguizhengzhuan/我師兄實在太穩健了_html411.html
第三百九十八章 豪 華 陣 容,woshixiongshizaitaiwenjianle-yanguizhengzhuan/我師兄實在太穩健了_html412.html
第三百九十九章 專 業 團 隊,woshixiongshizaitaiwenjianle-yanguizhengzhuan/我師兄實在太穩健了_html413.html
第四百章 后土·七情【超大章】,woshixiongshizaitaiwenjianle-yanguizhengzhuan/我師兄實在太穩健了_html414.html
第四百零一章 八 九 玄 功,woshixiongshizaitaiwenjianle-yanguizhengzhuan/我師兄實在太穩健了_html415.html
第四百零二章 長壽歸山，黑豹探友,woshixiongshizaitaiwenjianle-yanguizhengzhuan/我師兄實在太穩健了_html416.html
第四百零三章 《整活》,woshixiongshizaitaiwenjianle-yanguizhengzhuan/我師兄實在太穩健了_html417.html
第四百零……五減一章！,woshixiongshizaitaiwenjianle-yanguizhengzhuan/我師兄實在太穩健了_html418.html
第四百零五章 某神獸：我與水神單方面神交已久,woshixiongshizaitaiwenjianle-yanguizhengzhuan/我師兄實在太穩健了_html419.html
第四百零六章 當真要與天庭鬥？,woshixiongshizaitaiwenjianle-yanguizhengzhuan/我師兄實在太穩健了_html420.html
請假半‘夜’，白天補更,woshixiongshizaitaiwenjianle-yanguizhengzhuan/我師兄實在太穩健了_html421.html
第四百零七章 大法師的重禮,woshixiongshizaitaiwenjianle-yanguizhengzhuan/我師兄實在太穩健了_html422.html
第四百零八章 曾有十萬魔，踏天破妖庭,woshixiongshizaitaiwenjianle-yanguizhengzhuan/我師兄實在太穩健了_html423.html
第四百零九章 必須承認，這裡面有賭的成分,woshixiongshizaitaiwenjianle-yanguizhengzhuan/我師兄實在太穩健了_html424.html
第四百一十章 迫害瑞獸哪家強,woshixiongshizaitaiwenjianle-yanguizhengzhuan/我師兄實在太穩健了_html425.html
第四百一十一章 黑 池 之 論,woshixiongshizaitaiwenjianle-yanguizhengzhuan/我師兄實在太穩健了_html426.html
第四百一十二章 《白給》,woshixiongshizaitaiwenjianle-yanguizhengzhuan/我師兄實在太穩健了_html427.html
第四百一十三章 如此靈珠子,woshixiongshizaitaiwenjianle-yanguizhengzhuan/我師兄實在太穩健了_html428.html
第四百一十四章 這孩子，連闖禍都不會！,woshixiongshizaitaiwenjianle-yanguizhengzhuan/我師兄實在太穩健了_html429.html
第四百一十五章 白澤初顯威，西方再施算,woshixiongshizaitaiwenjianle-yanguizhengzhuan/我師兄實在太穩健了_html430.html
第四百一十六章 正 道 之 光！,woshixiongshizaitaiwenjianle-yanguizhengzhuan/我師兄實在太穩健了_html431.html
第四百一十七章 降臨 【超大章】,woshixiongshizaitaiwenjianle-yanguizhengzhuan/我師兄實在太穩健了_html432.html
第四百一十八章 戰金烏！,woshixiongshizaitaiwenjianle-yanguizhengzhuan/我師兄實在太穩健了_html433.html
第四百一十九章 雲公子登門,woshixiongshizaitaiwenjianle-yanguizhengzhuan/我師兄實在太穩健了_html434.html
第四百二十章 這仗怎麼打！,woshixiongshizaitaiwenjianle-yanguizhengzhuan/我師兄實在太穩健了_html435.html
第四百二十一章 靈霄會,woshixiongshizaitaiwenjianle-yanguizhengzhuan/我師兄實在太穩健了_html436.html
第四百二十二章 誅 仙 四 劍 圖,woshixiongshizaitaiwenjianle-yanguizhengzhuan/我師兄實在太穩健了_html437.html
第四百二十三章 時 間 管 理,woshixiongshizaitaiwenjianle-yanguizhengzhuan/我師兄實在太穩健了_html438.html
第四百二十四章 靈娥下山【求票！】,woshixiongshizaitaiwenjianle-yanguizhengzhuan/我師兄實在太穩健了_html439.html
第四百二十五章 賞 罰 分 明,woshixiongshizaitaiwenjianle-yanguizhengzhuan/我師兄實在太穩健了_html440.html
第四百二十六章 暫離五部洲,woshixiongshizaitaiwenjianle-yanguizhengzhuan/我師兄實在太穩健了_html441.html
第四百二十七章 人 小 鬼 大,woshixiongshizaitaiwenjianle-yanguizhengzhuan/我師兄實在太穩健了_html442.html
第四百二十八章 王母與玉帝,woshixiongshizaitaiwenjianle-yanguizhengzhuan/我師兄實在太穩健了_html443.html
第四百二十九章 天 外 之 魔,woshixiongshizaitaiwenjianle-yanguizhengzhuan/我師兄實在太穩健了_html444.html
第四百三十章 丟人諦聽，在線求生,woshixiongshizaitaiwenjianle-yanguizhengzhuan/我師兄實在太穩健了_html445.html
第四百三十一章 天魔的心聲【加更求票！】,woshixiongshizaitaiwenjianle-yanguizhengzhuan/我師兄實在太穩健了_html446.html
第四百三十二章 你追我、你追到我…,woshixiongshizaitaiwenjianle-yanguizhengzhuan/我師兄實在太穩健了_html447.html
第四百三十三章 娥 歸 山,woshixiongshizaitaiwenjianle-yanguizhengzhuan/我師兄實在太穩健了_html448.html
第四百三十四章 有銘與凝霜,woshixiongshizaitaiwenjianle-yanguizhengzhuan/我師兄實在太穩健了_html449.html
第四百三十五章 劫運初起,woshixiongshizaitaiwenjianle-yanguizhengzhuan/我師兄實在太穩健了_html450.html
第四百三十六章 戰北洲（上）,woshixiongshizaitaiwenjianle-yanguizhengzhuan/我師兄實在太穩健了_html451.html
第四百三十七章 萬、物、均、衡！【高能超大章】,woshixiongshizaitaiwenjianle-yanguizhengzhuan/我師兄實在太穩健了_html452.html
第四百三十八章 玉帝：這特麼心態崩了啊,woshixiongshizaitaiwenjianle-yanguizhengzhuan/我師兄實在太穩健了_html453.html
第四百三十九章 長壽定道算西方，玉帝一怒啓封神！【求票】,woshixiongshizaitaiwenjianle-yanguizhengzhuan/我師兄實在太穩健了_html454.html
第四百四十章 不，你不快樂【靈娥生日快樂！】,woshixiongshizaitaiwenjianle-yanguizhengzhuan/我師兄實在太穩健了_html455.html
第四百四十一章 三百嫦娥總教習【中章求票】,woshixiongshizaitaiwenjianle-yanguizhengzhuan/我師兄實在太穩健了_html456.html
第四百四十二章 凌霄殿談劫，水神廟說難,woshixiongshizaitaiwenjianle-yanguizhengzhuan/我師兄實在太穩健了_html457.html
第四百四十三章 雲霄醉酒,woshixiongshizaitaiwenjianle-yanguizhengzhuan/我師兄實在太穩健了_html458.html
第四百四十四章 斬仙飛刀·拆解教程,woshixiongshizaitaiwenjianle-yanguizhengzhuan/我師兄實在太穩健了_html459.html
第四百四十五章 天庭再起兵，水神掌殺名！,woshixiongshizaitaiwenjianle-yanguizhengzhuan/我師兄實在太穩健了_html460.html
第四百四十六章 戰北洲！【沒人想到還有續吧！】,woshixiongshizaitaiwenjianle-yanguizhengzhuan/我師兄實在太穩健了_html461.html
第四百四十七章 區 區 月 宮,woshixiongshizaitaiwenjianle-yanguizhengzhuan/我師兄實在太穩健了_html462.html
第四百四十八章 水神闖月宮，玉兔險被燉【中章求票 】,woshixiongshizaitaiwenjianle-yanguizhengzhuan/我師兄實在太穩健了_html463.html
第四百四十九章 長壽暗度陳倉，雲華仙子思凡,woshixiongshizaitaiwenjianle-yanguizhengzhuan/我師兄實在太穩健了_html464.html
第四百五十章 五字殺仙翁,woshixiongshizaitaiwenjianle-yanguizhengzhuan/我師兄實在太穩健了_html465.html
第四百五十一章 一點，小底牌,woshixiongshizaitaiwenjianle-yanguizhengzhuan/我師兄實在太穩健了_html466.html
第四百五十二章 一點點，小反擊,woshixiongshizaitaiwenjianle-yanguizhengzhuan/我師兄實在太穩健了_html467.html
第四百五十三章 女仙的好勝心,woshixiongshizaitaiwenjianle-yanguizhengzhuan/我師兄實在太穩健了_html468.html
第四百五十四章 如 此 廣 寒【中章求票】,woshixiongshizaitaiwenjianle-yanguizhengzhuan/我師兄實在太穩健了_html469.html
第四百五十五章 姮娥,woshixiongshizaitaiwenjianle-yanguizhengzhuan/我師兄實在太穩健了_html470.html
第四百五十六章 來自【太清】的召喚！,woshixiongshizaitaiwenjianle-yanguizhengzhuan/我師兄實在太穩健了_html471.html
第四百五十七章 太清觀中拜太清,woshixiongshizaitaiwenjianle-yanguizhengzhuan/我師兄實在太穩健了_html472.html
第四百五十八章 玄雅入天，壽訪玉泉,woshixiongshizaitaiwenjianle-yanguizhengzhuan/我師兄實在太穩健了_html473.html
第四百五十九章 文淨報信，卞莊着慌,woshixiongshizaitaiwenjianle-yanguizhengzhuan/我師兄實在太穩健了_html474.html
第四百六十章 棋牌室中定暗殿，天涯秘境遇瘟神,woshixiongshizaitaiwenjianle-yanguizhengzhuan/我師兄實在太穩健了_html475.html
第四百六十一章 初會呂嶽,woshixiongshizaitaiwenjianle-yanguizhengzhuan/我師兄實在太穩健了_html476.html
第四百六十二章 瘟神醉酒吹英雄,woshixiongshizaitaiwenjianle-yanguizhengzhuan/我師兄實在太穩健了_html477.html
第四百六十三章 壽 化 加 一 【中章求票】,woshixiongshizaitaiwenjianle-yanguizhengzhuan/我師兄實在太穩健了_html478.html
第四百六十四章 洪荒恐怖小故事,woshixiongshizaitaiwenjianle-yanguizhengzhuan/我師兄實在太穩健了_html479.html
第四百六十五章 《娥的使用方法》,woshixiongshizaitaiwenjianle-yanguizhengzhuan/我師兄實在太穩健了_html480.html
第四百六十六章 天道債券持有者,woshixiongshizaitaiwenjianle-yanguizhengzhuan/我師兄實在太穩健了_html481.html
第四百六十七章 閻君之言，臨天聖女,woshixiongshizaitaiwenjianle-yanguizhengzhuan/我師兄實在太穩健了_html482.html
第四百六十八章 血 海 生 變,woshixiongshizaitaiwenjianle-yanguizhengzhuan/我師兄實在太穩健了_html483.html
單章：封神大劫意見收集（閱後即焚）,woshixiongshizaitaiwenjianle-yanguizhengzhuan/我師兄實在太穩健了_html484.html
第四百六十九章 穩之召喚！超階高手團！,woshixiongshizaitaiwenjianle-yanguizhengzhuan/我師兄實在太穩健了_html485.html
第四百七十章 穩健如風，常伴壽身,woshixiongshizaitaiwenjianle-yanguizhengzhuan/我師兄實在太穩健了_html486.html
第四百七十一章 七 情 首 戰！,woshixiongshizaitaiwenjianle-yanguizhengzhuan/我師兄實在太穩健了_html487.html
第四百七十二章 講道理的事，怎能算是冒犯聖人【超大章】,woshixiongshizaitaiwenjianle-yanguizhengzhuan/我師兄實在太穩健了_html488.html
第四百七十三章 通天教主，在線……【中章】,woshixiongshizaitaiwenjianle-yanguizhengzhuan/我師兄實在太穩健了_html489.html
第四百七十四章 壽 辯 羣 熊,woshixiongshizaitaiwenjianle-yanguizhengzhuan/我師兄實在太穩健了_html490.html
第四百七十五章 開鑼！,woshixiongshizaitaiwenjianle-yanguizhengzhuan/我師兄實在太穩健了_html491.html
第四百七十六章 殺太乙，正道心！【中章求票】,woshixiongshizaitaiwenjianle-yanguizhengzhuan/我師兄實在太穩健了_html492.html
第四百七十七章 元始笑接引，長壽辯地藏,woshixiongshizaitaiwenjianle-yanguizhengzhuan/我師兄實在太穩健了_html493.html
第四百七十八章 三途河現·第二輪迴【超大章】,woshixiongshizaitaiwenjianle-yanguizhengzhuan/我師兄實在太穩健了_html494.html
第四百七十九章 希 望 人 沒 事,woshixiongshizaitaiwenjianle-yanguizhengzhuan/我師兄實在太穩健了_html495.html
第四百八十章 通天賜寶，后土之請,woshixiongshizaitaiwenjianle-yanguizhengzhuan/我師兄實在太穩健了_html496.html
第四百八十一章 封太白，穩地藏,woshixiongshizaitaiwenjianle-yanguizhengzhuan/我師兄實在太穩健了_html497.html
第四百八十二章 這時，我們再增加一點細節…,woshixiongshizaitaiwenjianle-yanguizhengzhuan/我師兄實在太穩健了_html498.html
第四百八十三章 我師兄這並不慘烈的修羅場,woshixiongshizaitaiwenjianle-yanguizhengzhuan/我師兄實在太穩健了_html499.html
第四百八十四章 壽 盡 力 了,woshixiongshizaitaiwenjianle-yanguizhengzhuan/我師兄實在太穩健了_html500.html
第四百八十五章 靈珠異樣，再訪廣寒,woshixiongshizaitaiwenjianle-yanguizhengzhuan/我師兄實在太穩健了_html501.html
第四百八十六章 崑崙玉虛行【中章求票】,woshixiongshizaitaiwenjianle-yanguizhengzhuan/我師兄實在太穩健了_html502.html
第四百八十七章 仙 盟 盟 主,woshixiongshizaitaiwenjianle-yanguizhengzhuan/我師兄實在太穩健了_html503.html
第四百八十八章 狂 鳥 金 鵬【求票】,woshixiongshizaitaiwenjianle-yanguizhengzhuan/我師兄實在太穩健了_html504.html
第四百八十九章 來自仙子的毒打【六千字求票】,woshixiongshizaitaiwenjianle-yanguizhengzhuan/我師兄實在太穩健了_html505.html
第四百九十章 水 神 熬 鷹【求票】,woshixiongshizaitaiwenjianle-yanguizhengzhuan/我師兄實在太穩健了_html506.html
單章：起牀弱弱地求個票,woshixiongshizaitaiwenjianle-yanguizhengzhuan/我師兄實在太穩健了_html507.html
第四百九十一章 你，悟了嗎？,woshixiongshizaitaiwenjianle-yanguizhengzhuan/我師兄實在太穩健了_html508.html
第四百九十二章 仙盟大會前夕【求票】,woshixiongshizaitaiwenjianle-yanguizhengzhuan/我師兄實在太穩健了_html509.html
第四百九十三章 長庚穩權！【中杯求票】,woshixiongshizaitaiwenjianle-yanguizhengzhuan/我師兄實在太穩健了_html510.html
第四百九十四章 仙凡之辯（上）,woshixiongshizaitaiwenjianle-yanguizhengzhuan/我師兄實在太穩健了_html511.html
第四百九十五章 仙凡之辯（下）【求票】,woshixiongshizaitaiwenjianle-yanguizhengzhuan/我師兄實在太穩健了_html512.html
第四百九十六章 毒仙長生劫，第六將訪天,woshixiongshizaitaiwenjianle-yanguizhengzhuan/我師兄實在太穩健了_html513.html
第四百九十七章 天道打人了！都看看嗨！【求票】,woshixiongshizaitaiwenjianle-yanguizhengzhuan/我師兄實在太穩健了_html514.html
第四百九十八章 白衣玉帝對準提,woshixiongshizaitaiwenjianle-yanguizhengzhuan/我師兄實在太穩健了_html515.html
第四百九十九章 【去】,woshixiongshizaitaiwenjianle-yanguizhengzhuan/我師兄實在太穩健了_html516.html
第五百章 回來了，都回來了！【求票】,woshixiongshizaitaiwenjianle-yanguizhengzhuan/我師兄實在太穩健了_html517.html
第五百零一章 風雲匯紅蓮，闡截起暗爭,woshixiongshizaitaiwenjianle-yanguizhengzhuan/我師兄實在太穩健了_html518.html
第五百零二章 姐夫~【求票！】,woshixiongshizaitaiwenjianle-yanguizhengzhuan/我師兄實在太穩健了_html519.html
第五百零三章 有趣的靈魂,woshixiongshizaitaiwenjianle-yanguizhengzhuan/我師兄實在太穩健了_html520.html
第五百零四章 道門，不戰之約！【中杯求票】,woshixiongshizaitaiwenjianle-yanguizhengzhuan/我師兄實在太穩健了_html521.html
第五百零五章 戮 神 槍 突 現！【票…票】,woshixiongshizaitaiwenjianle-yanguizhengzhuan/我師兄實在太穩健了_html522.html
第五百零六章 最強仙團，在線入夢！【大杯！】,woshixiongshizaitaiwenjianle-yanguizhengzhuan/我師兄實在太穩健了_html523.html
第五百零七章 啊，這春天的氣息,woshixiongshizaitaiwenjianle-yanguizhengzhuan/我師兄實在太穩健了_html524.html
第五百零八章 你，並不重要【超大杯】,woshixiongshizaitaiwenjianle-yanguizhengzhuan/我師兄實在太穩健了_html525.html
第五百零九章 芭 蕉 扇！【求票】,woshixiongshizaitaiwenjianle-yanguizhengzhuan/我師兄實在太穩健了_html526.html
第五百一十章 訪三清小院，守仙子睡顏,woshixiongshizaitaiwenjianle-yanguizhengzhuan/我師兄實在太穩健了_html527.html
第五百一十一章 驚！截教聖人竟與天庭水神…,woshixiongshizaitaiwenjianle-yanguizhengzhuan/我師兄實在太穩健了_html528.html
第五百一十二章 壽算有時窮,woshixiongshizaitaiwenjianle-yanguizhengzhuan/我師兄實在太穩健了_html529.html
第五百一十三章 洪荒宣傳哪家強！,woshixiongshizaitaiwenjianle-yanguizhengzhuan/我師兄實在太穩健了_html530.html
第五百一十四章 畢竟咱不是什麼惡神,woshixiongshizaitaiwenjianle-yanguizhengzhuan/我師兄實在太穩健了_html531.html
第五百一十五章 《撐腰》【求票】,woshixiongshizaitaiwenjianle-yanguizhengzhuan/我師兄實在太穩健了_html532.html
請假半天（更新前刪掉）,woshixiongshizaitaiwenjianle-yanguizhengzhuan/我師兄實在太穩健了_html533.html
第五百一十六章 靈娥的完美體驗,woshixiongshizaitaiwenjianle-yanguizhengzhuan/我師兄實在太穩健了_html534.html
第五百一十七章 倒黴石磯,woshixiongshizaitaiwenjianle-yanguizhengzhuan/我師兄實在太穩健了_html535.html
第五百一十八章 多寶： 我，水神，打錢。,woshixiongshizaitaiwenjianle-yanguizhengzhuan/我師兄實在太穩健了_html536.html
第五百一十九章 多寶怒斥截教仙,woshixiongshizaitaiwenjianle-yanguizhengzhuan/我師兄實在太穩健了_html537.html
第五百二十章 兄弟，你不太對勁,woshixiongshizaitaiwenjianle-yanguizhengzhuan/我師兄實在太穩健了_html538.html
第五百二十一章 我 本 低 調【求票】,woshixiongshizaitaiwenjianle-yanguizhengzhuan/我師兄實在太穩健了_html539.html
第五百二十二章 翻譯翻譯，什麼叫驚喜,woshixiongshizaitaiwenjianle-yanguizhengzhuan/我師兄實在太穩健了_html540.html
第五百二十三章 太白宮！太白殿！,woshixiongshizaitaiwenjianle-yanguizhengzhuan/我師兄實在太穩健了_html541.html
第五百二十四章 翻滾吧，暗浪！,woshixiongshizaitaiwenjianle-yanguizhengzhuan/我師兄實在太穩健了_html542.html
第五百二十五章 《人脈》,woshixiongshizaitaiwenjianle-yanguizhengzhuan/我師兄實在太穩健了_html543.html
第五百二十六章 太白敬酒,woshixiongshizaitaiwenjianle-yanguizhengzhuan/我師兄實在太穩健了_html544.html
第五百二十七章 龍吉拜師！,woshixiongshizaitaiwenjianle-yanguizhengzhuan/我師兄實在太穩健了_html545.html
第五百二十八章 太白對【感謝白銀大盟‘羞澀的演員’雙倍支持！】,woshixiongshizaitaiwenjianle-yanguizhengzhuan/我師兄實在太穩健了_html546.html
第五百二十九章 做神仙嘛，開心最重要啦,woshixiongshizaitaiwenjianle-yanguizhengzhuan/我師兄實在太穩健了_html547.html
第五百三十章 水漫海神廟,woshixiongshizaitaiwenjianle-yanguizhengzhuan/我師兄實在太穩健了_html548.html
第五百三十一章 長庚修玄體，將赴紫霄宮！,woshixiongshizaitaiwenjianle-yanguizhengzhuan/我師兄實在太穩健了_html549.html
第五百三十二章 長庚劇組，在線……,woshixiongshizaitaiwenjianle-yanguizhengzhuan/我師兄實在太穩健了_html550.html
第五百三十三章 是誰帶來，太清的呼喚~,woshixiongshizaitaiwenjianle-yanguizhengzhuan/我師兄實在太穩健了_html551.html
第五百三十四章 《窺聖》,woshixiongshizaitaiwenjianle-yanguizhengzhuan/我師兄實在太穩健了_html552.html
第五百三十五章 六聖齊聚紫霄宮！【大杯求票】,woshixiongshizaitaiwenjianle-yanguizhengzhuan/我師兄實在太穩健了_html553.html
第五百三十六章 君臣相聲【中杯求票！】,woshixiongshizaitaiwenjianle-yanguizhengzhuan/我師兄實在太穩健了_html554.html
第五百三十七章 鴻鈞的小竈,woshixiongshizaitaiwenjianle-yanguizhengzhuan/我師兄實在太穩健了_html555.html
第五百三十八章 兩教在行動,woshixiongshizaitaiwenjianle-yanguizhengzhuan/我師兄實在太穩健了_html556.html
第五百三十九章 真相，只有一個！【中杯求票】,woshixiongshizaitaiwenjianle-yanguizhengzhuan/我師兄實在太穩健了_html557.html
第五百四十章 仙子的決心【大杯】,woshixiongshizaitaiwenjianle-yanguizhengzhuan/我師兄實在太穩健了_html558.html
第五百四十一章 慘·鯤鵬·慘【中杯】,woshixiongshizaitaiwenjianle-yanguizhengzhuan/我師兄實在太穩健了_html559.html
第五百四十二章 詭術妖師！,woshixiongshizaitaiwenjianle-yanguizhengzhuan/我師兄實在太穩健了_html560.html
第五百四十三章 浪人‘年’記【求票】,woshixiongshizaitaiwenjianle-yanguizhengzhuan/我師兄實在太穩健了_html561.html
第五百四十四章 敖乙渡劫闖金仙，小瓊峰外起波瀾,woshixiongshizaitaiwenjianle-yanguizhengzhuan/我師兄實在太穩健了_html562.html
第五百四十五章 靈山一動，八方來信！,woshixiongshizaitaiwenjianle-yanguizhengzhuan/我師兄實在太穩健了_html563.html
第五百四十六章 彌勒！【大杯求票！】,woshixiongshizaitaiwenjianle-yanguizhengzhuan/我師兄實在太穩健了_html564.html
第五百四十七章 度仙劫，小瓊峰！【大杯】,woshixiongshizaitaiwenjianle-yanguizhengzhuan/我師兄實在太穩健了_html565.html
第五百四十八章 社會我壽哥【日兩萬求票】,woshixiongshizaitaiwenjianle-yanguizhengzhuan/我師兄實在太穩健了_html566.html
第五百四十九章 ‘寬宏大量’李長庚,woshixiongshizaitaiwenjianle-yanguizhengzhuan/我師兄實在太穩健了_html567.html
第五百五十章 娥生過於艱難；三千世界開戰！,woshixiongshizaitaiwenjianle-yanguizhengzhuan/我師兄實在太穩健了_html568.html
第五百五十一章 這拐彎抹角的小天道,woshixiongshizaitaiwenjianle-yanguizhengzhuan/我師兄實在太穩健了_html569.html
第五百五十二章 天魔永不爲奴！,woshixiongshizaitaiwenjianle-yanguizhengzhuan/我師兄實在太穩健了_html570.html
第五百五十三章 催更急先鋒！【加（補）更祝考生們金榜題名】,woshixiongshizaitaiwenjianle-yanguizhengzhuan/我師兄實在太穩健了_html571.html
第五百五十四章 彌勒：西方粗話！,woshixiongshizaitaiwenjianle-yanguizhengzhuan/我師兄實在太穩健了_html572.html
第五百五十五章 會雲霄，警龍族，對峙西兇,woshixiongshizaitaiwenjianle-yanguizhengzhuan/我師兄實在太穩健了_html573.html
第五百五十六章 洪荒護短第三名,woshixiongshizaitaiwenjianle-yanguizhengzhuan/我師兄實在太穩健了_html574.html
第五百五十七章 楊戩離玉泉，太白謀菩提,woshixiongshizaitaiwenjianle-yanguizhengzhuan/我師兄實在太穩健了_html575.html
第五百五十八章 摘葡萄，抓菩提！,woshixiongshizaitaiwenjianle-yanguizhengzhuan/我師兄實在太穩健了_html576.html
第五百五十九章 幻境種心魔，玉帝啥都懂,woshixiongshizaitaiwenjianle-yanguizhengzhuan/我師兄實在太穩健了_html577.html
第五百六十章 風雲日漸起，長庚執小棋,woshixiongshizaitaiwenjianle-yanguizhengzhuan/我師兄實在太穩健了_html578.html
第五百六十一章 伐天·上篇【大杯求票】,woshixiongshizaitaiwenjianle-yanguizhengzhuan/我師兄實在太穩健了_html579.html
第五百六十二章 洪荒惡勢太白宮【中杯】,woshixiongshizaitaiwenjianle-yanguizhengzhuan/我師兄實在太穩健了_html580.html
第五百六十三章 天眼！開！,woshixiongshizaitaiwenjianle-yanguizhengzhuan/我師兄實在太穩健了_html581.html
第五百六十四章 二郎砸山太白護，終是聽調不聽宣,woshixiongshizaitaiwenjianle-yanguizhengzhuan/我師兄實在太穩健了_html582.html
第五百六十五章 末日錦囊·進階版,woshixiongshizaitaiwenjianle-yanguizhengzhuan/我師兄實在太穩健了_html583.html
第五百六十六章 一波未平一波又起,woshixiongshizaitaiwenjianle-yanguizhengzhuan/我師兄實在太穩健了_html584.html
第五百六十七章 馳援玄都城,woshixiongshizaitaiwenjianle-yanguizhengzhuan/我師兄實在太穩健了_html585.html
第五百六十八章 鯤鵬之邀,woshixiongshizaitaiwenjianle-yanguizhengzhuan/我師兄實在太穩健了_html586.html
第五百六十九章 巨 星 楊 戩！,woshixiongshizaitaiwenjianle-yanguizhengzhuan/我師兄實在太穩健了_html587.html
第五百七十章 聖女醉心遇七情,woshixiongshizaitaiwenjianle-yanguizhengzhuan/我師兄實在太穩健了_html588.html
第五百七十一章 《盤古》,woshixiongshizaitaiwenjianle-yanguizhengzhuan/我師兄實在太穩健了_html589.html
第五百七十二章 這隻鯤鵬異常主動,woshixiongshizaitaiwenjianle-yanguizhengzhuan/我師兄實在太穩健了_html590.html
第五百七十三章 天乙開商！,woshixiongshizaitaiwenjianle-yanguizhengzhuan/我師兄實在太穩健了_html591.html
第五百七十四章 天魔…瘸了。,woshixiongshizaitaiwenjianle-yanguizhengzhuan/我師兄實在太穩健了_html592.html
第五百七十五章 良心師弟，在線…,woshixiongshizaitaiwenjianle-yanguizhengzhuan/我師兄實在太穩健了_html593.html
第五百七十六章 師叔談心，鯤鵬博弈,woshixiongshizaitaiwenjianle-yanguizhengzhuan/我師兄實在太穩健了_html594.html
第五百七十七章 道祖的疑惑,woshixiongshizaitaiwenjianle-yanguizhengzhuan/我師兄實在太穩健了_html595.html
第五百七十八章 進擊之娥！,woshixiongshizaitaiwenjianle-yanguizhengzhuan/我師兄實在太穩健了_html596.html
第五百七十九章 燧人火德，大道不熄,woshixiongshizaitaiwenjianle-yanguizhengzhuan/我師兄實在太穩健了_html597.html
第五百八十章 洪荒最強捕魚天團！,woshixiongshizaitaiwenjianle-yanguizhengzhuan/我師兄實在太穩健了_html598.html
第五百八十一章 這能遇上點意外收穫,woshixiongshizaitaiwenjianle-yanguizhengzhuan/我師兄實在太穩健了_html599.html
第五百八十二章 壽戰，青結,woshixiongshizaitaiwenjianle-yanguizhengzhuan/我師兄實在太穩健了_html600.html
第五百八十三章 《溫柔》,woshixiongshizaitaiwenjianle-yanguizhengzhuan/我師兄實在太穩健了_html601.html
第五百八十四章 呵，九成八,woshixiongshizaitaiwenjianle-yanguizhengzhuan/我師兄實在太穩健了_html602.html
第五百八十五章 馴飛刀，揭戰幕！,woshixiongshizaitaiwenjianle-yanguizhengzhuan/我師兄實在太穩健了_html603.html
第五百八十六章 匯風雲，鴻蒙紫氣引神動,woshixiongshizaitaiwenjianle-yanguizhengzhuan/我師兄實在太穩健了_html604.html
第五百八十七章 正版紫氣！【中等偏大杯】,woshixiongshizaitaiwenjianle-yanguizhengzhuan/我師兄實在太穩健了_html605.html
第五百八十八章 太白抗命道祖，雲霄執掌青萍！【大杯！】,woshixiongshizaitaiwenjianle-yanguizhengzhuan/我師兄實在太穩健了_html606.html
第五百八十九章 仙子凡心,woshixiongshizaitaiwenjianle-yanguizhengzhuan/我師兄實在太穩健了_html607.html
第五百九十章 鯤鵬心脈，浪之密室！,woshixiongshizaitaiwenjianle-yanguizhengzhuan/我師兄實在太穩健了_html608.html
第五百九十一章 這確定不是什麼自閉挑戰？,woshixiongshizaitaiwenjianle-yanguizhengzhuan/我師兄實在太穩健了_html609.html
第五百九十二章 天道之門，公明前難,woshixiongshizaitaiwenjianle-yanguizhengzhuan/我師兄實在太穩健了_html610.html
第五百九十三章 危·壽·危,woshixiongshizaitaiwenjianle-yanguizhengzhuan/我師兄實在太穩健了_html611.html
第五百九十四章 再登紫霄宮,woshixiongshizaitaiwenjianle-yanguizhengzhuan/我師兄實在太穩健了_html612.html
第五百九十五章 太 白 歸，天 庭 動,woshixiongshizaitaiwenjianle-yanguizhengzhuan/我師兄實在太穩健了_html613.html
叮~有份七月總結請查收~,woshixiongshizaitaiwenjianle-yanguizhengzhuan/我師兄實在太穩健了_html614.html
第五百九十六章 搞一波大的！【求票】,woshixiongshizaitaiwenjianle-yanguizhengzhuan/我師兄實在太穩健了_html615.html
第五百九十七章 妲己現身，妖族除名,woshixiongshizaitaiwenjianle-yanguizhengzhuan/我師兄實在太穩健了_html616.html
第五百九十八章 平北妖，穩詐靈山,woshixiongshizaitaiwenjianle-yanguizhengzhuan/我師兄實在太穩健了_html617.html
第五百九十九章 建 議 改 成：後 起 之 秀（求票！）,woshixiongshizaitaiwenjianle-yanguizhengzhuan/我師兄實在太穩健了_html618.html
第六百章 直面西方聖，太白搜靈山！【大杯求票！】,woshixiongshizaitaiwenjianle-yanguizhengzhuan/我師兄實在太穩健了_html619.html
第六百零一章 長庚懟文淨，東洲現頑石！,woshixiongshizaitaiwenjianle-yanguizhengzhuan/我師兄實在太穩健了_html620.html
第六百零二章 這次一定！,woshixiongshizaitaiwenjianle-yanguizhengzhuan/我師兄實在太穩健了_html621.html
第六百零三章 闡教十二金仙：這特麼怎麼打,woshixiongshizaitaiwenjianle-yanguizhengzhuan/我師兄實在太穩健了_html622.html
第六百零四章 小仲啊，人不錯,woshixiongshizaitaiwenjianle-yanguizhengzhuan/我師兄實在太穩健了_html623.html
第六百零五章 卞莊死局,woshixiongshizaitaiwenjianle-yanguizhengzhuan/我師兄實在太穩健了_html624.html
第六百零六章 壽之反擊，先手掀桌【中章求票】,woshixiongshizaitaiwenjianle-yanguizhengzhuan/我師兄實在太穩健了_html625.html
第六百零七章 《君臣·最佳拍檔》【中杯求票！】,woshixiongshizaitaiwenjianle-yanguizhengzhuan/我師兄實在太穩健了_html626.html
第六百零八章 反 擊 風 暴！,woshixiongshizaitaiwenjianle-yanguizhengzhuan/我師兄實在太穩健了_html627.html
第六百零九章 長壽強擒懼留孫！,woshixiongshizaitaiwenjianle-yanguizhengzhuan/我師兄實在太穩健了_html628.html
第六百一十章 戲過的代價,woshixiongshizaitaiwenjianle-yanguizhengzhuan/我師兄實在太穩健了_html629.html
第六百一十一章 玉帝天威鎮崑崙！,woshixiongshizaitaiwenjianle-yanguizhengzhuan/我師兄實在太穩健了_html630.html
第六百一十二章 凌霄開堂，正審燃燈！,woshixiongshizaitaiwenjianle-yanguizhengzhuan/我師兄實在太穩健了_html631.html
第六百一十三章 太白顯殺機【大杯求票！】,woshixiongshizaitaiwenjianle-yanguizhengzhuan/我師兄實在太穩健了_html632.html
第六百一十四章 形勢驟變，燃燈死劫,woshixiongshizaitaiwenjianle-yanguizhengzhuan/我師兄實在太穩健了_html633.html
第六百一十五章 凌霄殿前！極限翻盤！【6666字求票】,woshixiongshizaitaiwenjianle-yanguizhengzhuan/我師兄實在太穩健了_html634.html
第六百一十六章 滅燈！滅燈！【超大杯】,woshixiongshizaitaiwenjianle-yanguizhengzhuan/我師兄實在太穩健了_html635.html
第六百一十七章 輪迴塔俠震古棺，小瓊峰中聚友仙,woshixiongshizaitaiwenjianle-yanguizhengzhuan/我師兄實在太穩健了_html636.html
第六百一十八章 老哥，壽只能幫你到這了,woshixiongshizaitaiwenjianle-yanguizhengzhuan/我師兄實在太穩健了_html637.html
第六百一十九章 聖人小棉襖，道場挨個跑,woshixiongshizaitaiwenjianle-yanguizhengzhuan/我師兄實在太穩健了_html638.html
第六百二十章 突 擊 小 考,woshixiongshizaitaiwenjianle-yanguizhengzhuan/我師兄實在太穩健了_html639.html
第六百二十一章 阻擊混沌鍾！,woshixiongshizaitaiwenjianle-yanguizhengzhuan/我師兄實在太穩健了_html640.html
第六百二十二章 臥槽！無情！,woshixiongshizaitaiwenjianle-yanguizhengzhuan/我師兄實在太穩健了_html641.html
第六百二十三章 鍾 艱 不 拆,woshixiongshizaitaiwenjianle-yanguizhengzhuan/我師兄實在太穩健了_html642.html
第六百二十四章 殺 劫 將 起,woshixiongshizaitaiwenjianle-yanguizhengzhuan/我師兄實在太穩健了_html643.html
第六百二十五章 太清觀頭號任務,woshixiongshizaitaiwenjianle-yanguizhengzhuan/我師兄實在太穩健了_html644.html
第六百二十六章 【補更】人族最古純陽的終焉,woshixiongshizaitaiwenjianle-yanguizhengzhuan/我師兄實在太穩健了_html645.html
第六百二十七章 花果山中探石，軒轅三妖歸位,woshixiongshizaitaiwenjianle-yanguizhengzhuan/我師兄實在太穩健了_html646.html
第六百二十八章 李靖待下山，靈娥長生劫,woshixiongshizaitaiwenjianle-yanguizhengzhuan/我師兄實在太穩健了_html647.html
第六百二十九章 自己人，隨意點,woshixiongshizaitaiwenjianle-yanguizhengzhuan/我師兄實在太穩健了_html648.html
第六百三十章 靈珠子轉世的主要原因,woshixiongshizaitaiwenjianle-yanguizhengzhuan/我師兄實在太穩健了_html649.html
第六百三十一章 好兄弟，一輩子！,woshixiongshizaitaiwenjianle-yanguizhengzhuan/我師兄實在太穩健了_html650.html
第六百三十二章 地府來信，太公將臨,woshixiongshizaitaiwenjianle-yanguizhengzhuan/我師兄實在太穩健了_html651.html
第六百三十三章 花有重開，瓣不相同,woshixiongshizaitaiwenjianle-yanguizhengzhuan/我師兄實在太穩健了_html652.html
第六百三十四章 聖 人 開 會,woshixiongshizaitaiwenjianle-yanguizhengzhuan/我師兄實在太穩健了_html653.html
第六百三十五章 壽娥雙人遊,woshixiongshizaitaiwenjianle-yanguizhengzhuan/我師兄實在太穩健了_html654.html
第六百三十六章 此乃謊言，各不相讓,woshixiongshizaitaiwenjianle-yanguizhengzhuan/我師兄實在太穩健了_html655.html
第六百三十七章 天 帝 導 師,woshixiongshizaitaiwenjianle-yanguizhengzhuan/我師兄實在太穩健了_html656.html
第六百三十八章 天 字 壹 號 長 工,woshixiongshizaitaiwenjianle-yanguizhengzhuan/我師兄實在太穩健了_html657.html
第六百三十九章 截教殺字令！【普通中杯】,woshixiongshizaitaiwenjianle-yanguizhengzhuan/我師兄實在太穩健了_html658.html
第六百四十章 天道的小秘密,woshixiongshizaitaiwenjianle-yanguizhengzhuan/我師兄實在太穩健了_html659.html
第六百四十一章 萬仙圍靈！【超大杯】,woshixiongshizaitaiwenjianle-yanguizhengzhuan/我師兄實在太穩健了_html660.html
第六百四十二章 話 術 教 學,woshixiongshizaitaiwenjianle-yanguizhengzhuan/我師兄實在太穩健了_html661.html
第六百四十三章 道戰靈山！,woshixiongshizaitaiwenjianle-yanguizhengzhuan/我師兄實在太穩健了_html662.html
第六百四十四章 玄都多寶戰準提，公明橫躺崑崙路,woshixiongshizaitaiwenjianle-yanguizhengzhuan/我師兄實在太穩健了_html663.html
第六百四十五章 小神說句公道話,woshixiongshizaitaiwenjianle-yanguizhengzhuan/我師兄實在太穩健了_html664.html
第六百四十六章 西方暫時休,woshixiongshizaitaiwenjianle-yanguizhengzhuan/我師兄實在太穩健了_html665.html
第六百四十七章 怪主動,woshixiongshizaitaiwenjianle-yanguizhengzhuan/我師兄實在太穩健了_html666.html
第六百四十八章 鍾留小瓊峰,woshixiongshizaitaiwenjianle-yanguizhengzhuan/我師兄實在太穩健了_html667.html
第六百四十九章 太白小課堂,woshixiongshizaitaiwenjianle-yanguizhengzhuan/我師兄實在太穩健了_html668.html
第六百五十章 父 親 在 上！,woshixiongshizaitaiwenjianle-yanguizhengzhuan/我師兄實在太穩健了_html669.html
第六百五十一章 節 奏 大 師,woshixiongshizaitaiwenjianle-yanguizhengzhuan/我師兄實在太穩健了_html670.html
第六百五十二章 做官這件小事,woshixiongshizaitaiwenjianle-yanguizhengzhuan/我師兄實在太穩健了_html671.html
第六百五十三章 帝 辛 降 世,woshixiongshizaitaiwenjianle-yanguizhengzhuan/我師兄實在太穩健了_html672.html
第六百五十四章 黑豹改名，計算菩提,woshixiongshizaitaiwenjianle-yanguizhengzhuan/我師兄實在太穩健了_html673.html
第六百五十五章 封神殺劫倒計時！【求票】,woshixiongshizaitaiwenjianle-yanguizhengzhuan/我師兄實在太穩健了_html674.html
第六百五十六章 申豹姜公歸玉虛，陳塘李靖得麟兒,woshixiongshizaitaiwenjianle-yanguizhengzhuan/我師兄實在太穩健了_html675.html
第六百五十七章 吒有幾種寫法？,woshixiongshizaitaiwenjianle-yanguizhengzhuan/我師兄實在太穩健了_html676.html
第六百五十八章 夜會子受,woshixiongshizaitaiwenjianle-yanguizhengzhuan/我師兄實在太穩健了_html677.html
第六百五十九章 風起南洲,woshixiongshizaitaiwenjianle-yanguizhengzhuan/我師兄實在太穩健了_html678.html
第六百六十章 朝歌城奪嫡正熱，陳塘關文殊忽來,woshixiongshizaitaiwenjianle-yanguizhengzhuan/我師兄實在太穩健了_html679.html
第六百六十一章 很 有 精 神,woshixiongshizaitaiwenjianle-yanguizhengzhuan/我師兄實在太穩健了_html680.html
第六百六十二章 《帝·辛》,woshixiongshizaitaiwenjianle-yanguizhengzhuan/我師兄實在太穩健了_html681.html
第六百六十三章 靈珠將轉世,woshixiongshizaitaiwenjianle-yanguizhengzhuan/我師兄實在太穩健了_html682.html
第六百六十四章 陳塘變！,woshixiongshizaitaiwenjianle-yanguizhengzhuan/我師兄實在太穩健了_html683.html
第六百六十五章 抉擇【大章補更】,woshixiongshizaitaiwenjianle-yanguizhengzhuan/我師兄實在太穩健了_html684.html
第六百六十六章 是他，是他，就是他,woshixiongshizaitaiwenjianle-yanguizhengzhuan/我師兄實在太穩健了_html685.html
第六百六十七章 壽的小失手,woshixiongshizaitaiwenjianle-yanguizhengzhuan/我師兄實在太穩健了_html686.html
第六百六十八章 如 此 敖 丙,woshixiongshizaitaiwenjianle-yanguizhengzhuan/我師兄實在太穩健了_html687.html
第六百六十九章 女 媧 廟 暗 戰,woshixiongshizaitaiwenjianle-yanguizhengzhuan/我師兄實在太穩健了_html688.html
第六百七十章 去他的天道！【必看·僞高能·中杯】,woshixiongshizaitaiwenjianle-yanguizhengzhuan/我師兄實在太穩健了_html689.html
第六百七十一章 伐天·中篇,woshixiongshizaitaiwenjianle-yanguizhengzhuan/我師兄實在太穩健了_html690.html
第六百七十二章 餘燼,woshixiongshizaitaiwenjianle-yanguizhengzhuan/我師兄實在太穩健了_html691.html
第六百七十三章 四成,woshixiongshizaitaiwenjianle-yanguizhengzhuan/我師兄實在太穩健了_html692.html
免費單章·現有情報歸納,woshixiongshizaitaiwenjianle-yanguizhengzhuan/我師兄實在太穩健了_html693.html
第六百七十四章 木公之憂，妲己將現,woshixiongshizaitaiwenjianle-yanguizhengzhuan/我師兄實在太穩健了_html694.html
第六百七十五章 這寶物，有點意思,woshixiongshizaitaiwenjianle-yanguizhengzhuan/我師兄實在太穩健了_html695.html
第六百七十六章 哪！吒 ！,woshixiongshizaitaiwenjianle-yanguizhengzhuan/我師兄實在太穩健了_html696.html
第六百七十七章 與敖公子的第一次衝突,woshixiongshizaitaiwenjianle-yanguizhengzhuan/我師兄實在太穩健了_html697.html
第六百七十八章 慘·掌門·慘,woshixiongshizaitaiwenjianle-yanguizhengzhuan/我師兄實在太穩健了_html698.html
第六百七十九章 妲己入宮,woshixiongshizaitaiwenjianle-yanguizhengzhuan/我師兄實在太穩健了_html699.html
第六百八十章 敖丙起殺心,woshixiongshizaitaiwenjianle-yanguizhengzhuan/我師兄實在太穩健了_html700.html
第六百八十一章 封神第一魂！,woshixiongshizaitaiwenjianle-yanguizhengzhuan/我師兄實在太穩健了_html701.html
第六百八十二章 算龍護人道,woshixiongshizaitaiwenjianle-yanguizhengzhuan/我師兄實在太穩健了_html702.html
第六百八十三章 太乙真人的話術小課堂,woshixiongshizaitaiwenjianle-yanguizhengzhuan/我師兄實在太穩健了_html703.html
第六百八十四章 水淹陳塘！【大章補更】,woshixiongshizaitaiwenjianle-yanguizhengzhuan/我師兄實在太穩健了_html704.html
第六百八十五章 家父，陳塘李靖！,woshixiongshizaitaiwenjianle-yanguizhengzhuan/我師兄實在太穩健了_html705.html
第六百八十六章 太白壓龍,woshixiongshizaitaiwenjianle-yanguizhengzhuan/我師兄實在太穩健了_html706.html
第六百八十七章 《穩教》,woshixiongshizaitaiwenjianle-yanguizhengzhuan/我師兄實在太穩健了_html707.html
第六百八十八章 論道鴻鈞（上）,woshixiongshizaitaiwenjianle-yanguizhengzhuan/我師兄實在太穩健了_html708.html
第六百八十九章 師祖，這次真不是有意算計,woshixiongshizaitaiwenjianle-yanguizhengzhuan/我師兄實在太穩健了_html709.html
第六百九十章 封神‘學院’！,woshixiongshizaitaiwenjianle-yanguizhengzhuan/我師兄實在太穩健了_html710.html
第六百九十一章 闡截初戰,woshixiongshizaitaiwenjianle-yanguizhengzhuan/我師兄實在太穩健了_html711.html
第六百九十二章 差點聊爆小破鍾,woshixiongshizaitaiwenjianle-yanguizhengzhuan/我師兄實在太穩健了_html712.html
單章：聊一聊最近的創作困境,woshixiongshizaitaiwenjianle-yanguizhengzhuan/我師兄實在太穩健了_html713.html
第六百九十三章 公明大婚！,woshixiongshizaitaiwenjianle-yanguizhengzhuan/我師兄實在太穩健了_html714.html
第六百九十四章 娥這波，必須有排面！,woshixiongshizaitaiwenjianle-yanguizhengzhuan/我師兄實在太穩健了_html715.html
第六百九十五章 你 不 懂 ！,woshixiongshizaitaiwenjianle-yanguizhengzhuan/我師兄實在太穩健了_html716.html
第六百九十六章 神農孕靈丹！,woshixiongshizaitaiwenjianle-yanguizhengzhuan/我師兄實在太穩健了_html717.html
第六百九十七章 殺瘋了，殺瘋了,woshixiongshizaitaiwenjianle-yanguizhengzhuan/我師兄實在太穩健了_html718.html
第六百九十八章 金靈有喜,woshixiongshizaitaiwenjianle-yanguizhengzhuan/我師兄實在太穩健了_html719.html
第六百九十九章 或真或假，惑天之策,woshixiongshizaitaiwenjianle-yanguizhengzhuan/我師兄實在太穩健了_html720.html
第七百章 太白一拜,woshixiongshizaitaiwenjianle-yanguizhengzhuan/我師兄實在太穩健了_html721.html
第七百零一章 囚身聖母宮,woshixiongshizaitaiwenjianle-yanguizhengzhuan/我師兄實在太穩健了_html722.html
第七百零二章 願這火焰給您些許溫暖,woshixiongshizaitaiwenjianle-yanguizhengzhuan/我師兄實在太穩健了_html723.html
單章：10月求票,woshixiongshizaitaiwenjianle-yanguizhengzhuan/我師兄實在太穩健了_html724.html
第七百零三章 【補更】十絕連環天煞斷命陣,woshixiongshizaitaiwenjianle-yanguizhengzhuan/我師兄實在太穩健了_html725.html
第七百零四章 聖人下場十絕危【中杯】,woshixiongshizaitaiwenjianle-yanguizhengzhuan/我師兄實在太穩健了_html726.html
第七百零五章 壽的不放心,woshixiongshizaitaiwenjianle-yanguizhengzhuan/我師兄實在太穩健了_html727.html
第七百零六章 弒聖者：壽【最大杯！】,woshixiongshizaitaiwenjianle-yanguizhengzhuan/我師兄實在太穩健了_html728.html
第七百零七章 今日起，洪荒只有五聖！,woshixiongshizaitaiwenjianle-yanguizhengzhuan/我師兄實在太穩健了_html729.html
第七百零八章 揚灰是一件很有儀式感的事,woshixiongshizaitaiwenjianle-yanguizhengzhuan/我師兄實在太穩健了_html730.html
第七百零九章 大劫破局路！,woshixiongshizaitaiwenjianle-yanguizhengzhuan/我師兄實在太穩健了_html731.html
第七百一十章 遠古老龍魂【十月求票】,woshixiongshizaitaiwenjianle-yanguizhengzhuan/我師兄實在太穩健了_html732.html
求票！【閱後即焚】,woshixiongshizaitaiwenjianle-yanguizhengzhuan/我師兄實在太穩健了_html733.html
第七百一十一章 論道鴻鈞（中）【國慶節中秋節快樂~】,woshixiongshizaitaiwenjianle-yanguizhengzhuan/我師兄實在太穩健了_html734.html
第七百一十二章 以蚊算金蓮,woshixiongshizaitaiwenjianle-yanguizhengzhuan/我師兄實在太穩健了_html735.html
第七百一十三章 生 靈 之 敵！【求票】,woshixiongshizaitaiwenjianle-yanguizhengzhuan/我師兄實在太穩健了_html736.html
第七百一十四章 聞仲命隕，夢中獻策【求票】,woshixiongshizaitaiwenjianle-yanguizhengzhuan/我師兄實在太穩健了_html737.html
第七百一十五章 道 祖 登 門！【求票】,woshixiongshizaitaiwenjianle-yanguizhengzhuan/我師兄實在太穩健了_html738.html
第七百一十六章 壽贏道祖一陣！【中杯求票】,woshixiongshizaitaiwenjianle-yanguizhengzhuan/我師兄實在太穩健了_html739.html
第七百一十七章 師祖，您着相了,woshixiongshizaitaiwenjianle-yanguizhengzhuan/我師兄實在太穩健了_html740.html
第七百一十八章 廣成子定計奇襲,woshixiongshizaitaiwenjianle-yanguizhengzhuan/我師兄實在太穩健了_html741.html
第七百一十九章 《摘星》【大杯求票】,woshixiongshizaitaiwenjianle-yanguizhengzhuan/我師兄實在太穩健了_html742.html
第七百二十章 壽臨 【中杯】,woshixiongshizaitaiwenjianle-yanguizhengzhuan/我師兄實在太穩健了_html743.html
免費單章：作者菌劇情總結,woshixiongshizaitaiwenjianle-yanguizhengzhuan/我師兄實在太穩健了_html744.html
第七百二十一章 撕 開 傷 口！,woshixiongshizaitaiwenjianle-yanguizhengzhuan/我師兄實在太穩健了_html745.html
第七百二十二章 元始天尊,woshixiongshizaitaiwenjianle-yanguizhengzhuan/我師兄實在太穩健了_html746.html
第七百二十三章 《天變》【大杯求票！】,woshixiongshizaitaiwenjianle-yanguizhengzhuan/我師兄實在太穩健了_html747.html
第七百二十四章 太 清 不 敗！,woshixiongshizaitaiwenjianle-yanguizhengzhuan/我師兄實在太穩健了_html748.html
第七百二十五章 流浪玄都城！【超大杯！】,woshixiongshizaitaiwenjianle-yanguizhengzhuan/我師兄實在太穩健了_html749.html
第七百二十六章 換個角度看洪荒,woshixiongshizaitaiwenjianle-yanguizhengzhuan/我師兄實在太穩健了_html750.html
第七百二十七章 李長壽的寶物名單,woshixiongshizaitaiwenjianle-yanguizhengzhuan/我師兄實在太穩健了_html751.html
第七百二十八章 誒嘿嘿,woshixiongshizaitaiwenjianle-yanguizhengzhuan/我師兄實在太穩健了_html752.html
第七百二十九章 哦，這熟悉的腔調,woshixiongshizaitaiwenjianle-yanguizhengzhuan/我師兄實在太穩健了_html753.html
第七百三十章 先遇多寶，後遇老君,woshixiongshizaitaiwenjianle-yanguizhengzhuan/我師兄實在太穩健了_html754.html
第七百三十一章 老君點一指，道祖託石胎！,woshixiongshizaitaiwenjianle-yanguizhengzhuan/我師兄實在太穩健了_html755.html
第七百三十二章 方寸山中坐，菩提待猴來,woshixiongshizaitaiwenjianle-yanguizhengzhuan/我師兄實在太穩健了_html756.html
第七百三十三章 化胡爲佛！,woshixiongshizaitaiwenjianle-yanguizhengzhuan/我師兄實在太穩健了_html757.html
第七百三十四章 靈山奪權,woshixiongshizaitaiwenjianle-yanguizhengzhuan/我師兄實在太穩健了_html758.html
第七百三十五章 石猴出世！,woshixiongshizaitaiwenjianle-yanguizhengzhuan/我師兄實在太穩健了_html759.html
第七百三十六章 道祖這個大馬猴！,woshixiongshizaitaiwenjianle-yanguizhengzhuan/我師兄實在太穩健了_html760.html
第七百三十七章 被抹除的記憶,woshixiongshizaitaiwenjianle-yanguizhengzhuan/我師兄實在太穩健了_html761.html
第七百三十八章 《取經人》,woshixiongshizaitaiwenjianle-yanguizhengzhuan/我師兄實在太穩健了_html762.html
第七百三十九章 教猴（上）,woshixiongshizaitaiwenjianle-yanguizhengzhuan/我師兄實在太穩健了_html763.html
第七百四十章 教猴（下）,woshixiongshizaitaiwenjianle-yanguizhengzhuan/我師兄實在太穩健了_html764.html
第七百四十一章 ‘虛菩提’的下場,woshixiongshizaitaiwenjianle-yanguizhengzhuan/我師兄實在太穩健了_html765.html
第七百四十二章 不滅金魂,woshixiongshizaitaiwenjianle-yanguizhengzhuan/我師兄實在太穩健了_html766.html
第七百四十三章 提菩虛,woshixiongshizaitaiwenjianle-yanguizhengzhuan/我師兄實在太穩健了_html767.html
第七百四十四章 接 頭 大 師,woshixiongshizaitaiwenjianle-yanguizhengzhuan/我師兄實在太穩健了_html768.html
第七百四十五章 叛天,woshixiongshizaitaiwenjianle-yanguizhengzhuan/我師兄實在太穩健了_html769.html
第747章 危·金蟬·危,woshixiongshizaitaiwenjianle-yanguizhengzhuan/我師兄實在太穩健了_html770.html
第748章 接引相召,woshixiongshizaitaiwenjianle-yanguizhengzhuan/我師兄實在太穩健了_html771.html
第749章 《大聖》【大杯！】,woshixiongshizaitaiwenjianle-yanguizhengzhuan/我師兄實在太穩健了_html772.html
第750章 悟空再上天，菩提坐蓮池,woshixiongshizaitaiwenjianle-yanguizhengzhuan/我師兄實在太穩健了_html773.html
第751章 玄雅之諫,woshixiongshizaitaiwenjianle-yanguizhengzhuan/我師兄實在太穩健了_html774.html
第752章 壞起來了,woshixiongshizaitaiwenjianle-yanguizhengzhuan/我師兄實在太穩健了_html775.html
第753章 均衡道再臨！【大杯】,woshixiongshizaitaiwenjianle-yanguizhengzhuan/我師兄實在太穩健了_html776.html
第754章 所向，紫霄宮！【大杯】,woshixiongshizaitaiwenjianle-yanguizhengzhuan/我師兄實在太穩健了_html777.html
第755章 論道鴻鈞！（下）,woshixiongshizaitaiwenjianle-yanguizhengzhuan/我師兄實在太穩健了_html778.html
第756章 弱小，卻主宰,woshixiongshizaitaiwenjianle-yanguizhengzhuan/我師兄實在太穩健了_html779.html
免費單章：浪前輩劇情梳理,woshixiongshizaitaiwenjianle-yanguizhengzhuan/我師兄實在太穩健了_html780.html
劇情解釋單章,woshixiongshizaitaiwenjianle-yanguizhengzhuan/我師兄實在太穩健了_html781.html
第757章 願吾道自長夜點起星辰之火焰,woshixiongshizaitaiwenjianle-yanguizhengzhuan/我師兄實在太穩健了_html782.html
第758章 伐天·下！,woshixiongshizaitaiwenjianle-yanguizhengzhuan/我師兄實在太穩健了_html783.html
第759章 決戰道祖！【萬字章節】,woshixiongshizaitaiwenjianle-yanguizhengzhuan/我師兄實在太穩健了_html784.html
第760章 其實，有人撒了個謊,woshixiongshizaitaiwenjianle-yanguizhengzhuan/我師兄實在太穩健了_html785.html
第761章 最弱金仙（又名：論道鴻鈞·終）,woshixiongshizaitaiwenjianle-yanguizhengzhuan/我師兄實在太穩健了_html786.html
第762章 永不落幕的小瓊峰·大結局,woshixiongshizaitaiwenjianle-yanguizhengzhuan/我師兄實在太穩健了_html787.html
完本感言,woshixiongshizaitaiwenjianle-yanguizhengzhuan/我師兄實在太穩健了_html788.html
番外一：一路同行（上）,woshixiongshizaitaiwenjianle-yanguizhengzhuan/我師兄實在太穩健了_html789.html
番外一：一路同行（還沒到中）,woshixiongshizaitaiwenjianle-yanguizhengzhuan/我師兄實在太穩健了_html790.html
番外一：一路同行（中）,woshixiongshizaitaiwenjianle-yanguizhengzhuan/我師兄實在太穩健了_html791.html
番外一：一路同行（中點五）,woshixiongshizaitaiwenjianle-yanguizhengzhuan/我師兄實在太穩健了_html792.html
這是一份正經的新書發佈通知！,woshixiongshizaitaiwenjianle-yanguizhengzhuan/我師兄實在太穩健了_html793.html
番外一：一路同行（下）,woshixiongshizaitaiwenjianle-yanguizhengzhuan/我師兄實在太穩健了_html794.html
