第1章 離鄉,xianni-ergen/仙逆_html1.html
第2章 仙人,xianni-ergen/仙逆_html2.html
第3章 測試,xianni-ergen/仙逆_html3.html
第4章 無情,xianni-ergen/仙逆_html4.html
第5章 回程,xianni-ergen/仙逆_html5.html
第6章 勢利,xianni-ergen/仙逆_html6.html
第7章 留書,xianni-ergen/仙逆_html7.html
第8章 石珠,xianni-ergen/仙逆_html8.html
第9章 下崖,xianni-ergen/仙逆_html9.html
第10章 入門,xianni-ergen/仙逆_html10.html
第11章 張虎,xianni-ergen/仙逆_html11.html
第12章 仙符,xianni-ergen/仙逆_html12.html
第13章 長老,xianni-ergen/仙逆_html13.html
第14章 異變,xianni-ergen/仙逆_html14.html
第15章 懷疑,xianni-ergen/仙逆_html15.html
第16章 弟子,xianni-ergen/仙逆_html16.html
第17章 修仙,xianni-ergen/仙逆_html17.html
第18章 葫蘆,xianni-ergen/仙逆_html18.html
第19章 逐門,xianni-ergen/仙逆_html19.html
第20章 九雲,xianni-ergen/仙逆_html20.html
第21章 奪靈,xianni-ergen/仙逆_html21.html
第22章 散功,xianni-ergen/仙逆_html22.html
第23章 十雲,xianni-ergen/仙逆_html23.html
第24章 修煉,xianni-ergen/仙逆_html24.html
第25章 凝氣,xianni-ergen/仙逆_html25.html
第26章 歹意,xianni-ergen/仙逆_html26.html
第27章 來訪,xianni-ergen/仙逆_html27.html
第28章 雜務,xianni-ergen/仙逆_html28.html
第29章 上門,xianni-ergen/仙逆_html29.html
第30章 王浩,xianni-ergen/仙逆_html30.html
第31章 雪水,xianni-ergen/仙逆_html31.html
第32章 交易,xianni-ergen/仙逆_html32.html
第33章 口訣,xianni-ergen/仙逆_html33.html
第34章 集訓,xianni-ergen/仙逆_html34.html
第35章 後山,xianni-ergen/仙逆_html35.html
第36章 是非,xianni-ergen/仙逆_html36.html
第37章 四年,xianni-ergen/仙逆_html37.html
第38章 光斑,xianni-ergen/仙逆_html38.html
第39章 鉅富,xianni-ergen/仙逆_html39.html
第40章 客來,xianni-ergen/仙逆_html40.html
第41章 蜈蚣,xianni-ergen/仙逆_html41.html
第42章 蜈毒,xianni-ergen/仙逆_html42.html
第43章 故友,xianni-ergen/仙逆_html43.html
第44章 李山,xianni-ergen/仙逆_html44.html
第45章 下賤,xianni-ergen/仙逆_html45.html
第46章 老怪,xianni-ergen/仙逆_html46.html
第47章 交流(1),xianni-ergen/仙逆_html47.html
第48章 交流(2),xianni-ergen/仙逆_html48.html
第49章 交流(3),xianni-ergen/仙逆_html49.html
第50章 交流(4),xianni-ergen/仙逆_html50.html
第51章 凝氣十四層？,xianni-ergen/仙逆_html51.html
第52章 －－六十一章,xianni-ergen/仙逆_html52.html
第62章 劫來,xianni-ergen/仙逆_html53.html
第63章 強勢,xianni-ergen/仙逆_html54.html
第64章 －－－七十章,xianni-ergen/仙逆_html55.html
第71章 四年,xianni-ergen/仙逆_html56.html
第72章 奪基大法,xianni-ergen/仙逆_html57.html
第73章 天水城,xianni-ergen/仙逆_html58.html
第74章 血光之災,xianni-ergen/仙逆_html59.html
第75章 再遇故人,xianni-ergen/仙逆_html60.html
第76章 古怪飛劍,xianni-ergen/仙逆_html61.html
第77章 即墨老人,xianni-ergen/仙逆_html62.html
第78章 藤家城,xianni-ergen/仙逆_html63.html
第79章 祭煉飛劍,xianni-ergen/仙逆_html64.html
第80章 血煉之法,xianni-ergen/仙逆_html65.html
第81章 奪基(一),xianni-ergen/仙逆_html66.html
第82章 奪基(二),xianni-ergen/仙逆_html67.html
第83章 奪基(三),xianni-ergen/仙逆_html68.html
第84章 奪基(四),xianni-ergen/仙逆_html69.html
第85章 奪基(五),xianni-ergen/仙逆_html70.html
第86章 叢林廢墟,xianni-ergen/仙逆_html71.html
第87章 黃泉寒丹,xianni-ergen/仙逆_html72.html
第88章 藍膚怪人,xianni-ergen/仙逆_html73.html
第89章 唬人法寶,xianni-ergen/仙逆_html74.html
第90章 初露跡象,xianni-ergen/仙逆_html75.html
第91章 極陰靈力,xianni-ergen/仙逆_html76.html
第92章 屍陰宗(一),xianni-ergen/仙逆_html77.html
第93章 屍陰宗(二),xianni-ergen/仙逆_html78.html
第94章 屍陰宗(三),xianni-ergen/仙逆_html79.html
第95章 進宗,xianni-ergen/仙逆_html80.html
第96章 爐鼎,xianni-ergen/仙逆_html81.html
第97章 鉅變,xianni-ergen/仙逆_html82.html
第98章 域外戰場之序,xianni-ergen/仙逆_html83.html
第99章 石珠變化,xianni-ergen/仙逆_html84.html
第100章 祭煉劍鞘,xianni-ergen/仙逆_html85.html
第101章 魂魄玉簡,xianni-ergen/仙逆_html86.html
第102章 悼劫,xianni-ergen/仙逆_html87.html
第103章 悼劫(二),xianni-ergen/仙逆_html88.html
第104章 悼劫,xianni-ergen/仙逆_html89.html
第105章 極境臨世,xianni-ergen/仙逆_html90.html
第106章 等級,xianni-ergen/仙逆_html91.html
第107章 米粒之光,xianni-ergen/仙逆_html92.html
第108章 故人,xianni-ergen/仙逆_html93.html
第一百零九章,xianni-ergen/仙逆_html94.html
第110章 柳眉,xianni-ergen/仙逆_html95.html
第一百一十一章,xianni-ergen/仙逆_html96.html
第一百一十二章,xianni-ergen/仙逆_html97.html
第一百一十三章,xianni-ergen/仙逆_html98.html
第一百一十四章,xianni-ergen/仙逆_html99.html
第一百一十五章,xianni-ergen/仙逆_html100.html
第一百一十六章,xianni-ergen/仙逆_html101.html
第117章 王林身亡,xianni-ergen/仙逆_html102.html
第118章 域外戰場,xianni-ergen/仙逆_html103.html
第119章 神識甦醒,xianni-ergen/仙逆_html104.html
第120章 王林迴歸,xianni-ergen/仙逆_html105.html
第121章 不知死活,xianni-ergen/仙逆_html106.html
第122章 去殺了他,xianni-ergen/仙逆_html107.html
第123章 魔頭,xianni-ergen/仙逆_html108.html
第124章 界律法則,xianni-ergen/仙逆_html109.html
第125章 極境神識,xianni-ergen/仙逆_html110.html
第126章 異國他鄉,xianni-ergen/仙逆_html111.html
第127章 火山閉關,xianni-ergen/仙逆_html112.html
第128章 焚金山脈,xianni-ergen/仙逆_html113.html
第129章 自制魔頭,xianni-ergen/仙逆_html114.html
第130章 元嬰忽來,xianni-ergen/仙逆_html115.html
第131章 他是肥羊？,xianni-ergen/仙逆_html116.html
第132章 火焚國劇變(一),xianni-ergen/仙逆_html117.html
第133章 火焚國劇變(二),xianni-ergen/仙逆_html118.html
第134章 舉國遷移,xianni-ergen/仙逆_html119.html
第135章 風雲變色,xianni-ergen/仙逆_html120.html
第136章 中年文士,xianni-ergen/仙逆_html121.html
第137章 鎖國大陣,xianni-ergen/仙逆_html122.html
第138章 天離丹,xianni-ergen/仙逆_html123.html
第139章 假丹境界,xianni-ergen/仙逆_html124.html
第140章 修魔海,xianni-ergen/仙逆_html125.html
第141章 鬥邪派,xianni-ergen/仙逆_html126.html
第142章 一身是寶,xianni-ergen/仙逆_html127.html
第143章 三顆寒丹,xianni-ergen/仙逆_html128.html
第144章 結丹(一),xianni-ergen/仙逆_html129.html
第145章 結丹(二),xianni-ergen/仙逆_html130.html
第146章 結丹(三),xianni-ergen/仙逆_html131.html
第147章 結丹(四),xianni-ergen/仙逆_html132.html
第148章 結丹(五),xianni-ergen/仙逆_html133.html
第149章 結丹,xianni-ergen/仙逆_html134.html
第150章 殺,xianni-ergen/仙逆_html135.html
第151章 萬魔百日誅殺令,xianni-ergen/仙逆_html136.html
第152章 殺伐血路,xianni-ergen/仙逆_html137.html
第153章 揚威南鬥,xianni-ergen/仙逆_html138.html
第154章 鬥龍大陣,xianni-ergen/仙逆_html139.html
第155章 劍修殘影,xianni-ergen/仙逆_html140.html
第156章 和他拼了,xianni-ergen/仙逆_html141.html
第157章 悽美的容顏,xianni-ergen/仙逆_html142.html
第158章 霧氣化海,xianni-ergen/仙逆_html143.html
第159章 青衫老者,xianni-ergen/仙逆_html144.html
第160章 修丹,xianni-ergen/仙逆_html145.html
第161章 八爪神識,xianni-ergen/仙逆_html146.html
第162章 達成協議,xianni-ergen/仙逆_html147.html
第163章 神道之術,xianni-ergen/仙逆_html148.html
第164章 神秘屍骸,xianni-ergen/仙逆_html149.html
第165章 怦然心動,xianni-ergen/仙逆_html150.html
第166章 古傳送陣,xianni-ergen/仙逆_html151.html
第167章 衆魔齊聚,xianni-ergen/仙逆_html152.html
第168章 古神之地,xianni-ergen/仙逆_html153.html
第169章 取髓,xianni-ergen/仙逆_html154.html
第170章 脫離隊伍,xianni-ergen/仙逆_html155.html
第171章 李慕婉留下的玉簡,xianni-ergen/仙逆_html156.html
第172章 土行之地,xianni-ergen/仙逆_html157.html
第173章 第二魔頭,xianni-ergen/仙逆_html158.html
第174章 魔頭異變,xianni-ergen/仙逆_html159.html
第175章 搶寶,xianni-ergen/仙逆_html160.html
第176章 奪取風羣,xianni-ergen/仙逆_html161.html
第177章 毒王鼎,xianni-ergen/仙逆_html162.html
第178章 禁制山,xianni-ergen/仙逆_html163.html
第179章 學習禁制,xianni-ergen/仙逆_html164.html
第180章 倒黴的古帝,xianni-ergen/仙逆_html165.html
第181章 禁制大爆發,xianni-ergen/仙逆_html166.html
第182章 古神塗司,xianni-ergen/仙逆_html167.html
第183章 異變初始,xianni-ergen/仙逆_html168.html
第184章 妖神血海,xianni-ergen/仙逆_html169.html
第185章 血海之主,xianni-ergen/仙逆_html170.html
第186章 氣海之外,xianni-ergen/仙逆_html171.html
第187章 古神傳承(一),xianni-ergen/仙逆_html172.html
第188章 古神傳承(二),xianni-ergen/仙逆_html173.html
第189章 古神傳承(三),xianni-ergen/仙逆_html174.html
第190章 古神傳承(四),xianni-ergen/仙逆_html175.html
第191章 神識死海,xianni-ergen/仙逆_html176.html
第192章 意料之外,xianni-ergen/仙逆_html177.html
第193章 血海封印,xianni-ergen/仙逆_html178.html
第194章 封印打開,xianni-ergen/仙逆_html179.html
第195章 死海疑點,xianni-ergen/仙逆_html180.html
第196章 變卦,xianni-ergen/仙逆_html181.html
第197章 真正傳承,xianni-ergen/仙逆_html182.html
第198章 身體重組,xianni-ergen/仙逆_html183.html
第199章 古神之地,xianni-ergen/仙逆_html184.html
第200章 有女雲妃,xianni-ergen/仙逆_html185.html
第201章 二百年,xianni-ergen/仙逆_html186.html
第202章 殺人滅口,xianni-ergen/仙逆_html187.html
第203張 麒麟獸城,xianni-ergen/仙逆_html188.html
第204章 古鏡與禁幡,xianni-ergen/仙逆_html189.html
第205章 歸息中的元嬰,xianni-ergen/仙逆_html190.html
第206章 天劫,xianni-ergen/仙逆_html191.html
第207章 殺人取丹,xianni-ergen/仙逆_html192.html
第208章 極境的終點,xianni-ergen/仙逆_html193.html
第209章 不散功的方法,xianni-ergen/仙逆_html194.html
第210章 凝練分身,xianni-ergen/仙逆_html195.html
第211章 雲天宗,xianni-ergen/仙逆_html196.html
第212章 奢侈,xianni-ergen/仙逆_html197.html
第213章 故人,xianni-ergen/仙逆_html198.html
第214章 惆悵,xianni-ergen/仙逆_html199.html
第215章 羅月,xianni-ergen/仙逆_html200.html
第216章 本尊，現,xianni-ergen/仙逆_html201.html
第217章 碰撞,xianni-ergen/仙逆_html202.html
第218章 決然,xianni-ergen/仙逆_html203.html
第219章 兩個月,xianni-ergen/仙逆_html204.html
第220章 丹藥,xianni-ergen/仙逆_html205.html
第221章 修爲飆升,xianni-ergen/仙逆_html206.html
第222章 奪天七鼎,xianni-ergen/仙逆_html207.html
第223章 開啓丹封,xianni-ergen/仙逆_html208.html
第224章 結嬰,xianni-ergen/仙逆_html209.html
第225章 拿去煉丹,xianni-ergen/仙逆_html210.html
第226章 離開楚國,xianni-ergen/仙逆_html211.html
第227章 再遇故人,xianni-ergen/仙逆_html212.html
第228章 收寵,xianni-ergen/仙逆_html213.html
第229章 蚊獸,xianni-ergen/仙逆_html214.html
第230章 殺人取令,xianni-ergen/仙逆_html215.html
第231章 趙國所在,xianni-ergen/仙逆_html216.html
第232章 劍鞘,xianni-ergen/仙逆_html217.html
第233章 住手！,xianni-ergen/仙逆_html218.html
第234章 藤化元,xianni-ergen/仙逆_html219.html
第235章 因爲，他姓藤,xianni-ergen/仙逆_html220.html
第236章 斬千人,xianni-ergen/仙逆_html221.html
第237章 王……王林？,xianni-ergen/仙逆_html222.html
第238章 核心族人,xianni-ergen/仙逆_html223.html
第239章 大樹欲倒,xianni-ergen/仙逆_html224.html
第240章 藤三,xianni-ergen/仙逆_html225.html
第241章 王卓,xianni-ergen/仙逆_html226.html
第242章 樸南子,xianni-ergen/仙逆_html227.html
第243章 藤一,xianni-ergen/仙逆_html228.html
第244章 滅藤(一),xianni-ergen/仙逆_html229.html
第245章 滅藤(二),xianni-ergen/仙逆_html230.html
第246章 滅藤,xianni-ergen/仙逆_html231.html
第247章 邪異男子,xianni-ergen/仙逆_html232.html
第248章 修星之晶,xianni-ergen/仙逆_html233.html
第249章 化凡,xianni-ergen/仙逆_html234.html
第250章 凝煞,xianni-ergen/仙逆_html235.html
第251章 歸隱,xianni-ergen/仙逆_html236.html
第252章 法寶,xianni-ergen/仙逆_html237.html
第253章 蛟龍木雕,xianni-ergen/仙逆_html238.html
第254章 沒見過,xianni-ergen/仙逆_html239.html
第255章 盜賊,xianni-ergen/仙逆_html240.html
第256章 寒冷,xianni-ergen/仙逆_html241.html
第257章 是你！,xianni-ergen/仙逆_html242.html
第258章 踢宗,xianni-ergen/仙逆_html243.html
第259章 意境,xianni-ergen/仙逆_html244.html
第260章 祖靈牌,xianni-ergen/仙逆_html245.html
第261章 暮年,xianni-ergen/仙逆_html246.html
第262章 糖人,xianni-ergen/仙逆_html247.html
第263章 百年必死,xianni-ergen/仙逆_html248.html
第264章 輪迴天道,xianni-ergen/仙逆_html249.html
第265章 雪變,xianni-ergen/仙逆_html250.html
第266章 雪域修士,xianni-ergen/仙逆_html251.html
第267章 殺人,xianni-ergen/仙逆_html252.html
第268章 雨鼎,xianni-ergen/仙逆_html253.html
第269章 天道無情,xianni-ergen/仙逆_html254.html
第270章 天之嬌女,xianni-ergen/仙逆_html255.html
第271章 十年化神,xianni-ergen/仙逆_html256.html
第272章 大牛,xianni-ergen/仙逆_html257.html
第273章 雪域降臨,xianni-ergen/仙逆_html258.html
第274章 地下冰雕,xianni-ergen/仙逆_html259.html
第275章 蒼龍,xianni-ergen/仙逆_html260.html
第276章 搶土靈！,xianni-ergen/仙逆_html261.html
第277章 紅蝶,xianni-ergen/仙逆_html262.html
第278章 天劫,xianni-ergen/仙逆_html263.html
第279章 天逆改變,xianni-ergen/仙逆_html264.html
第280章 師尊,xianni-ergen/仙逆_html265.html
第281章 榮譽,xianni-ergen/仙逆_html266.html
第282章 回趙化神,xianni-ergen/仙逆_html267.html
第283章 頓悟,xianni-ergen/仙逆_html268.html
第284章 剝極,xianni-ergen/仙逆_html269.html
第285章 處化,xianni-ergen/仙逆_html270.html
第286章 始化,xianni-ergen/仙逆_html271.html
第287章 轉世,xianni-ergen/仙逆_html272.html
第288章 第一把劍鞘,xianni-ergen/仙逆_html273.html
第289章 古神祭寶,xianni-ergen/仙逆_html274.html
第290章 沒名,xianni-ergen/仙逆_html275.html
第292章 歸來,xianni-ergen/仙逆_html276.html
第293章 天道開啓,xianni-ergen/仙逆_html277.html
第294章 震懾,xianni-ergen/仙逆_html278.html
第295章 破碎的仙界,xianni-ergen/仙逆_html279.html
第296章 仙界之氣,xianni-ergen/仙逆_html280.html
第297章 胎死腹中,xianni-ergen/仙逆_html281.html
第298章 幻相,xianni-ergen/仙逆_html282.html
第299章 戰紅蝶,xianni-ergen/仙逆_html283.html
第300章 仙玉,xianni-ergen/仙逆_html284.html
第302章 再探,xianni-ergen/仙逆_html285.html
第303章 各懷心思,xianni-ergen/仙逆_html286.html
第304章 仙界碎片的崩潰,xianni-ergen/仙逆_html287.html
第305章 遊魂蕩威,xianni-ergen/仙逆_html288.html
第306章 洞府所在,xianni-ergen/仙逆_html289.html
第307章 射神戰車,xianni-ergen/仙逆_html290.html
第308章 戀女屍,xianni-ergen/仙逆_html291.html
第309章 戰,xianni-ergen/仙逆_html292.html
第310章 重疊碎片,xianni-ergen/仙逆_html293.html
第311章 星羅盤,xianni-ergen/仙逆_html294.html
第312章 自找苦吃,xianni-ergen/仙逆_html295.html
第313章 女屍更好,xianni-ergen/仙逆_html296.html
第314章 附體,xianni-ergen/仙逆_html297.html
第315章 搶屍,xianni-ergen/仙逆_html298.html
第316章 曾牛，你敢殺我！,xianni-ergen/仙逆_html299.html
第317章 聞道者，朝生夕死,xianni-ergen/仙逆_html300.html
第318章 兩個禮物,xianni-ergen/仙逆_html301.html
第319章 噬主,xianni-ergen/仙逆_html302.html
第320章 羅盤,xianni-ergen/仙逆_html303.html
第321章 劍狂,xianni-ergen/仙逆_html304.html
第322章 未來師兄,xianni-ergen/仙逆_html305.html
第323章 劍尊凌天候,xianni-ergen/仙逆_html306.html
第324章 法術的仙意，無法遮蓋你千年的癡迷,xianni-ergen/仙逆_html307.html
第325章 突破,xianni-ergen/仙逆_html308.html
第326章 朱雀國新星,xianni-ergen/仙逆_html309.html
第327章 迴歸,xianni-ergen/仙逆_html310.html
第328章 心動,xianni-ergen/仙逆_html311.html
第329330章 我就是王林,xianni-ergen/仙逆_html312.html
第331章 魯莽？,xianni-ergen/仙逆_html313.html
第332章 隱居,xianni-ergen/仙逆_html314.html
第333章 新家,xianni-ergen/仙逆_html315.html
第334章 拔山,xianni-ergen/仙逆_html316.html
第335章 煉器閣化神修士,xianni-ergen/仙逆_html317.html
第336章 六品丹方,xianni-ergen/仙逆_html318.html
第337章 不捨,xianni-ergen/仙逆_html319.html
第338章 李慕婉,xianni-ergen/仙逆_html320.html
第339章 轉世重生,xianni-ergen/仙逆_html321.html
第340章 朱雀國使者,xianni-ergen/仙逆_html322.html
第341章 朱雀山的三次傳訊,xianni-ergen/仙逆_html323.html
第342章 野人餘孽,xianni-ergen/仙逆_html324.html
第343章 朱雀國,xianni-ergen/仙逆_html325.html
第344章 還記得鉅富麼,xianni-ergen/仙逆_html326.html
第345章 野人,xianni-ergen/仙逆_html327.html
第346章 術咒師,xianni-ergen/仙逆_html328.html
第347章 仙遺族,xianni-ergen/仙逆_html329.html
第348章 輪迴樹,xianni-ergen/仙逆_html330.html
第349章 半個時辰,xianni-ergen/仙逆_html331.html
第350章 射神車之威,xianni-ergen/仙逆_html332.html
第351章 逃,xianni-ergen/仙逆_html333.html
第352章 符傀,xianni-ergen/仙逆_html334.html
第353章 木屬性,xianni-ergen/仙逆_html335.html
第354章 斷你後路,xianni-ergen/仙逆_html336.html
第355章 餘人,xianni-ergen/仙逆_html337.html
第356章 離開,xianni-ergen/仙逆_html338.html
第357章 叔叔,xianni-ergen/仙逆_html339.html
第358章 司徒南,xianni-ergen/仙逆_html340.html
第359章 ，！,xianni-ergen/仙逆_html341.html
第360章 十年之約,xianni-ergen/仙逆_html342.html
第361章 朱雀國,xianni-ergen/仙逆_html343.html
第362章 紅蝶之戰,xianni-ergen/仙逆_html344.html
第363章 昆極鞭,xianni-ergen/仙逆_html345.html
第364章 戰車怒,xianni-ergen/仙逆_html346.html
第365章 意境威,xianni-ergen/仙逆_html347.html
第366章 陰謀初現,xianni-ergen/仙逆_html348.html
第367章 柳眉與乾風,xianni-ergen/仙逆_html349.html
第368章 大劫！,xianni-ergen/仙逆_html350.html
第369章 緣由,xianni-ergen/仙逆_html351.html
第370章 兩敗俱傷,xianni-ergen/仙逆_html352.html
第371章 凡人,xianni-ergen/仙逆_html353.html
第372章 火雲寨,xianni-ergen/仙逆_html354.html
第373章 蚊獸,xianni-ergen/仙逆_html355.html
第374章 水下之物,xianni-ergen/仙逆_html356.html
第375章 煉魂宗,xianni-ergen/仙逆_html357.html
第376章 舊年最後一天,xianni-ergen/仙逆_html358.html
第377章 聚靈,xianni-ergen/仙逆_html359.html
第378379章 瘋狂恢復,xianni-ergen/仙逆_html360.html
第380章 尋查,xianni-ergen/仙逆_html361.html
第381章 柳眉交鋒第一幕,xianni-ergen/仙逆_html362.html
第382章 極境與死咒術,xianni-ergen/仙逆_html363.html
第383章 煉魂宗內門,xianni-ergen/仙逆_html364.html
第384章 魂幡三法,xianni-ergen/仙逆_html365.html
第385章 金色魂幡,xianni-ergen/仙逆_html366.html
第386章 柳眉交鋒第二幕,xianni-ergen/仙逆_html367.html
第387章 戰主魂,xianni-ergen/仙逆_html368.html
第388章 收麒麟魂幡,xianni-ergen/仙逆_html369.html
第389章 小友，老夫等你多時,xianni-ergen/仙逆_html370.html
第390章 三份大禮,xianni-ergen/仙逆_html371.html
第391章 雲雀子,xianni-ergen/仙逆_html372.html
第392章 六級修真國,xianni-ergen/仙逆_html373.html
第393章 一字之威,xianni-ergen/仙逆_html374.html
第394章 最弱的嬰變與真正的王林,xianni-ergen/仙逆_html375.html
第395章 朱雀星天資最高之人,xianni-ergen/仙逆_html376.html
第396章 十億尊魂幡,xianni-ergen/仙逆_html377.html
第397章 巨魔族,xianni-ergen/仙逆_html378.html
第398章 叱虎的選擇,xianni-ergen/仙逆_html379.html
第399章 老祖現,xianni-ergen/仙逆_html380.html
第400章 許立國,xianni-ergen/仙逆_html381.html
第401章 周武泰,xianni-ergen/仙逆_html382.html
第402章 老祖滅,xianni-ergen/仙逆_html383.html
第403章 魅姬,xianni-ergen/仙逆_html384.html
第404章 周茹,xianni-ergen/仙逆_html385.html
第405章 小白,xianni-ergen/仙逆_html386.html
第406章 驚變,xianni-ergen/仙逆_html387.html
第407章 天道來臨,xianni-ergen/仙逆_html388.html
第408章 天意弄人,xianni-ergen/仙逆_html389.html
第409章 道心,xianni-ergen/仙逆_html390.html
第410章 嬰變(一),xianni-ergen/仙逆_html391.html
第411章 故人,xianni-ergen/仙逆_html392.html
第412章 餘寶,xianni-ergen/仙逆_html393.html
第413章 始祖,xianni-ergen/仙逆_html394.html
第414章 鉅富,xianni-ergen/仙逆_html395.html
第415章 嬰變(二),xianni-ergen/仙逆_html396.html
第416章 傳統,xianni-ergen/仙逆_html397.html
第417章 仙遺族二戰開啓,xianni-ergen/仙逆_html398.html
第418章 十億尊魂幡的真正威力,xianni-ergen/仙逆_html399.html
第419章 二代朱雀？司徒南？,xianni-ergen/仙逆_html400.html
第420章 乾風,xianni-ergen/仙逆_html401.html
第421章 嬰變,xianni-ergen/仙逆_html402.html
第422章 朱雀子,xianni-ergen/仙逆_html403.html
第423章 聰明莫若帝王,xianni-ergen/仙逆_html404.html
第424章 司徒南,xianni-ergen/仙逆_html405.html
第425章 童子,xianni-ergen/仙逆_html406.html
第426章 修星之晶,xianni-ergen/仙逆_html407.html
第427章 祖靈樹,xianni-ergen/仙逆_html408.html
第428章 小北炎極,xianni-ergen/仙逆_html409.html
第429章 修星之晶的秘密,xianni-ergen/仙逆_html410.html
第430章 執行者,xianni-ergen/仙逆_html411.html
第431章 鳩佔鵲巢,xianni-ergen/仙逆_html412.html
第432章 祖符頭骨,xianni-ergen/仙逆_html413.html
第433章 三祖是她,xianni-ergen/仙逆_html414.html
第434章 你可願，春風一度,xianni-ergen/仙逆_html415.html
第435章 屍陰宗地下的巨人,xianni-ergen/仙逆_html416.html
第436章 曹一斗,xianni-ergen/仙逆_html417.html
第437章 救我……,xianni-ergen/仙逆_html418.html
第438章 雷吉,xianni-ergen/仙逆_html419.html
第439章 道不同,xianni-ergen/仙逆_html420.html
第440章 問鼎之上,xianni-ergen/仙逆_html421.html
第441章 朱雀子的瘋狂(一),xianni-ergen/仙逆_html422.html
第442章 朱雀子的瘋狂,xianni-ergen/仙逆_html423.html
第443章 此人是誰,xianni-ergen/仙逆_html424.html
第444章 焦土之靈,xianni-ergen/仙逆_html425.html
第445章 慕容雲,xianni-ergen/仙逆_html426.html
第446章 祭壇,xianni-ergen/仙逆_html427.html
第447章 美豔不可方物,xianni-ergen/仙逆_html428.html
第448章 柳眉交鋒第三幕,xianni-ergen/仙逆_html429.html
第449章 最後一幻,xianni-ergen/仙逆_html430.html
第450章 千幻情慾道,xianni-ergen/仙逆_html431.html
第451章 婉兒命魂,xianni-ergen/仙逆_html432.html
第452章 奪魂,xianni-ergen/仙逆_html433.html
第453章 拓森的使者,xianni-ergen/仙逆_html434.html
第454章 奇寶,xianni-ergen/仙逆_html435.html
第455章 紅蝶,xianni-ergen/仙逆_html436.html
第456章 嫣紅,xianni-ergen/仙逆_html437.html
第457章 如蝶,xianni-ergen/仙逆_html438.html
第458章 齊聚,xianni-ergen/仙逆_html439.html
第459章 鐵石之人,xianni-ergen/仙逆_html440.html
第460章 金甲大漢,xianni-ergen/仙逆_html441.html
第461章 殺機,xianni-ergen/仙逆_html442.html
第462章 葉無憂,xianni-ergen/仙逆_html443.html
第463章 搶奪,xianni-ergen/仙逆_html444.html
第464章 朱雀傳承,xianni-ergen/仙逆_html445.html
第465章 戰乾風,xianni-ergen/仙逆_html446.html
第466章 拓森的殺機,xianni-ergen/仙逆_html447.html
第467章 修真聯盟使者,xianni-ergen/仙逆_html448.html
第468章 朱雀幕,xianni-ergen/仙逆_html449.html
第469章 一年,xianni-ergen/仙逆_html450.html
第470章 緣分已盡,xianni-ergen/仙逆_html451.html
第471章 煉寶,xianni-ergen/仙逆_html452.html
第472章 朱雀星,xianni-ergen/仙逆_html453.html
第473章 交易星,xianni-ergen/仙逆_html454.html
第474章 坤木石,xianni-ergen/仙逆_html455.html
第475章 白薇,xianni-ergen/仙逆_html456.html
第476章 獨自征途,xianni-ergen/仙逆_html457.html
第477章 初入天運,xianni-ergen/仙逆_html458.html
第478章 問道,xianni-ergen/仙逆_html459.html
第479章 道,xianni-ergen/仙逆_html460.html
第480章 紫雲閣,xianni-ergen/仙逆_html461.html
第481章 跋扈,xianni-ergen/仙逆_html462.html
第482章 紫林閣,xianni-ergen/仙逆_html463.html
第483章 化魔指,xianni-ergen/仙逆_html464.html
第484章 天運子,xianni-ergen/仙逆_html465.html
第485章 仙術,xianni-ergen/仙逆_html466.html
第486章 天運七子,xianni-ergen/仙逆_html467.html
第487章 劍意,xianni-ergen/仙逆_html468.html
第488章 困地修煉,xianni-ergen/仙逆_html469.html
第489章 壽宴,xianni-ergen/仙逆_html470.html
第490章 紫氣東來,xianni-ergen/仙逆_html471.html
第491章 闖宴,xianni-ergen/仙逆_html472.html
第492章 古妖,xianni-ergen/仙逆_html473.html
第493章 九轉煉仙訣,xianni-ergen/仙逆_html474.html
第494章 孫長老！,xianni-ergen/仙逆_html475.html
第495章 他！,xianni-ergen/仙逆_html476.html
第496章 又見凌天候,xianni-ergen/仙逆_html477.html
第497章 引仙術,xianni-ergen/仙逆_html478.html
第498章 趙欣夢,xianni-ergen/仙逆_html479.html
第499章 紫系老六,xianni-ergen/仙逆_html480.html
第500章 戰問鼎！,xianni-ergen/仙逆_html481.html
第501章 碎仙之地,xianni-ergen/仙逆_html482.html
第502章 意境入體,xianni-ergen/仙逆_html483.html
第503章 多了一個,xianni-ergen/仙逆_html484.html
第504章 殺戮劍訣,xianni-ergen/仙逆_html485.html
第505章 玄淵派,xianni-ergen/仙逆_html486.html
第506章 使者,xianni-ergen/仙逆_html487.html
第507章 地魔北界,xianni-ergen/仙逆_html488.html
第508章 蚊獸的進化,xianni-ergen/仙逆_html489.html
第509章 九黎蟲,xianni-ergen/仙逆_html490.html
第510章 崩！潰！,xianni-ergen/仙逆_html491.html
第511章 戰！,xianni-ergen/仙逆_html492.html
第512章 殺！,xianni-ergen/仙逆_html493.html
第513章 金靈根,xianni-ergen/仙逆_html494.html
第514章 目標,東海
第515章 東海爲何,xianni-ergen/仙逆_html496.html
第516章 貪狼之行,xianni-ergen/仙逆_html497.html
第517章 貪狼的心思,xianni-ergen/仙逆_html498.html
第518章 潮汐,xianni-ergen/仙逆_html499.html
第519章 令牌,xianni-ergen/仙逆_html500.html
第520章 東海妖靈,xianni-ergen/仙逆_html501.html
第521章 山谷,xianni-ergen/仙逆_html502.html
第522章 谷內長老,xianni-ergen/仙逆_html503.html
第523章 破陣,xianni-ergen/仙逆_html504.html
第524章 黃龍,xianni-ergen/仙逆_html505.html
第525章 天妖郡,xianni-ergen/仙逆_html506.html
第526章 黑衣男子,xianni-ergen/仙逆_html507.html
第527章 生之烙印,xianni-ergen/仙逆_html508.html
第528章 魔禁,xianni-ergen/仙逆_html509.html
第529章 抹殺,xianni-ergen/仙逆_html510.html
第530章 搜魂術,xianni-ergen/仙逆_html511.html
第531章 始境,xianni-ergen/仙逆_html512.html
第532章 煉魂新宗,xianni-ergen/仙逆_html513.html
第533章 妖力結晶,xianni-ergen/仙逆_html514.html
第534章 十三,xianni-ergen/仙逆_html515.html
第535章 散養魂魄,xianni-ergen/仙逆_html516.html
第536章 戰書,xianni-ergen/仙逆_html517.html
第537章,xianni-ergen/仙逆_html518.html
第538章,xianni-ergen/仙逆_html519.html
第539章 擴大,xianni-ergen/仙逆_html520.html
第540章 離去,xianni-ergen/仙逆_html521.html
第541章 進城,xianni-ergen/仙逆_html522.html
第542章 妖將的考驗,xianni-ergen/仙逆_html523.html
第543章 戰鬥中的明悟,xianni-ergen/仙逆_html524.html
第544章 魔之念,xianni-ergen/仙逆_html525.html
第545章 統領,xianni-ergen/仙逆_html526.html
第546章 妖兵,xianni-ergen/仙逆_html527.html
第547章 黑甲軍營,xianni-ergen/仙逆_html528.html
第548章 沉默的可怕,xianni-ergen/仙逆_html529.html
第549章 立威,xianni-ergen/仙逆_html530.html
第550章 姚惜雪,xianni-ergen/仙逆_html531.html
第551章 交易,xianni-ergen/仙逆_html532.html
第552章 血魂丹,xianni-ergen/仙逆_html533.html
第553章 仙晶,xianni-ergen/仙逆_html534.html
第554章 六筆金符,xianni-ergen/仙逆_html535.html
第555章 三符歸一,xianni-ergen/仙逆_html536.html
第556章 扭轉乾坤(上),xianni-ergen/仙逆_html537.html
第557章 扭轉乾坤(中),xianni-ergen/仙逆_html538.html
第558章 扭轉乾坤(下),xianni-ergen/仙逆_html539.html
第559章 廳榭,xianni-ergen/仙逆_html540.html
第560章 沉睡,xianni-ergen/仙逆_html541.html
第561章 收穫,xianni-ergen/仙逆_html542.html
第562章 嬰變期圓滿的實力,xianni-ergen/仙逆_html543.html
第563章 救十三,xianni-ergen/仙逆_html544.html
第564章 一掌,xianni-ergen/仙逆_html545.html
第565章 老祖迴歸,xianni-ergen/仙逆_html546.html
第566章 虎咆、老者與鎧甲,xianni-ergen/仙逆_html547.html
第567章 二問姚惜雪,xianni-ergen/仙逆_html548.html
第568章 熟人,xianni-ergen/仙逆_html549.html
第569章 亂京之篇，序,xianni-ergen/仙逆_html550.html
第570章 琴音,xianni-ergen/仙逆_html551.html
第571章 強顏,xianni-ergen/仙逆_html552.html
第572章 殺戮仙訣(上),xianni-ergen/仙逆_html553.html
第573574章 殺戮仙訣下,xianni-ergen/仙逆_html554.html
第574-575章 帝劍的委屈,xianni-ergen/仙逆_html555.html
第576章 王林，向我全力出手！,xianni-ergen/仙逆_html556.html
第577章 暗流,xianni-ergen/仙逆_html557.html
第578章 殺戮道！！,xianni-ergen/仙逆_html558.html
第579580章 凌天候的劍氣,xianni-ergen/仙逆_html559.html
第581章 妖將之戰,xianni-ergen/仙逆_html560.html
第582章 王林出列,xianni-ergen/仙逆_html561.html
第583584章 淫笑的許立國,xianni-ergen/仙逆_html562.html
第585586587章 許立國叛變計劃失敗三合一,xianni-ergen/仙逆_html563.html
第588589章 打賭,xianni-ergen/仙逆_html564.html
第590章 言出法隨,xianni-ergen/仙逆_html565.html
第591章 天帥動容,xianni-ergen/仙逆_html566.html
第592章 我要，問鼎,xianni-ergen/仙逆_html567.html
第593章 逆！,xianni-ergen/仙逆_html568.html
第594章 金甲之死,xianni-ergen/仙逆_html569.html
第595章 最簡單的天劫？不！,xianni-ergen/仙逆_html570.html
第596章 天威,xianni-ergen/仙逆_html571.html
第597章 妖鼓,xianni-ergen/仙逆_html572.html
第598章 問鼎之晶,xianni-ergen/仙逆_html573.html
第599章 問鼎初期,xianni-ergen/仙逆_html574.html
第600章 昇仙果,xianni-ergen/仙逆_html575.html
第601章 一滴,xianni-ergen/仙逆_html576.html
第602章 瘋狂的戰意,xianni-ergen/仙逆_html577.html
第603章 有殺氣……,xianni-ergen/仙逆_html578.html
第604章 十年頓悟，道化黃泉,xianni-ergen/仙逆_html579.html
第605章 妖衛,xianni-ergen/仙逆_html580.html
第606章 清醒,xianni-ergen/仙逆_html581.html
第607章 凝化泉魂,xianni-ergen/仙逆_html582.html
第608章 血魂丹,xianni-ergen/仙逆_html583.html
第609章 古妖血影,xianni-ergen/仙逆_html584.html
第610章 大功告成,xianni-ergen/仙逆_html585.html
第611章 不忘朱雀第一幕,xianni-ergen/仙逆_html586.html
第612章 第二元神,xianni-ergen/仙逆_html587.html
第613章 子鼠劍氣,xianni-ergen/仙逆_html588.html
第614章 第三道劍氣,xianni-ergen/仙逆_html589.html
第615章 貪狼的去向,xianni-ergen/仙逆_html590.html
第616章 仙帝青霖,xianni-ergen/仙逆_html591.html
第617章 第二道封印,xianni-ergen/仙逆_html592.html
第618章 新的變化，銀角雷獸,xianni-ergen/仙逆_html593.html
第619章 給我下來！,xianni-ergen/仙逆_html594.html
第620章 仙界之物,xianni-ergen/仙逆_html595.html
第621章 一代宗師,xianni-ergen/仙逆_html596.html
第622章 仙獸之糧,xianni-ergen/仙逆_html597.html
第623章 求求你了捆仙網……,xianni-ergen/仙逆_html598.html
第624章 捆他！,xianni-ergen/仙逆_html599.html
第625章 青霜,xianni-ergen/仙逆_html600.html
第626章 白衣女屍的身份,xianni-ergen/仙逆_html601.html
第627章 出關,xianni-ergen/仙逆_html602.html
第628章 百萬殺戮,xianni-ergen/仙逆_html603.html
第629章 古妖之戰,xianni-ergen/仙逆_html604.html
第630章 灰色身影,xianni-ergen/仙逆_html605.html
第631章 它的同伴,xianni-ergen/仙逆_html606.html
第632章 與天運子決裂的萌芽,xianni-ergen/仙逆_html607.html
第633章 土包子,xianni-ergen/仙逆_html608.html
第634章 自找苦吃,xianni-ergen/仙逆_html609.html
第635章 周佚所在,xianni-ergen/仙逆_html610.html
第636章 封印之處,xianni-ergen/仙逆_html611.html
第637章 救周佚,xianni-ergen/仙逆_html612.html
第638章 心死,xianni-ergen/仙逆_html613.html
第639章 周佚的本命劍氣,xianni-ergen/仙逆_html614.html
第640章 大禮！小坑！,xianni-ergen/仙逆_html615.html
第641章 雲仙道侶：王巍、胡娟,xianni-ergen/仙逆_html616.html
第642章 紫霧蚊獸,xianni-ergen/仙逆_html617.html
第642章 王林的睿智,xianni-ergen/仙逆_html618.html
第644章 紫霧歸一,xianni-ergen/仙逆_html619.html
第645章 果斷！,xianni-ergen/仙逆_html620.html
第646章 貪狼神通,xianni-ergen/仙逆_html621.html
第647章 鼎,xianni-ergen/仙逆_html622.html
第648章 太古雷龍,xianni-ergen/仙逆_html623.html
第649章 富貴兇中求，道緣險中取！,xianni-ergen/仙逆_html624.html
第650章 變異的元神,xianni-ergen/仙逆_html625.html
第651章 灰衣,xianni-ergen/仙逆_html626.html
第652章 煉製仙衛,xianni-ergen/仙逆_html627.html
第653章 強大的傀儡,xianni-ergen/仙逆_html628.html
第654章 殺戮仙訣的隱患,xianni-ergen/仙逆_html629.html
第655章 第三式,xianni-ergen/仙逆_html630.html
第656章 解開畫軸的秘密,xianni-ergen/仙逆_html631.html
第657658章 老怪降臨此卷終,xianni-ergen/仙逆_html632.html
第659章 離去,xianni-ergen/仙逆_html633.html
第660章 初入羅雲,xianni-ergen/仙逆_html634.html
第661章 眉兒,xianni-ergen/仙逆_html635.html
第662章 謀玉,xianni-ergen/仙逆_html636.html
第663章 孫老,xianni-ergen/仙逆_html637.html
第664章 錯過,xianni-ergen/仙逆_html638.html
第665章 警告,xianni-ergen/仙逆_html639.html
第666章 女扮男裝,xianni-ergen/仙逆_html640.html
第667章 針對王林的特殊法寶,xianni-ergen/仙逆_html641.html
第668章 四年前之因,xianni-ergen/仙逆_html642.html
第669章 孫泰,xianni-ergen/仙逆_html643.html
第670章 生死之上，可是因果,xianni-ergen/仙逆_html644.html
第671章 仙風輕拂，樹欲不靜,xianni-ergen/仙逆_html645.html
第672章 因果循環，尋生尋死,xianni-ergen/仙逆_html646.html
第673章 雲霞有金，五行缺一,xianni-ergen/仙逆_html647.html
第674章 聞風聽雨，魂憶知眉,xianni-ergen/仙逆_html648.html
第675章 司徒南再次閉關,xianni-ergen/仙逆_html649.html
第676章 幻眉臨近,xianni-ergen/仙逆_html650.html
第677章 狼煙起,xianni-ergen/仙逆_html651.html
第678章 來臨,xianni-ergen/仙逆_html652.html
第679章 萬幻天魔道,xianni-ergen/仙逆_html653.html
第680章 柳眉的特殊法寶,xianni-ergen/仙逆_html654.html
第681章 王平,xianni-ergen/仙逆_html655.html
第682章 道義,xianni-ergen/仙逆_html656.html
第683章 驚退千葵子,xianni-ergen/仙逆_html657.html
第684章 幻家分裂,xianni-ergen/仙逆_html658.html
第685章 斬羅訣！,xianni-ergen/仙逆_html659.html
第686章 散魔現,xianni-ergen/仙逆_html660.html
第687章 吞噬,xianni-ergen/仙逆_html661.html
第688章 塵歸塵、土歸土,xianni-ergen/仙逆_html662.html
第689章 一生不要修道,xianni-ergen/仙逆_html663.html
第690章 卸甲,xianni-ergen/仙逆_html664.html
第691章 離去,xianni-ergen/仙逆_html665.html
第692章 昇華,xianni-ergen/仙逆_html666.html
第693章 青宜,xianni-ergen/仙逆_html667.html
第694章 下不爲例,xianni-ergen/仙逆_html668.html
第695章 王平的要求,xianni-ergen/仙逆_html669.html
第696章 分離,xianni-ergen/仙逆_html670.html
第697章 歲月,xianni-ergen/仙逆_html671.html
第698章 母親,xianni-ergen/仙逆_html672.html
第699章 雷仙殿真正的使者,xianni-ergen/仙逆_html673.html
第700章 驚變,xianni-ergen/仙逆_html674.html
第701章 修爲,xianni-ergen/仙逆_html675.html
第702章 住口,xianni-ergen/仙逆_html676.html
第703章 第二步的神通,xianni-ergen/仙逆_html677.html
第704章 一世輪迴，結束,xianni-ergen/仙逆_html678.html
第705章 第二仙衛,xianni-ergen/仙逆_html679.html
第706章 可悲的貪狼,xianni-ergen/仙逆_html680.html
第707章 王林動容的仙術殘本,xianni-ergen/仙逆_html681.html
第708章 本尊、拓森、周茹,xianni-ergen/仙逆_html682.html
第709章 修道第四步，有麼,xianni-ergen/仙逆_html683.html
第710章 依附,xianni-ergen/仙逆_html684.html
第711章 排泄,xianni-ergen/仙逆_html685.html
第712章 貪狼的小寶物,xianni-ergen/仙逆_html686.html
第713章 抽望月之骨,xianni-ergen/仙逆_html687.html
第714章 望月甦醒,xianni-ergen/仙逆_html688.html
第715章 逃逃逃,xianni-ergen/仙逆_html689.html
第716章 望月之怒，如古神一指,xianni-ergen/仙逆_html690.html
第717章 逃出生天,xianni-ergen/仙逆_html691.html
第718章 雷獄,xianni-ergen/仙逆_html692.html
第719章 天逆吸收與天貪狼之寶,xianni-ergen/仙逆_html693.html
第720章 天逆圓滿,xianni-ergen/仙逆_html694.html
第721章 天逆的召喚,xianni-ergen/仙逆_html695.html
第722章 天逆驚變,xianni-ergen/仙逆_html696.html
第723章 尋道者，忘生知死，憾爾……,xianni-ergen/仙逆_html697.html
第724章 看到了第三步！,xianni-ergen/仙逆_html698.html
第725章 第一個依附者,xianni-ergen/仙逆_html699.html
第726章 凝聚雷元,xianni-ergen/仙逆_html700.html
第727章 雷的規則,xianni-ergen/仙逆_html701.html
第728章 懷疑,xianni-ergen/仙逆_html702.html
第729章 老子可厲害了,xianni-ergen/仙逆_html703.html
第730章 我的修真星,xianni-ergen/仙逆_html704.html
第731章 寄託因果意境的法器,xianni-ergen/仙逆_html705.html
第732章 大圓滿與許立國的惡趣,xianni-ergen/仙逆_html706.html
第733章 搶鼎,xianni-ergen/仙逆_html707.html
第734章 佔了大便宜,xianni-ergen/仙逆_html708.html
第735章 前無古人,xianni-ergen/仙逆_html709.html
第736章 雷之仙界,xianni-ergen/仙逆_html710.html
第737章 有緣人,xianni-ergen/仙逆_html711.html
第738章 要殺人！,xianni-ergen/仙逆_html712.html
第739章 東臨許家,xianni-ergen/仙逆_html713.html
第740章 絕倫，道念之戰,xianni-ergen/仙逆_html714.html
第741章 鳩佔鵲巢,xianni-ergen/仙逆_html715.html
第742章 魔蓮,xianni-ergen/仙逆_html716.html
第743章 李元,xianni-ergen/仙逆_html717.html
第744章 劍尖,xianni-ergen/仙逆_html718.html
第745章 很好，很好,xianni-ergen/仙逆_html719.html
第746章 幾成,xianni-ergen/仙逆_html720.html
第747章 燃燒,xianni-ergen/仙逆_html721.html
第748章 發難,xianni-ergen/仙逆_html722.html
第749章 劍柄與劍尖,xianni-ergen/仙逆_html723.html
第750章 奴印,xianni-ergen/仙逆_html724.html
第751章 血祖來臨,xianni-ergen/仙逆_html725.html
第752章 因果,xianni-ergen/仙逆_html726.html
第753章 沒有答案,xianni-ergen/仙逆_html727.html
第754章 古神皮甲,xianni-ergen/仙逆_html728.html
第755章 驚變,xianni-ergen/仙逆_html729.html
第756章 陷阱,xianni-ergen/仙逆_html730.html
第757章 獸骨,xianni-ergen/仙逆_html731.html
第758章 仙人遺物,xianni-ergen/仙逆_html732.html
第759章 準確就緒,xianni-ergen/仙逆_html733.html
第760章 終於來了,xianni-ergen/仙逆_html734.html
第761章 弒仙,xianni-ergen/仙逆_html735.html
第762763764章 機緣,xianni-ergen/仙逆_html736.html
第765章 血星,xianni-ergen/仙逆_html737.html
第766章 天煉之寶,xianni-ergen/仙逆_html738.html
第767章 陰虛！,xianni-ergen/仙逆_html739.html
第768章 陽實！反擊！,xianni-ergen/仙逆_html740.html
第769章 信心,xianni-ergen/仙逆_html741.html
第770771772章 姚家,xianni-ergen/仙逆_html742.html
第773章 十三天,xianni-ergen/仙逆_html743.html
第774章 子母道枯,xianni-ergen/仙逆_html744.html
第775章 暗洞,xianni-ergen/仙逆_html745.html
第776章 千丈禁地，入者死！,xianni-ergen/仙逆_html746.html
第777章 我叫許木！,xianni-ergen/仙逆_html747.html
第778章 劇變之序,xianni-ergen/仙逆_html748.html
第779章 極境再現,xianni-ergen/仙逆_html749.html
第780章 戰空烈,xianni-ergen/仙逆_html750.html
第781章 資格,xianni-ergen/仙逆_html751.html
第782章 九品仙君的資格,xianni-ergen/仙逆_html752.html
第783章 仙帝的神通,xianni-ergen/仙逆_html753.html
第784章 收藏品閣！,xianni-ergen/仙逆_html754.html
第785章 復活,xianni-ergen/仙逆_html755.html
第786章 “誰，也不能離去！”,xianni-ergen/仙逆_html756.html
第787788章 尊主出手吧,xianni-ergen/仙逆_html757.html
第789章 出手,xianni-ergen/仙逆_html758.html
第790章 火、炎、焱,xianni-ergen/仙逆_html759.html
第791章 目的,xianni-ergen/仙逆_html760.html
第792章 最接近遠古仙域之地,xianni-ergen/仙逆_html761.html
第793章 炎雷子,xianni-ergen/仙逆_html762.html
第794章 仙君清水,xianni-ergen/仙逆_html763.html
第795章 協定,xianni-ergen/仙逆_html764.html
第796章 師兄？,xianni-ergen/仙逆_html765.html
三章 完畢封推其間,xianni-ergen/仙逆_html766.html
第797798799章 衝出,xianni-ergen/仙逆_html767.html
第800章 求生的力量,xianni-ergen/仙逆_html768.html
第801章 大恩，永不忘,xianni-ergen/仙逆_html769.html
第802章 陌域篇,xianni-ergen/仙逆_html770.html
第803章 上仙,xianni-ergen/仙逆_html771.html
第804章 仙選族,xianni-ergen/仙逆_html772.html
第805章 霧獸,xianni-ergen/仙逆_html773.html
第806章 玄陰鼎,xianni-ergen/仙逆_html774.html
第807章 傳送小陣,xianni-ergen/仙逆_html775.html
第808章 七個符文,xianni-ergen/仙逆_html776.html
第809章 下族卑民,xianni-ergen/仙逆_html777.html
第810章,xianni-ergen/仙逆_html778.html
第810811章 蝴蝶之翅,xianni-ergen/仙逆_html779.html
第812章 古神皮甲,xianni-ergen/仙逆_html780.html
第813章 碎仙印出世,xianni-ergen/仙逆_html781.html
第814章 塔山仙衛,xianni-ergen/仙逆_html782.html
第815章 水晶棺材,xianni-ergen/仙逆_html783.html
第816章 骨,xianni-ergen/仙逆_html784.html
第817818819章 避天棺,xianni-ergen/仙逆_html785.html
第820章 兩件大事,xianni-ergen/仙逆_html786.html
第821章 許木！,xianni-ergen/仙逆_html787.html
第822章 兩柱香,xianni-ergen/仙逆_html788.html
第823章 姚長空,xianni-ergen/仙逆_html789.html
第824825826章 血神子的心思,xianni-ergen/仙逆_html790.html
第827章 姚冰雲,xianni-ergen/仙逆_html791.html
第828章 魔道子,xianni-ergen/仙逆_html792.html
第829章 九絕損神陣,xianni-ergen/仙逆_html793.html
第830章 大計劃,xianni-ergen/仙逆_html794.html
第831章 望月,xianni-ergen/仙逆_html795.html
第832章 望月之喜,xianni-ergen/仙逆_html796.html
第833章 甦醒,xianni-ergen/仙逆_html797.html
第834章 炎雷子再現,xianni-ergen/仙逆_html798.html
第835章 皮甲氣息,xianni-ergen/仙逆_html799.html
第836章 望月的秘密,xianni-ergen/仙逆_html800.html
第837章 鼎,xianni-ergen/仙逆_html801.html
第838章 冰雲,xianni-ergen/仙逆_html802.html
第839章 完美封印,xianni-ergen/仙逆_html803.html
第840章 來自望月體內的召喚,xianni-ergen/仙逆_html804.html
第841章 古神碎星,xianni-ergen/仙逆_html805.html
第842章 封印望月,xianni-ergen/仙逆_html806.html
第843章 回青靈星,xianni-ergen/仙逆_html807.html
第844章 吞噬,xianni-ergen/仙逆_html808.html
第845章 夢道,xianni-ergen/仙逆_html809.html
第846章 你可明悟？,xianni-ergen/仙逆_html810.html
第847章 改變,xianni-ergen/仙逆_html811.html
第848章 姚冰雲的道,xianni-ergen/仙逆_html812.html
第849章 退了一步,xianni-ergen/仙逆_html813.html
第850章 元力改變,xianni-ergen/仙逆_html814.html
第851章 窺涅,xianni-ergen/仙逆_html815.html
第852章 血神子,xianni-ergen/仙逆_html816.html
第853章 血燕,xianni-ergen/仙逆_html817.html
第854章 你，沒有資格,xianni-ergen/仙逆_html818.html
第855章 風聲鶴唳草木皆兵,xianni-ergen/仙逆_html819.html
第856章 撒豆成兵,xianni-ergen/仙逆_html820.html
第857章 第三步,xianni-ergen/仙逆_html821.html
第858章 目標，一百零八仙,xianni-ergen/仙逆_html822.html
第859章 來臨,xianni-ergen/仙逆_html823.html
第860章 我要第一,xianni-ergen/仙逆_html824.html
第861章 報恩,xianni-ergen/仙逆_html825.html
第862章 九曲天刀,xianni-ergen/仙逆_html826.html
第863章 老子慫了,xianni-ergen/仙逆_html827.html
第864章 最後一人,xianni-ergen/仙逆_html828.html
第865章 東臨許家,xianni-ergen/仙逆_html829.html
第866章 西子鳳,xianni-ergen/仙逆_html830.html
第867868章 不合格,xianni-ergen/仙逆_html831.html
第869章 神識之術,xianni-ergen/仙逆_html832.html
第870章 清水護短,xianni-ergen/仙逆_html833.html
第871章 孩童,xianni-ergen/仙逆_html834.html
第872  誰吞誰章,xianni-ergen/仙逆_html835.html
第873章 行使雷之權力,xianni-ergen/仙逆_html836.html
第874章 天之關,xianni-ergen/仙逆_html837.html
第875章 第三目進化,xianni-ergen/仙逆_html838.html
第876章 一線天,xianni-ergen/仙逆_html839.html
第877章 雷，滅,xianni-ergen/仙逆_html840.html
第878章 第三目,xianni-ergen/仙逆_html841.html
第879章 封仙,xianni-ergen/仙逆_html842.html
第880章 婉兒,xianni-ergen/仙逆_html843.html
第881章 “我，同意！”,xianni-ergen/仙逆_html844.html
第882章 空間壁壘，開！,xianni-ergen/仙逆_html845.html
第883章 東臨星,xianni-ergen/仙逆_html846.html
第884章 生機,xianni-ergen/仙逆_html847.html
第885章 清水的饋贈,xianni-ergen/仙逆_html848.html
第886章 司徒南出關,xianni-ergen/仙逆_html849.html
第887章 朱雀,xianni-ergen/仙逆_html850.html
第888章 王林的雕像,xianni-ergen/仙逆_html851.html
第889章 迴歸,xianni-ergen/仙逆_html852.html
第890章 大頭童子,xianni-ergen/仙逆_html853.html
第891章 僕從,xianni-ergen/仙逆_html854.html
第892章 回家,xianni-ergen/仙逆_html855.html
第893章 謝謝你們,xianni-ergen/仙逆_html856.html
第894章 大王朝,xianni-ergen/仙逆_html857.html
第895章 怒,xianni-ergen/仙逆_html858.html
第896章 屍陰宗,xianni-ergen/仙逆_html859.html
第897章 風掃殘葉,xianni-ergen/仙逆_html860.html
第898章 雷吉,xianni-ergen/仙逆_html861.html
第890900章 怨殿副殿,xianni-ergen/仙逆_html862.html
第901902903章 了卻因果,xianni-ergen/仙逆_html863.html
第904章 探秘仙遺,xianni-ergen/仙逆_html864.html
第905章 刑罰仙人,xianni-ergen/仙逆_html865.html
第906章 黃龍來臨！,xianni-ergen/仙逆_html866.html
第907章 朱雀序列,xianni-ergen/仙逆_html867.html
第908章 離去,xianni-ergen/仙逆_html868.html
第909章 給你一場奇蹟,xianni-ergen/仙逆_html869.html
第910章 最強合體！！！,xianni-ergen/仙逆_html870.html
第911章 殺域界,xianni-ergen/仙逆_html871.html
第912章 問錯,xianni-ergen/仙逆_html872.html
第913章 喚雨,xianni-ergen/仙逆_html873.html
第914章 屠羅計劃,xianni-ergen/仙逆_html874.html
第915章 十八地獄,xianni-ergen/仙逆_html875.html
第916章 聯盟手筆,xianni-ergen/仙逆_html876.html
第917章 羅天反擊,xianni-ergen/仙逆_html877.html
第918919920章 周天,xianni-ergen/仙逆_html878.html
第921章 青色玉簡~第922章 極賢天,xianni-ergen/仙逆_html879.html
第923章 投名狀,xianni-ergen/仙逆_html880.html
第924章 大功,xianni-ergen/仙逆_html881.html
第925章 百萬獸血鎖天神,xianni-ergen/仙逆_html882.html
第926章 千丈巨魔自崩潰,xianni-ergen/仙逆_html883.html
第927章 君不識妾,xianni-ergen/仙逆_html884.html
第928章 五行金屍,xianni-ergen/仙逆_html885.html
第929章 王林之物,xianni-ergen/仙逆_html886.html
第930章 聯盟長老團,xianni-ergen/仙逆_html887.html
第931章 次空涅,xianni-ergen/仙逆_html888.html
第932章 古神之氣,xianni-ergen/仙逆_html889.html
第933章 清水來臨,xianni-ergen/仙逆_html890.html
第934章 追入月口,xianni-ergen/仙逆_html891.html
第935章 委屈的雷獸,xianni-ergen/仙逆_html892.html
第936章 漁翁,xianni-ergen/仙逆_html893.html
第937章 畫地爲牢,xianni-ergen/仙逆_html894.html
第938章 古神傀儡之術,xianni-ergen/仙逆_html895.html
第939章,xianni-ergen/仙逆_html896.html
第940章 四星王族古神,xianni-ergen/仙逆_html897.html
第941章 王族法器,xianni-ergen/仙逆_html898.html
第942章 天逆震動,xianni-ergen/仙逆_html899.html
第943章 天道？,xianni-ergen/仙逆_html900.html
第944章 天逆再現！,xianni-ergen/仙逆_html901.html
第945章 隱秘,xianni-ergen/仙逆_html902.html
第946章 牧童遙指杏花村,xianni-ergen/仙逆_html903.html
第947章 資格,xianni-ergen/仙逆_html904.html
第948章 戰圖奧秘,xianni-ergen/仙逆_html905.html
第949章 幽冥引路,xianni-ergen/仙逆_html906.html
第950章 殺域界,xianni-ergen/仙逆_html907.html
第951章 給我屈服！,xianni-ergen/仙逆_html908.html
第952章 淨涅蹤跡,xianni-ergen/仙逆_html909.html
第953章 釵子,xianni-ergen/仙逆_html910.html
第954章 少爺,xianni-ergen/仙逆_html911.html
第955章 屍陰宗內宗弟子,xianni-ergen/仙逆_html912.html
第956章 粉衣女子,xianni-ergen/仙逆_html913.html
第957章 來臨,xianni-ergen/仙逆_html914.html
第958章 認可,xianni-ergen/仙逆_html915.html
第959章 天運子的秘密,xianni-ergen/仙逆_html916.html
第960章 初窺本源,xianni-ergen/仙逆_html917.html
第961章 王林的尷尬,xianni-ergen/仙逆_html918.html
第962章 許立國的最愛,xianni-ergen/仙逆_html919.html
第963章 塵道三子,xianni-ergen/仙逆_html920.html
第964章 化敵爲友,xianni-ergen/仙逆_html921.html
第965章 靈兒,xianni-ergen/仙逆_html922.html
第966章 明悟真相,xianni-ergen/仙逆_html923.html
第967章 讓天運算錯一次！,xianni-ergen/仙逆_html924.html
第968章 一指篡天運,xianni-ergen/仙逆_html925.html
第969章 來臨,xianni-ergen/仙逆_html926.html
第970章 破指,xianni-ergen/仙逆_html927.html
第971章 死結,xianni-ergen/仙逆_html928.html
第972章 灰衣天運子,xianni-ergen/仙逆_html929.html
第973章 天逆陰陽,xianni-ergen/仙逆_html930.html
第974章 昆虛聖女？,xianni-ergen/仙逆_html931.html
第975章 驚魂,xianni-ergen/仙逆_html932.html
第975976977章 天逆再開,xianni-ergen/仙逆_html933.html
第978章 路窄,xianni-ergen/仙逆_html934.html
第979980章 浮風子,xianni-ergen/仙逆_html935.html
第981章 可還記得靈兒,xianni-ergen/仙逆_html936.html
第982章 青光盾！,xianni-ergen/仙逆_html937.html
第983章 古神保命神通,xianni-ergen/仙逆_html938.html
第984章 夢如輪迴,xianni-ergen/仙逆_html939.html
第985章 寶瓶,xianni-ergen/仙逆_html940.html
第986章 始境,xianni-ergen/仙逆_html941.html
第987章 自創神通之殘夜,xianni-ergen/仙逆_html942.html
第988章 殘夜之力,xianni-ergen/仙逆_html943.html
第989章 最強一刻,xianni-ergen/仙逆_html944.html
第990章 搶人……,xianni-ergen/仙逆_html945.html
第八卷聯盟隱秘第991992章 重逢,xianni-ergen/仙逆_html946.html
第993章 毒,xianni-ergen/仙逆_html947.html
第994章 醉,xianni-ergen/仙逆_html948.html
第995章 魂,xianni-ergen/仙逆_html949.html
第996章 到來,xianni-ergen/仙逆_html950.html
第997章 虛空子,xianni-ergen/仙逆_html951.html
聯盟隱秘第998999章 姚惜雪的恨,xianni-ergen/仙逆_html952.html
第1000章 詭異的黑色石像,xianni-ergen/仙逆_html953.html
第1001章 第二分身(上),xianni-ergen/仙逆_html954.html
第1002章 第二分身(下),xianni-ergen/仙逆_html955.html
第1003章 帝君託孤,xianni-ergen/仙逆_html956.html
第1004章 仙府深處的存在,xianni-ergen/仙逆_html957.html
第1005章 花仙,xianni-ergen/仙逆_html958.html
第1006章 危機,xianni-ergen/仙逆_html959.html
第1007章 警告,xianni-ergen/仙逆_html960.html
第1008章 葬花,xianni-ergen/仙逆_html961.html
第1009章 誰的雕像,xianni-ergen/仙逆_html962.html
第1010章 花妃,xianni-ergen/仙逆_html963.html
第1011章 仙靈天境,xianni-ergen/仙逆_html964.html
第1012章 仙府開啓,xianni-ergen/仙逆_html965.html
第1013章 魔影,xianni-ergen/仙逆_html966.html
第10141015章 追,xianni-ergen/仙逆_html967.html
第1016章 大漠孤煙,xianni-ergen/仙逆_html968.html
第101710181019章 梵天,xianni-ergen/仙逆_html969.html
第1020章 青霜？,xianni-ergen/仙逆_html970.html
第1021章 朱雀覺醒,xianni-ergen/仙逆_html971.html
第1022章 潰！,xianni-ergen/仙逆_html972.html
第1023章 破瓶而出,xianni-ergen/仙逆_html973.html
第1024章 葬仙中的她！,xianni-ergen/仙逆_html974.html
第1025章 符族聖祖,xianni-ergen/仙逆_html975.html
第1026章 青霖，你騙我,xianni-ergen/仙逆_html976.html
第1027章 朱雀聖星,xianni-ergen/仙逆_html977.html
第1028章 定身術,xianni-ergen/仙逆_html978.html
第1029章 鳥散,xianni-ergen/仙逆_html979.html
第1030章 真與假之間的永恆,xianni-ergen/仙逆_html980.html
第1031章 枯符,xianni-ergen/仙逆_html981.html
第1032章 錯了麼,xianni-ergen/仙逆_html982.html
第10331034章 因果大成的源頭,xianni-ergen/仙逆_html983.html
第1035章 代,xianni-ergen/仙逆_html984.html
第1036章 你叫，姚惜雪,xianni-ergen/仙逆_html985.html
第1037章 相見,xianni-ergen/仙逆_html986.html
第1038章 窺涅巔峰,xianni-ergen/仙逆_html987.html
第10391040章 柳眉,xianni-ergen/仙逆_html988.html
第1041章 深坑之下,xianni-ergen/仙逆_html989.html
第1042章 鐵劍,xianni-ergen/仙逆_html990.html
第1043章 險中取劍,xianni-ergen/仙逆_html991.html
第1044章 迷惑,xianni-ergen/仙逆_html992.html
第1045章 次空涅,xianni-ergen/仙逆_html993.html
第1046章 虛空子的殺機,xianni-ergen/仙逆_html994.html
第1047章 反抗,xianni-ergen/仙逆_html995.html
第1048章 至寶,xianni-ergen/仙逆_html996.html
第1049章 想要王某之寶，儘管來！,xianni-ergen/仙逆_html997.html
第1050章 第六層,xianni-ergen/仙逆_html998.html
第1051章 周佚再現,xianni-ergen/仙逆_html999.html
第1052章 雲仙道侶的身份,xianni-ergen/仙逆_html1000.html
第1053章 虛空子的冷汗,xianni-ergen/仙逆_html1001.html
第1054章 逼壓虛空子,xianni-ergen/仙逆_html1002.html
第1055章 山崩,xianni-ergen/仙逆_html1003.html
第1056章 一更,xianni-ergen/仙逆_html1004.html
第1057章 二更,xianni-ergen/仙逆_html1005.html
第1058章,xianni-ergen/仙逆_html1006.html
第1059章,xianni-ergen/仙逆_html1007.html
第1060章,xianni-ergen/仙逆_html1008.html
第1061章,xianni-ergen/仙逆_html1009.html
第1062章 古魔之威,xianni-ergen/仙逆_html1010.html
第1063章 青霖奪舍前的一句話,xianni-ergen/仙逆_html1011.html
第1064章 黑衣人的身份,xianni-ergen/仙逆_html1012.html
第1065章 古之三族重聚,xianni-ergen/仙逆_html1013.html
第1066章,xianni-ergen/仙逆_html1014.html
第1067章,xianni-ergen/仙逆_html1015.html
第1068章,xianni-ergen/仙逆_html1016.html
第1069章,xianni-ergen/仙逆_html1017.html
第1070章,xianni-ergen/仙逆_html1018.html
第1071章 來臨,xianni-ergen/仙逆_html1019.html
第1072章 最強神通殘夜,xianni-ergen/仙逆_html1020.html
第1073章 拼,xianni-ergen/仙逆_html1021.html
第1074章 掌尊的力量,xianni-ergen/仙逆_html1022.html
第1075章 真靈融合,xianni-ergen/仙逆_html1023.html
第1076章 決戰開始,xianni-ergen/仙逆_html1024.html
第1077章 師徒之戰,xianni-ergen/仙逆_html1025.html
第1078章 塔山現身,xianni-ergen/仙逆_html1026.html
第1079章 木冰眉,xianni-ergen/仙逆_html1027.html
第1080章 不需她救,xianni-ergen/仙逆_html1028.html
第1081章 夢迴遠古,xianni-ergen/仙逆_html1029.html
第1082章,xianni-ergen/仙逆_html1030.html
第1083章 四聖器,xianni-ergen/仙逆_html1031.html
第1084章 孽緣,xianni-ergen/仙逆_html1032.html
第1085章 兩年,xianni-ergen/仙逆_html1033.html
第1086章 清水的消息,xianni-ergen/仙逆_html1034.html
第1087章 九玄第一變！,xianni-ergen/仙逆_html1035.html
第10881089章 新聖皇,xianni-ergen/仙逆_html1036.html
第1090章 墨智再現,xianni-ergen/仙逆_html1037.html
第1091章 三世火元之威,xianni-ergen/仙逆_html1038.html
第1092章 王林的打算,xianni-ergen/仙逆_html1039.html
第1093章 你要王林,xianni-ergen/仙逆_html1040.html
第1094章 認錯,xianni-ergen/仙逆_html1041.html
第1095章 不知此屍，能排第幾？,xianni-ergen/仙逆_html1042.html
第1096章 驚天隱秘,xianni-ergen/仙逆_html1043.html
第1097章 拓森亂之序,xianni-ergen/仙逆_html1044.html
第1098章 斷劍,xianni-ergen/仙逆_html1045.html
第1099章 外人,xianni-ergen/仙逆_html1046.html
第1100章 你可看透？,xianni-ergen/仙逆_html1047.html
第1101章,xianni-ergen/仙逆_html1048.html
第1102章,xianni-ergen/仙逆_html1049.html
第1103章 雲海,xianni-ergen/仙逆_html1050.html
第1104章 天劫,xianni-ergen/仙逆_html1051.html
第1105章 山崩,xianni-ergen/仙逆_html1052.html
第1106章 一山二崩,xianni-ergen/仙逆_html1053.html
第1107章 與天爭,xianni-ergen/仙逆_html1054.html
第1108章 遠古仙域的氣息,xianni-ergen/仙逆_html1055.html
第1109章 聖皇歸墟,xianni-ergen/仙逆_html1056.html
第1110章 雨界再開！,xianni-ergen/仙逆_html1057.html
第1111章 拓森！,xianni-ergen/仙逆_html1058.html
第1112章 雨界呼救,xianni-ergen/仙逆_html1059.html
第1113章,xianni-ergen/仙逆_html1060.html
第1114章,xianni-ergen/仙逆_html1061.html
第1115章,xianni-ergen/仙逆_html1062.html
第1116章,xianni-ergen/仙逆_html1063.html
第1117章,xianni-ergen/仙逆_html1064.html
第1118章 古魔道紋,xianni-ergen/仙逆_html1065.html
第1119章 默默,xianni-ergen/仙逆_html1066.html
第1120章 新的雨界,xianni-ergen/仙逆_html1067.html
第1121章 無後顧之憂,xianni-ergen/仙逆_html1068.html
第1122章 周茹,xianni-ergen/仙逆_html1069.html
第1123章 對不起,xianni-ergen/仙逆_html1070.html
第1124章 離別,xianni-ergen/仙逆_html1071.html
第1125章 吉窮,xianni-ergen/仙逆_html1072.html
第1126章 戰吉窮！,xianni-ergen/仙逆_html1073.html
第1127章 一頭！,xianni-ergen/仙逆_html1074.html
第1128章 分身之死,xianni-ergen/仙逆_html1075.html
第1129章 上尊,xianni-ergen/仙逆_html1076.html
第1130章 屍陰八王,xianni-ergen/仙逆_html1077.html
第1131章,xianni-ergen/仙逆_html1078.html
第1132章 無極子,xianni-ergen/仙逆_html1079.html
第1133章 三損七劫,xianni-ergen/仙逆_html1080.html
第1134章 拓森現,xianni-ergen/仙逆_html1081.html
第1135章 古神之強,xianni-ergen/仙逆_html1082.html
第1136章 亡命天涯,xianni-ergen/仙逆_html1083.html
第1137章 雪,xianni-ergen/仙逆_html1084.html
第1138章 雨,xianni-ergen/仙逆_html1085.html
第1139章 曾牛,xianni-ergen/仙逆_html1086.html
第1140章 歸元宗,xianni-ergen/仙逆_html1087.html
第1141章 呂煙菲,xianni-ergen/仙逆_html1088.html
第1142章 精魂,xianni-ergen/仙逆_html1089.html
第1143章 紫氣西來,xianni-ergen/仙逆_html1090.html
第1144章 彩虹,xianni-ergen/仙逆_html1091.html
第1145章 一根汗毛,xianni-ergen/仙逆_html1092.html
第1146章 天逆二次圓滿的希望,xianni-ergen/仙逆_html1093.html
第1147章 孫芸的心痛,xianni-ergen/仙逆_html1094.html
第1148章 蠻荒大陸,xianni-ergen/仙逆_html1095.html
第1149章 調動與操控,xianni-ergen/仙逆_html1096.html
第1150章 驚變,xianni-ergen/仙逆_html1097.html
第1151章 來的好快！,xianni-ergen/仙逆_html1098.html
第1152章 山谷之內,xianni-ergen/仙逆_html1099.html
第1153章 每臨大事有靜氣,xianni-ergen/仙逆_html1100.html
第1154章 一觸即發！,xianni-ergen/仙逆_html1101.html
第1155章 連斬！,xianni-ergen/仙逆_html1102.html
第1156章 離開漩渦,xianni-ergen/仙逆_html1103.html
第1157章 一損兩劫,xianni-ergen/仙逆_html1104.html
第1158章 重凝神骨,xianni-ergen/仙逆_html1105.html
第1159章 威！,xianni-ergen/仙逆_html1106.html
第1160章 李倩梅,xianni-ergen/仙逆_html1107.html
第1161章 吞丹茫道,xianni-ergen/仙逆_html1108.html
第1162章 傷人者，人恆傷之,xianni-ergen/仙逆_html1109.html
第1163章 恕罪！,xianni-ergen/仙逆_html1110.html
第1164章 三個問題,xianni-ergen/仙逆_html1111.html
第1165章 盧雲從，比不了！,xianni-ergen/仙逆_html1112.html
第1166章 天的謊言,xianni-ergen/仙逆_html1113.html
第1167章 回眸一笑,xianni-ergen/仙逆_html1114.html
第1168章 九階背後的神秘星域,xianni-ergen/仙逆_html1115.html
第1169章 你是誰！,xianni-ergen/仙逆_html1116.html
第1170章 何事,xianni-ergen/仙逆_html1117.html
第1171章 不解,xianni-ergen/仙逆_html1118.html
第1172章 碎涅的圈子,xianni-ergen/仙逆_html1119.html
第1173章 風欲動,xianni-ergen/仙逆_html1120.html
第1174章 你來晚了,xianni-ergen/仙逆_html1121.html
第1175章 神宗門人,xianni-ergen/仙逆_html1122.html
第1176章 相忘於江湖,xianni-ergen/仙逆_html1123.html
第1177章 神魔甲,xianni-ergen/仙逆_html1124.html
第1178章 資格,xianni-ergen/仙逆_html1125.html
第1179章 羣魔聚,xianni-ergen/仙逆_html1126.html
第1180章 崢嶸！,xianni-ergen/仙逆_html1127.html
第1181章 血魂子丟了,xianni-ergen/仙逆_html1128.html
第1182章 七彩界,xianni-ergen/仙逆_html1129.html
第1183章 不要動,xianni-ergen/仙逆_html1130.html
第1184章 奉至修真行,xianni-ergen/仙逆_html1131.html
第1185章 九步封天陣,xianni-ergen/仙逆_html1132.html
第1186章 道應如此,xianni-ergen/仙逆_html1133.html
第1187章 豐收！,xianni-ergen/仙逆_html1134.html
第11章 道經,xianni-ergen/仙逆_html1135.html
第1189章 多寶的蒼松子,xianni-ergen/仙逆_html1136.html
第1190章 骨下之瓶,xianni-ergen/仙逆_html1137.html
第1191章 天運再現,xianni-ergen/仙逆_html1138.html
第1192章 三叉戟,xianni-ergen/仙逆_html1139.html
第1193章 血戰蒼松子！,xianni-ergen/仙逆_html1140.html
第1194章 破羅,xianni-ergen/仙逆_html1141.html
第1195章 七彩釘,xianni-ergen/仙逆_html1142.html
第1196章 司馬墨的秘密,xianni-ergen/仙逆_html1143.html
第1197章 掌尊,xianni-ergen/仙逆_html1144.html
第1198章 丹藥,xianni-ergen/仙逆_html1145.html
第1199章 聞道,xianni-ergen/仙逆_html1146.html
第1200章 道散,xianni-ergen/仙逆_html1147.html
第1201章 守護,xianni-ergen/仙逆_html1148.html
第1202章 種道,xianni-ergen/仙逆_html1149.html
第1203章 道髓,xianni-ergen/仙逆_html1150.html
第1204章 天道之計,xianni-ergen/仙逆_html1151.html
第1205章 傲！,xianni-ergen/仙逆_html1152.html
第1206章 我輩修士，何惜一戰！,xianni-ergen/仙逆_html1153.html
第1207章 雷？火？,xianni-ergen/仙逆_html1154.html
第1208章 解太古之約,xianni-ergen/仙逆_html1155.html
第1209章 會麼？,xianni-ergen/仙逆_html1156.html
第1210章 藍色朱雀！,xianni-ergen/仙逆_html1157.html
第1211章 青龍聖皇,xianni-ergen/仙逆_html1158.html
第1212章 封滅族,xianni-ergen/仙逆_html1159.html
第1213章 道術！,xianni-ergen/仙逆_html1160.html
第1214章 鐵柱,xianni-ergen/仙逆_html1161.html
第1215章 美妙與回味,xianni-ergen/仙逆_html1162.html
第1216章 七彩花,xianni-ergen/仙逆_html1163.html
第1217章 甦醒,xianni-ergen/仙逆_html1164.html
第1218章 封界之陣,xianni-ergen/仙逆_html1165.html
第1219章 八靈現,xianni-ergen/仙逆_html1166.html
第1220章 天逆之主,xianni-ergen/仙逆_html1167.html
第1221章 封界之主的身份,xianni-ergen/仙逆_html1168.html
第1222章 雲魂子的敬畏,xianni-ergen/仙逆_html1169.html
第1223章 驚變,xianni-ergen/仙逆_html1170.html
第1224章 掌心,xianni-ergen/仙逆_html1171.html
第1225章 碎指,xianni-ergen/仙逆_html1172.html
第1226章 你可是掌尊,xianni-ergen/仙逆_html1173.html
第1227章 百年前的福佑,xianni-ergen/仙逆_html1174.html
第1228章 老夫劉金彪！！,xianni-ergen/仙逆_html1175.html
第1229章 目標，風之仙界！,xianni-ergen/仙逆_html1176.html
第1230章 強！,xianni-ergen/仙逆_html1177.html
第1231章 火蜈,xianni-ergen/仙逆_html1178.html
第1232章 驚容,xianni-ergen/仙逆_html1179.html
第1233章 風動,xianni-ergen/仙逆_html1180.html
第1234章 迎接,xianni-ergen/仙逆_html1181.html
第1235章 凝聚赤紅蚊獸,xianni-ergen/仙逆_html1182.html
第1236章 另一個蚊獸王,xianni-ergen/仙逆_html1183.html
第1237章 逼近,xianni-ergen/仙逆_html1184.html
第1238章 新王！,xianni-ergen/仙逆_html1185.html
第1239章 歸元宗,xianni-ergen/仙逆_html1186.html
第1240章 李倩梅,xianni-ergen/仙逆_html1187.html
第1241章 他，來了麼,xianni-ergen/仙逆_html1188.html
第1242章 殘夜之後,xianni-ergen/仙逆_html1189.html
第1243章 第九道規則,xianni-ergen/仙逆_html1190.html
第1244章 流月,xianni-ergen/仙逆_html1191.html
第1245章 一息百年,xianni-ergen/仙逆_html1192.html
第1246章 逆之蚊獸,xianni-ergen/仙逆_html1193.html
第1247章 蚊王變異,xianni-ergen/仙逆_html1194.html
第1248章 收,xianni-ergen/仙逆_html1195.html
第1249章 木冰眉,xianni-ergen/仙逆_html1196.html
第1250章 叱吒無極(一),xianni-ergen/仙逆_html1197.html
第1251章 叱吒無極(二),xianni-ergen/仙逆_html1198.html
第1252章 叱吒無極(三),xianni-ergen/仙逆_html1199.html
第1253章 叱吒無極(四),xianni-ergen/仙逆_html1200.html
第1254章 叱吒無極(五),xianni-ergen/仙逆_html1201.html
第1255章 叱吒無極(六),xianni-ergen/仙逆_html1202.html
第1256章 叱吒無極(七),xianni-ergen/仙逆_html1203.html
第1257章 叱吒無極(八),xianni-ergen/仙逆_html1204.html
第1258章 叱吒無極，殘夜,xianni-ergen/仙逆_html1205.html
第1259章 叱吒無極，流月,xianni-ergen/仙逆_html1206.html
第1260章 隱現生死劫,xianni-ergen/仙逆_html1207.html
第1261章 來自神宗的殺劫,xianni-ergen/仙逆_html1208.html
第1262章 回來了,xianni-ergen/仙逆_html1209.html
第1263章 魚兒與飛鳥,xianni-ergen/仙逆_html1210.html
第1264章 知曉,xianni-ergen/仙逆_html1211.html
第1264章 驚變！,xianni-ergen/仙逆_html1212.html
第1266章 一線生機！,xianni-ergen/仙逆_html1213.html
第1267章 你就是劉金彪？,xianni-ergen/仙逆_html1214.html
第1268章 天逆消失！,xianni-ergen/仙逆_html1215.html
第1269章 第1270章 沒有了家……,xianni-ergen/仙逆_html1216.html
第1271章 等你到來,xianni-ergen/仙逆_html1217.html
第1272章 射神車再現,xianni-ergen/仙逆_html1218.html
第1273章 來臨！,xianni-ergen/仙逆_html1219.html
第1274章 色變,xianni-ergen/仙逆_html1220.html
第1275章 涅劫四境,xianni-ergen/仙逆_html1221.html
第1276章 反擊！,xianni-ergen/仙逆_html1222.html
第1277章 重生！,xianni-ergen/仙逆_html1223.html
第1278章 一百拳,xianni-ergen/仙逆_html1224.html
第1279章 傷！,xianni-ergen/仙逆_html1225.html
第1280章 三道本源！！！,xianni-ergen/仙逆_html1226.html
第1281章 封界之玉,xianni-ergen/仙逆_html1227.html
第1282章 大造化的開始,xianni-ergen/仙逆_html1228.html
第1283章 封界之尊,xianni-ergen/仙逆_html1229.html
第1284章 天逆的來歷,xianni-ergen/仙逆_html1230.html
第12851286章 甦醒,xianni-ergen/仙逆_html1231.html
第1287章 雖千萬人吾往矣！,xianni-ergen/仙逆_html1232.html
第1288章 十年前的威名！,xianni-ergen/仙逆_html1233.html
第1289章 強者爲尊！,xianni-ergen/仙逆_html1234.html
第1290章 一句話！,xianni-ergen/仙逆_html1235.html
第1291章 妖宗裂縫,xianni-ergen/仙逆_html1236.html
第1292章 紅芒下的白衣身影,xianni-ergen/仙逆_html1237.html
第1293章 成我坐騎，饒你一命!,xianni-ergen/仙逆_html1238.html
第1294章 道術,xianni-ergen/仙逆_html1239.html
第1295章 李倩梅的線索,xianni-ergen/仙逆_html1240.html
第1296章 長嘯,xianni-ergen/仙逆_html1241.html
第1297章 衝,xianni-ergen/仙逆_html1242.html
第1298章 撕開封印！,xianni-ergen/仙逆_html1243.html
第1299章 十三階,xianni-ergen/仙逆_html1244.html
第1300章 古神祭壇,xianni-ergen/仙逆_html1245.html
第1301章 天劫來臨,xianni-ergen/仙逆_html1246.html
第1302章 隻手遮天,xianni-ergen/仙逆_html1247.html
第1303章 封界大陣,xianni-ergen/仙逆_html1248.html
第1304章 九宮八卦,xianni-ergen/仙逆_html1249.html
第1305章 天劫爲劫，亦爲造化,xianni-ergen/仙逆_html1250.html
第1306章 極境誕生,xianni-ergen/仙逆_html1251.html
第1307章 吞靈噬體絕天大法！,xianni-ergen/仙逆_html1252.html
第1308章 拓森,xianni-ergen/仙逆_html1253.html
第1309章 追殺！！,xianni-ergen/仙逆_html1254.html
第1310章 關聯,xianni-ergen/仙逆_html1255.html
第1311章 宿命第一戰,xianni-ergen/仙逆_html1256.html
第1312章 宿命第一戰,xianni-ergen/仙逆_html1257.html
第1313章 宿命第一戰,xianni-ergen/仙逆_html1258.html
第1314章 宿命第一戰,xianni-ergen/仙逆_html1259.html
第1315章 宿命第一戰,xianni-ergen/仙逆_html1260.html
第1316章 把她，給我,xianni-ergen/仙逆_html1261.html
第1317章 續……,xianni-ergen/仙逆_html1262.html
第1318章 白衣女子,xianni-ergen/仙逆_html1263.html
第1319章 抉擇,xianni-ergen/仙逆_html1264.html
第1320章 融,xianni-ergen/仙逆_html1265.html
第1321章 第三步的隔膜,xianni-ergen/仙逆_html1266.html
第1322章 異變！,xianni-ergen/仙逆_html1267.html
第1322章 門徒香火,xianni-ergen/仙逆_html1268.html
第1324章 走出藍絲！,xianni-ergen/仙逆_html1269.html
第1325章 投影分身,xianni-ergen/仙逆_html1270.html
第1326章 追,xianni-ergen/仙逆_html1271.html
第1327章 騙局……,xianni-ergen/仙逆_html1272.html
第1328章 奪舍,xianni-ergen/仙逆_html1273.html
第1329章 閃雷族,xianni-ergen/仙逆_html1274.html
第1330章 閃雷榜,xianni-ergen/仙逆_html1275.html
第1331章 爲前輩……,xianni-ergen/仙逆_html1276.html
第1332章 勁敵,xianni-ergen/仙逆_html1277.html
第1333章 這纔是生活,xianni-ergen/仙逆_html1278.html
第1334章 一個可怕的猜測,xianni-ergen/仙逆_html1279.html
第1335章 雷晶殿,xianni-ergen/仙逆_html1280.html
第1336章 晉升閃雷榜,xianni-ergen/仙逆_html1281.html
第1337章 閃雷族的隱秘,xianni-ergen/仙逆_html1282.html
第1338章 殺周天子,xianni-ergen/仙逆_html1283.html
第1339章 不懷好意,xianni-ergen/仙逆_html1284.html
第1340章 這就是天劫麼！,xianni-ergen/仙逆_html1285.html
第1341章 我就是天劫！,xianni-ergen/仙逆_html1286.html
第1342章 雷修大能之路！,xianni-ergen/仙逆_html1287.html
第1343章 誘餌,xianni-ergen/仙逆_html1288.html
第1344章 散靈上人,xianni-ergen/仙逆_html1289.html
第1345章 天地的盡頭,xianni-ergen/仙逆_html1290.html
第1346章 主人在哪！,xianni-ergen/仙逆_html1291.html
第1347章 閃雷之戰！(一),xianni-ergen/仙逆_html1292.html
第1348章 閃雷之戰！(二),xianni-ergen/仙逆_html1293.html
第1349章 閃雷之戰！(三),xianni-ergen/仙逆_html1294.html
第1350章 閃雷之戰！(四),xianni-ergen/仙逆_html1295.html
第1351章 閃雷之戰！(五),xianni-ergen/仙逆_html1296.html
第1352章 閃雷之戰！(六),xianni-ergen/仙逆_html1297.html
第1353章 閃雷之戰！(七),xianni-ergen/仙逆_html1298.html
第1354章 七劍斬天山(一),xianni-ergen/仙逆_html1299.html
第1355章 七劍斬天山(二),xianni-ergen/仙逆_html1300.html
第1356章 七劍斬天山(三),xianni-ergen/仙逆_html1301.html
第1357章 七劍斬天山(四),xianni-ergen/仙逆_html1302.html
第1358章 七劍斬天山(完),xianni-ergen/仙逆_html1303.html
第1359章 傳說……,xianni-ergen/仙逆_html1304.html
第1360章 精神支柱坍塌！,xianni-ergen/仙逆_html1305.html
第1361章 給我下來！！,xianni-ergen/仙逆_html1306.html
第1362章 天道使者再現！,xianni-ergen/仙逆_html1307.html
第1363章 久違的平靜,xianni-ergen/仙逆_html1308.html
第1364章 太古星辰令,xianni-ergen/仙逆_html1309.html
第1365章 三幅畫面,xianni-ergen/仙逆_html1310.html
第1366章 五彩極境,xianni-ergen/仙逆_html1311.html
第1367章 司墨子！,xianni-ergen/仙逆_html1312.html
第1368章 空之大門！！,xianni-ergen/仙逆_html1313.html
第1369章 雷圖轟天！,xianni-ergen/仙逆_html1314.html
第1370章 看錯了他！,xianni-ergen/仙逆_html1315.html
第13701371章 章我不能忍,xianni-ergen/仙逆_html1316.html
第13721373章 炎火異晶,xianni-ergen/仙逆_html1317.html
第1374章 司墨子來臨,xianni-ergen/仙逆_html1318.html
第1375章 初遇火雀,xianni-ergen/仙逆_html1319.html
第13761377章 可敢一戰,xianni-ergen/仙逆_html1320.html
第1378章 一代宗師,xianni-ergen/仙逆_html1321.html
第1379章 大帝！,xianni-ergen/仙逆_html1322.html
第1380章 四息,xianni-ergen/仙逆_html1323.html
第1381章 少帝,xianni-ergen/仙逆_html1324.html
第1382章 故人,xianni-ergen/仙逆_html1325.html
第1383章 貪狼,xianni-ergen/仙逆_html1326.html
第13841385章 驚弓之鳥,xianni-ergen/仙逆_html1327.html
第1386章 收寶,xianni-ergen/仙逆_html1328.html
第1387章 線索,xianni-ergen/仙逆_html1329.html
第1388章 不要怕！,xianni-ergen/仙逆_html1330.html
第13891390章 雕像的身份與來歷,xianni-ergen/仙逆_html1331.html
第1391章 騙道,xianni-ergen/仙逆_html1332.html
第1392章 六代朱雀,xianni-ergen/仙逆_html1333.html
第13931394章 又是七彩,xianni-ergen/仙逆_html1334.html
第1395章 風起,xianni-ergen/仙逆_html1335.html
第1396章 浪涌,xianni-ergen/仙逆_html1336.html
第1397章 咯噔,xianni-ergen/仙逆_html1337.html
第1398章 黃毛丫頭,xianni-ergen/仙逆_html1338.html
1399章 古魂禁,xianni-ergen/仙逆_html1339.html
第1400章 湖心藏月,xianni-ergen/仙逆_html1340.html
第1401章 釣龍,xianni-ergen/仙逆_html1341.html
第1402章 朱雀老祖,xianni-ergen/仙逆_html1342.html
第1403章 踏入力之證道,xianni-ergen/仙逆_html1343.html
第1404章 護短的老朱雀,xianni-ergen/仙逆_html1344.html
第1405章 浮生若夢,xianni-ergen/仙逆_html1345.html
第1406章 若魂悲,xianni-ergen/仙逆_html1346.html
第1407章 我，不願！,xianni-ergen/仙逆_html1347.html
1408章 業火魂中起,xianni-ergen/仙逆_html1348.html
第1409章 狼煙蒼香燃！,xianni-ergen/仙逆_html1349.html
第1410章 驚變,xianni-ergen/仙逆_html1350.html
第1411章 四次覺醒！,xianni-ergen/仙逆_html1351.html
第1412章 九色歸一！,xianni-ergen/仙逆_html1352.html
第1413章 天逆之變！,xianni-ergen/仙逆_html1353.html
第1414章 顛落之名！,xianni-ergen/仙逆_html1354.html
第1415章 古之墓地……開！,xianni-ergen/仙逆_html1355.html
第1416章 三代孽雀,xianni-ergen/仙逆_html1356.html
第1417章 修行如掌,xianni-ergen/仙逆_html1357.html
第1418章 也可以,xianni-ergen/仙逆_html1358.html
第1419章 來！！,xianni-ergen/仙逆_html1359.html
第1420章 戰！！,xianni-ergen/仙逆_html1360.html
第1421章 香火一拜！,xianni-ergen/仙逆_html1361.html
第1422章 封香火界！,xianni-ergen/仙逆_html1362.html
第1423章 人傑！,xianni-ergen/仙逆_html1363.html
第1424章 夢道種魔,xianni-ergen/仙逆_html1364.html
第1425章 或許會有這一天……,xianni-ergen/仙逆_html1365.html
第1426章 將離,xianni-ergen/仙逆_html1366.html
第1427章 銘志！,xianni-ergen/仙逆_html1367.html
第1428章 瘋狂的念頭！,xianni-ergen/仙逆_html1368.html
第1429章 井中撈月！,xianni-ergen/仙逆_html1369.html
第1430章 傘開滅世！！,xianni-ergen/仙逆_html1370.html
第1431章 這1天，到了！,xianni-ergen/仙逆_html1371.html
第1432章 情與恩,xianni-ergen/仙逆_html1372.html
第1433章 他，是不是掌尊？,xianni-ergen/仙逆_html1373.html
第1434章 奉天狼,xianni-ergen/仙逆_html1374.html
第1435章 王林的伏擊！！,xianni-ergen/仙逆_html1375.html
第1436章 古墓開啓,xianni-ergen/仙逆_html1376.html
第1437章 可怕的端倪！,xianni-ergen/仙逆_html1377.html
第1438章 三姐、四妹,xianni-ergen/仙逆_html1378.html
第1439章 情語、殺劫,xianni-ergen/仙逆_html1379.html
第1440章 三人三人又三人,xianni-ergen/仙逆_html1380.html
第1441章 傳聞傳聞又傳聞,xianni-ergen/仙逆_html1381.html
第1442章 療傷的契機！,xianni-ergen/仙逆_html1382.html
第1443章 虛火修士！！,xianni-ergen/仙逆_html1383.html
第1444章 敵臨,xianni-ergen/仙逆_html1384.html
第1445章 二階墓臺,xianni-ergen/仙逆_html1385.html
第1446章 螳螂捕蟬,xianni-ergen/仙逆_html1386.html
第1447章 誰是黃雀！,xianni-ergen/仙逆_html1387.html
第1448章 趁病要命！,xianni-ergen/仙逆_html1388.html
第1449章 墓臺之秘,xianni-ergen/仙逆_html1389.html
第1450章 賜名古奴子,xianni-ergen/仙逆_html1390.html
第1451章 答案！,xianni-ergen/仙逆_html1391.html
第1452章 大荒老毒,xianni-ergen/仙逆_html1392.html
第1453章 寒目望天！,xianni-ergen/仙逆_html1393.html
第1454章 分！,xianni-ergen/仙逆_html1394.html
第1455章 殺手鐗！,xianni-ergen/仙逆_html1395.html
第1455章 巨手再現！,xianni-ergen/仙逆_html1396.html
第1456章 三次殺機,xianni-ergen/仙逆_html1397.html
第1457章 少一個？,xianni-ergen/仙逆_html1398.html
第1458章 假設,xianni-ergen/仙逆_html1399.html
第1459章 賜道,xianni-ergen/仙逆_html1400.html
第1460章 四喜,xianni-ergen/仙逆_html1401.html
第1461章 制敵！,xianni-ergen/仙逆_html1402.html
第1462章 破壞規則,xianni-ergen/仙逆_html1403.html
第1463章 作弊,xianni-ergen/仙逆_html1404.html
第1464章 誰快！,xianni-ergen/仙逆_html1405.html
第1465章 活着的古妖,xianni-ergen/仙逆_html1406.html
第1466章 拍手一次,xianni-ergen/仙逆_html1407.html
第1467章 古墓劇變,xianni-ergen/仙逆_html1408.html
第1468章 借來之勢！！,xianni-ergen/仙逆_html1409.html
第1469章 傳承(一),xianni-ergen/仙逆_html1410.html
第1470章 傳承(二),xianni-ergen/仙逆_html1411.html
第1471章 傳承(三),xianni-ergen/仙逆_html1412.html
第1472章 七星古神！！,xianni-ergen/仙逆_html1413.html
第1473章 一吼之力！！,xianni-ergen/仙逆_html1414.html
第1474章 主動,xianni-ergen/仙逆_html1415.html
第1475章 宿命第二戰！(一),xianni-ergen/仙逆_html1416.html
第1476章 宿命第二戰！(二),xianni-ergen/仙逆_html1417.html
第1477章 道古傳承,xianni-ergen/仙逆_html1418.html
第1478章 回家,xianni-ergen/仙逆_html1419.html
第1479章 備戰中的羅天,xianni-ergen/仙逆_html1420.html
第1480章 最難風雨故人,xianni-ergen/仙逆_html1421.html
第1481章 今昔橫雲有雨,xianni-ergen/仙逆_html1422.html
第1482章 東臨星向家！,xianni-ergen/仙逆_html1423.html
第1483章 此事，無礙！,xianni-ergen/仙逆_html1424.html
第1484章 魯夫子的錯誤！,xianni-ergen/仙逆_html1425.html
第1485章 遠古詔曰,xianni-ergen/仙逆_html1426.html
第1486章 神長老！！,xianni-ergen/仙逆_html1427.html
第1487章 往昔紅顏夢,xianni-ergen/仙逆_html1428.html
第1488章 今朝朦朧淚,xianni-ergen/仙逆_html1429.html
第1489章 西子忘情,xianni-ergen/仙逆_html1430.html
第1490章 劍指魯夫子！,xianni-ergen/仙逆_html1431.html
第1491章 一聲道友盡滄桑,xianni-ergen/仙逆_html1432.html
第1492章 文鬥！,xianni-ergen/仙逆_html1433.html
第1493章 不妨一試！,xianni-ergen/仙逆_html1434.html
第1494章 靈動現！,xianni-ergen/仙逆_html1435.html
第1495章 不是一個！,xianni-ergen/仙逆_html1436.html
第1496章 那些人！,xianni-ergen/仙逆_html1437.html
第1497章 王族妖刀!,xianni-ergen/仙逆_html1438.html
第1498章 相逢一杯泯私怨,xianni-ergen/仙逆_html1439.html
第1499章 七彩界的隱患,xianni-ergen/仙逆_html1440.html
第1500章 老冉冉其將至兮,xianni-ergen/仙逆_html1441.html
第1501章 獵幽冥(一),xianni-ergen/仙逆_html1442.html
第1502章 獵幽冥(二),xianni-ergen/仙逆_html1443.html
第1503章 獵幽冥(三),xianni-ergen/仙逆_html1444.html
第1504章 獵幽冥(四),xianni-ergen/仙逆_html1445.html
第1505章 煉！,xianni-ergen/仙逆_html1446.html
第1506章 本命之獸！,xianni-ergen/仙逆_html1447.html
第1507章 封滅族祭壇,xianni-ergen/仙逆_html1448.html
第1508章 卑鄙！！,xianni-ergen/仙逆_html1449.html
第1509章 這一戰!!,xianni-ergen/仙逆_html1450.html
第1510章 雲海榮耀！！,xianni-ergen/仙逆_html1451.html
第1511章 弱弱弱！,xianni-ergen/仙逆_html1452.html
第1512章 金色鈴鐺,xianni-ergen/仙逆_html1453.html
第1513章 金色風暴！,xianni-ergen/仙逆_html1454.html
第1514章 螳臂擋車,xianni-ergen/仙逆_html1455.html
第1515章 封尊！！,xianni-ergen/仙逆_html1456.html
第1516章 入界第一戰！,xianni-ergen/仙逆_html1457.html
第1517章 破陣！,xianni-ergen/仙逆_html1458.html
第1518章 不能退！！,xianni-ergen/仙逆_html1459.html
第1519章 反擊！！,xianni-ergen/仙逆_html1460.html
第1520章 靈神！,xianni-ergen/仙逆_html1461.html
第1521章 此衫，非杉！,xianni-ergen/仙逆_html1462.html
第1522章 三道封印！,xianni-ergen/仙逆_html1463.html
第1523章 潰敗！,xianni-ergen/仙逆_html1464.html
第1524章 萬古一握開天斧！,xianni-ergen/仙逆_html1465.html
第1525章 葬骨無人憶！,xianni-ergen/仙逆_html1466.html
第1526章 南詔亡,xianni-ergen/仙逆_html1467.html
第1527章 羅天召河動,xianni-ergen/仙逆_html1468.html
第1528章 召河女修！,xianni-ergen/仙逆_html1469.html
第1529章 戰結！,xianni-ergen/仙逆_html1470.html
第1530章 李廣之弓,xianni-ergen/仙逆_html1471.html
第1531章 弓，就在這裡,xianni-ergen/仙逆_html1472.html
第1532章 戰老鬼！,xianni-ergen/仙逆_html1473.html
第1533章 幽冥醒！,xianni-ergen/仙逆_html1474.html
第1534章 尋找,xianni-ergen/仙逆_html1475.html
第1535章 瘋子！,xianni-ergen/仙逆_html1476.html
第1536章 你等本王歇會,xianni-ergen/仙逆_html1477.html
第1537章 仙族不滅體！,xianni-ergen/仙逆_html1478.html
第1538章 金天黑地！,xianni-ergen/仙逆_html1479.html
第1539章 古國三姓！,xianni-ergen/仙逆_html1480.html
第1540章 神通！,xianni-ergen/仙逆_html1481.html
第1541章 有些無恥了,xianni-ergen/仙逆_html1482.html
第1542章 驚嚇！,xianni-ergen/仙逆_html1483.html
第1543章 收我爲徒吧,xianni-ergen/仙逆_html1484.html
第1544章 離去！,xianni-ergen/仙逆_html1485.html
第1545章 三個寶,xianni-ergen/仙逆_html1486.html
第1546章 我，回來了,xianni-ergen/仙逆_html1487.html
第1547章 幾十年的變化,xianni-ergen/仙逆_html1488.html
第1548章 王林餘威！,xianni-ergen/仙逆_html1489.html
第1549章 問天下，誰能掌緣生滅！,xianni-ergen/仙逆_html1490.html
第1550章 龍磐子！,xianni-ergen/仙逆_html1491.html
第1551章 山河圖！,xianni-ergen/仙逆_html1492.html
第1552章 你說什麼？,xianni-ergen/仙逆_html1493.html
第1553章 重玄子,xianni-ergen/仙逆_html1494.html
第1554章 玄武,xianni-ergen/仙逆_html1495.html
第1555章 清水！,xianni-ergen/仙逆_html1496.html
第1556章 古怪的目光,xianni-ergen/仙逆_html1497.html
第1557章 拔刺！,xianni-ergen/仙逆_html1498.html
第1558章 七彩身影！,xianni-ergen/仙逆_html1499.html
第1559章 謝謝……,xianni-ergen/仙逆_html1500.html
第1560章 烈酒！,xianni-ergen/仙逆_html1501.html
第1561章 情殤、贈寶！,xianni-ergen/仙逆_html1502.html
第1562章 召河,xianni-ergen/仙逆_html1503.html
第1563章 第三個道果！,xianni-ergen/仙逆_html1504.html
第1564章 十三,xianni-ergen/仙逆_html1505.html
第1565章 她是周紫虹,xianni-ergen/仙逆_html1506.html
第1566章 瘋子的咆哮,xianni-ergen/仙逆_html1507.html
第1567章 什麼都沒幹,xianni-ergen/仙逆_html1508.html
第1568章 收拾惡奴,xianni-ergen/仙逆_html1509.html
第1569章 朱雀星,xianni-ergen/仙逆_html1510.html
第1570章 落葉尋根,xianni-ergen/仙逆_html1511.html
第1571章 葉有根,xianni-ergen/仙逆_html1512.html
第1572章 往如煙,xianni-ergen/仙逆_html1513.html
第1573章 青絲魂,xianni-ergen/仙逆_html1514.html
第1574章 十九層的秘密,xianni-ergen/仙逆_html1515.html
第1575章 原點,xianni-ergen/仙逆_html1516.html
第1576章 緣由,xianni-ergen/仙逆_html1517.html
第1577章 域外,xianni-ergen/仙逆_html1518.html
第1578章 天變！,xianni-ergen/仙逆_html1519.html
第1579章 封尊殺劫！,xianni-ergen/仙逆_html1520.html
第1580章 激戰！,xianni-ergen/仙逆_html1521.html
第1581章 殺一人！,xianni-ergen/仙逆_html1522.html
第1582章 陰月有晴！,xianni-ergen/仙逆_html1523.html
第1583章 仙人不滅體！,xianni-ergen/仙逆_html1524.html
第1584章 天尊奪舍！,xianni-ergen/仙逆_html1525.html
第1585章 一箭之威！,xianni-ergen/仙逆_html1526.html
第1586章 仙古分！,xianni-ergen/仙逆_html1527.html
第1587章 恩斷！,xianni-ergen/仙逆_html1528.html
第1588章 生死！,xianni-ergen/仙逆_html1529.html
第1589章 夢仙，還是仙夢！,xianni-ergen/仙逆_html1530.html
第1590章 夢如人生,xianni-ergen/仙逆_html1531.html
第1591章 未醒時,xianni-ergen/仙逆_html1532.html
第1592章 人生如戲我是誰,xianni-ergen/仙逆_html1533.html
第1593章 古廟夜雨歸魂來,xianni-ergen/仙逆_html1534.html
第1594章 回首一望輪迴在,xianni-ergen/仙逆_html1535.html
第1595章 煉魂宗的因,xianni-ergen/仙逆_html1536.html
第1596章 煉魂宗的果,xianni-ergen/仙逆_html1537.html
第1597章 數百年前的一句話,xianni-ergen/仙逆_html1538.html
第1598章 一次約會,xianni-ergen/仙逆_html1539.html
第1599章 蘇道,xianni-ergen/仙逆_html1540.html
第1600章 十年,xianni-ergen/仙逆_html1541.html
第1601章 家書,xianni-ergen/仙逆_html1542.html
第1602章 你敢！,xianni-ergen/仙逆_html1543.html
第1603章 家在恆嶽山下,xianni-ergen/仙逆_html1544.html
第1604章 懷中老父瞑,xianni-ergen/仙逆_html1545.html
第1605章 柳眉，眼眉的眉,xianni-ergen/仙逆_html1546.html
第1606章 客從雪域來,xianni-ergen/仙逆_html1547.html
第1607章 李慕婉,xianni-ergen/仙逆_html1548.html
第1608章 這一眼,xianni-ergen/仙逆_html1549.html
第1609章 夢問己,xianni-ergen/仙逆_html1550.html
第1610章 緣起空,xianni-ergen/仙逆_html1551.html
第1611章 紅顏,xianni-ergen/仙逆_html1552.html
第1612章 與己一會,xianni-ergen/仙逆_html1553.html
第1613章 夢醒！,xianni-ergen/仙逆_html1554.html
第1614章 因果印,xianni-ergen/仙逆_html1555.html
第1615章 衆修目前空門現,xianni-ergen/仙逆_html1556.html
第1616章 本源一出萬人驚,xianni-ergen/仙逆_html1557.html
第1617章 這裡是，仙罡大陸,xianni-ergen/仙逆_html1558.html
第1618章 轟開門，就是大能,xianni-ergen/仙逆_html1559.html
第1619章 一語雷霆四海轟,xianni-ergen/仙逆_html1560.html
第1620章 雷門一開驚人鳴,xianni-ergen/仙逆_html1561.html
第1621章 萬空骨門,xianni-ergen/仙逆_html1562.html
第1622章 出手大道,xianni-ergen/仙逆_html1563.html
第1623章 虛神天尊,xianni-ergen/仙逆_html1564.html
第1624章 三步開弓,xianni-ergen/仙逆_html1565.html
第1625章 往昔寶復,xianni-ergen/仙逆_html1566.html
第1626章 第三個麼,xianni-ergen/仙逆_html1567.html
第1627章 我意劫,xianni-ergen/仙逆_html1568.html
第1628章 幻真劫,xianni-ergen/仙逆_html1569.html
第1629章 不堪一擊,xianni-ergen/仙逆_html1570.html
第1630章 封命環,xianni-ergen/仙逆_html1571.html
第1631章 遠古仙域,xianni-ergen/仙逆_html1572.html
第1632章 本我劫,xianni-ergen/仙逆_html1573.html
第1633章 斬本我,xianni-ergen/仙逆_html1574.html
第1634章 一個洞府,xianni-ergen/仙逆_html1575.html
第1635章 主宰命運,xianni-ergen/仙逆_html1576.html
第1636章 療傷的殘仙,xianni-ergen/仙逆_html1577.html
第1637章 定空術,xianni-ergen/仙逆_html1578.html
第1638章 封印現,xianni-ergen/仙逆_html1579.html
第1639章 仙人憶,xianni-ergen/仙逆_html1580.html
第1640章 七道宗,xianni-ergen/仙逆_html1581.html
第1641章 仙人不外如此,xianni-ergen/仙逆_html1582.html
第1642章 虎嘯山河,xianni-ergen/仙逆_html1583.html
第1643章 騎虎不下,xianni-ergen/仙逆_html1584.html
第1644章 靜！,xianni-ergen/仙逆_html1585.html
第1645章 交易,xianni-ergen/仙逆_html1586.html
第1646章 與司徒一醉,xianni-ergen/仙逆_html1587.html
第1647章 擔當！,xianni-ergen/仙逆_html1588.html
第1648章 太靜了,xianni-ergen/仙逆_html1589.html
第1649章 還不夠！,xianni-ergen/仙逆_html1590.html
第1650章 斬三步！,xianni-ergen/仙逆_html1591.html
第1651章 驗證的方法,xianni-ergen/仙逆_html1592.html
第1652章 強！,xianni-ergen/仙逆_html1593.html
第1653章 去往羅天,xianni-ergen/仙逆_html1594.html
第1654章 清水的女兒,xianni-ergen/仙逆_html1595.html
第1655章 掌尊現！,xianni-ergen/仙逆_html1596.html
第1656章 大爆發！！,xianni-ergen/仙逆_html1597.html
第1657章 決戰(一),xianni-ergen/仙逆_html1598.html
第1658章 決戰(二),xianni-ergen/仙逆_html1599.html
第1659章 決戰(三),xianni-ergen/仙逆_html1600.html
第1660章 決戰(四),xianni-ergen/仙逆_html1601.html
第1661章 休整,xianni-ergen/仙逆_html1602.html
第1662章 八妃,xianni-ergen/仙逆_html1603.html
第1663章 毀陣！,xianni-ergen/仙逆_html1604.html
第1664章 新紀元！,xianni-ergen/仙逆_html1605.html
第1665章 開闢！,xianni-ergen/仙逆_html1606.html
第1666章 祭奠,xianni-ergen/仙逆_html1607.html
第1667章 重劃此界,xianni-ergen/仙逆_html1608.html
第1668章 屬於西子的一年,xianni-ergen/仙逆_html1609.html
第1669章 酒溫，還不夠,xianni-ergen/仙逆_html1610.html
第1670章 遠古兇獸,xianni-ergen/仙逆_html1611.html
第1671章 是左眼麼！,xianni-ergen/仙逆_html1612.html
第1672章 古族戰印,xianni-ergen/仙逆_html1613.html
第1673章 燁寞無子！,xianni-ergen/仙逆_html1614.html
第1674章 撕天！！,xianni-ergen/仙逆_html1615.html
第1675章 一年,xianni-ergen/仙逆_html1616.html
第1676章 清瘦的李倩梅,xianni-ergen/仙逆_html1617.html
第1677章 第二年又六月,xianni-ergen/仙逆_html1618.html
第1678章 還是接受吧,xianni-ergen/仙逆_html1619.html
第1679章 蚊獸重逢,xianni-ergen/仙逆_html1620.html
第1680章 意外的發現,xianni-ergen/仙逆_html1621.html
第1681章 進入仙罡的劍尖！,xianni-ergen/仙逆_html1622.html
第1682章 外來者,xianni-ergen/仙逆_html1623.html
第1683章 此去，逆仙！,xianni-ergen/仙逆_html1624.html
第1684章 仙龍顯道,xianni-ergen/仙逆_html1625.html
第1685章 一條蛇！,xianni-ergen/仙逆_html1626.html
第1686章 小紅！,xianni-ergen/仙逆_html1627.html
第1687章 遠古開啓,xianni-ergen/仙逆_html1628.html
第1688章 滾出去！,xianni-ergen/仙逆_html1629.html
第1689章 兩弓之力！！,xianni-ergen/仙逆_html1630.html
第1690章 絕不會錯！,xianni-ergen/仙逆_html1631.html
第1691章 絕不會錯？,xianni-ergen/仙逆_html1632.html
第1692章 當年的約定,xianni-ergen/仙逆_html1633.html
第1693章 七彩來臨,xianni-ergen/仙逆_html1634.html
第1694章 礬珊夢！,xianni-ergen/仙逆_html1635.html
第1695章 三魂七魄！,xianni-ergen/仙逆_html1636.html
第1696章 反客爲主,xianni-ergen/仙逆_html1637.html
第1697章 帆布的鬼臉,xianni-ergen/仙逆_html1638.html
第1698章 虛假麼！,xianni-ergen/仙逆_html1639.html
第1699章 幻中幻！！,xianni-ergen/仙逆_html1640.html
第1700章 決斷,xianni-ergen/仙逆_html1641.html
第1701章 原因！,xianni-ergen/仙逆_html1642.html
第1702章 吼震七彩！,xianni-ergen/仙逆_html1643.html
第1703章 貪狼再現！,xianni-ergen/仙逆_html1644.html
第1704章 一如既往的悲催！,xianni-ergen/仙逆_html1645.html
第1705章 八星道古！,xianni-ergen/仙逆_html1646.html
第1706章 古脈蒼穹血,xianni-ergen/仙逆_html1647.html
第1707章 來自仙罡的期待,xianni-ergen/仙逆_html1648.html
第1708章 第一人！,xianni-ergen/仙逆_html1649.html
第1709章 皇尊的嫉妒！,xianni-ergen/仙逆_html1650.html
第1710章 一縷魂,xianni-ergen/仙逆_html1651.html
第1711章 古道逆,xianni-ergen/仙逆_html1652.html
第1712章 三命術！,xianni-ergen/仙逆_html1653.html
第1713章 斬鬼帆！,xianni-ergen/仙逆_html1654.html
第1714章 禁制本源,xianni-ergen/仙逆_html1655.html
第1715章 目絲如則,xianni-ergen/仙逆_html1656.html
第1716章 算天運！,xianni-ergen/仙逆_html1657.html
第1717章 天運子,xianni-ergen/仙逆_html1658.html
第1718章 輪迴一體,xianni-ergen/仙逆_html1659.html
第1719章 詭異！,xianni-ergen/仙逆_html1660.html
第1720章 天運子，你能麼？,xianni-ergen/仙逆_html1661.html
第1721章 天運中計！,xianni-ergen/仙逆_html1662.html
第1722章 他的身份！！,xianni-ergen/仙逆_html1663.html
第1723章 天道！,xianni-ergen/仙逆_html1664.html
第1724章 天運本尊！,xianni-ergen/仙逆_html1665.html
第1725章 逐鹿的資格！！,xianni-ergen/仙逆_html1666.html
第1726章 重凝本源,xianni-ergen/仙逆_html1667.html
第1727章 阻攔！,xianni-ergen/仙逆_html1668.html
第1728章 玄羅入府！,xianni-ergen/仙逆_html1669.html
第1729章 五行星,xianni-ergen/仙逆_html1670.html
第1730章 大地本源！,xianni-ergen/仙逆_html1671.html
第1731章 君火如家！,xianni-ergen/仙逆_html1672.html
第1732章 原來他叫王林！,xianni-ergen/仙逆_html1673.html
第1733章 乾坤一滴！,xianni-ergen/仙逆_html1674.html
第1734章 如此大恩！！,xianni-ergen/仙逆_html1675.html
第1735章 步踏臂斷！,xianni-ergen/仙逆_html1676.html
第1736章 九轉心輪！,xianni-ergen/仙逆_html1677.html
第1737章 唯心故動！,xianni-ergen/仙逆_html1678.html
第1738章 身靜引心！,xianni-ergen/仙逆_html1679.html
第1739章 隔牆有耳！,xianni-ergen/仙逆_html1680.html
第1740章 雙行鎧,xianni-ergen/仙逆_html1681.html
第1740章 馬師伯！,xianni-ergen/仙逆_html1682.html
第1741章 玄羅大天尊！！,xianni-ergen/仙逆_html1683.html
第1742章 特殊的日子,xianni-ergen/仙逆_html1684.html
第1743章 夢幻中的幸福,xianni-ergen/仙逆_html1685.html
第1744章 尋找，第三魂！,xianni-ergen/仙逆_html1686.html
第1745章 七魄所屬！,xianni-ergen/仙逆_html1687.html
第1746章 三魂歸位！,xianni-ergen/仙逆_html1688.html
第1747章 第三魂，是他！！,xianni-ergen/仙逆_html1689.html
第1748章 變數！,xianni-ergen/仙逆_html1690.html
第1749章 空滅初現！,xianni-ergen/仙逆_html1691.html
第1750章 洞府開啓！,xianni-ergen/仙逆_html1692.html
第1751章 人聚,xianni-ergen/仙逆_html1693.html
第1752章 獵場！,xianni-ergen/仙逆_html1694.html
第1753章 三百殘界,xianni-ergen/仙逆_html1695.html
第1754章 既定規則,xianni-ergen/仙逆_html1696.html
第1755章 紫霞,xianni-ergen/仙逆_html1697.html
第1756章 打賭,xianni-ergen/仙逆_html1698.html
第1757章 棋局！,xianni-ergen/仙逆_html1699.html
第1758章 等刀！,xianni-ergen/仙逆_html1700.html
第1759章 七彩來臨!,xianni-ergen/仙逆_html1701.html
第1760章 心機！,xianni-ergen/仙逆_html1702.html
第1761章 七伏殺,xianni-ergen/仙逆_html1703.html
第1762章 小決戰,xianni-ergen/仙逆_html1704.html
第1763章 伏殺動！,xianni-ergen/仙逆_html1705.html
第1764章 七彩劫！,xianni-ergen/仙逆_html1706.html
第1765章 道非現！,xianni-ergen/仙逆_html1707.html
第1766章 東臨宗,xianni-ergen/仙逆_html1708.html
第1767章 殘神欲奪,xianni-ergen/仙逆_html1709.html
第1768章 燁寞左臂,xianni-ergen/仙逆_html1710.html
第1769章 再臨古墓！,xianni-ergen/仙逆_html1711.html
第1770章 已司之傀,xianni-ergen/仙逆_html1712.html
第1771章 你可敢堂堂正正一戰！,xianni-ergen/仙逆_html1713.html
第1772章 玄羅出手！,xianni-ergen/仙逆_html1714.html
第1773章 困獸掙扎！,xianni-ergen/仙逆_html1715.html
第1774章 掌尊魂！,xianni-ergen/仙逆_html1716.html
第1775章 古墓傳承！,xianni-ergen/仙逆_html1717.html
第1776章 羣戰老鬼！,xianni-ergen/仙逆_html1718.html
第1777章 心動雷音！,xianni-ergen/仙逆_html1719.html
第1778章 道古無仙！,xianni-ergen/仙逆_html1720.html
第1779章 雨落東臨青煙起！,xianni-ergen/仙逆_html1721.html
第1780章 翻手雲道乾坤逆！,xianni-ergen/仙逆_html1722.html
第1781章 吞雲吐霧一門現,xianni-ergen/仙逆_html1723.html
第1782章 魔掌乾坤第一關,xianni-ergen/仙逆_html1724.html
第1783章 蘇憶一變天地崩,xianni-ergen/仙逆_html1725.html
第1784章 東臨池內魚龍變！！,xianni-ergen/仙逆_html1726.html
第1785章 焚翅欲尋仙罡夢,xianni-ergen/仙逆_html1727.html
第1786章 抱拳一拜塵土散,xianni-ergen/仙逆_html1728.html
第1787章 我寧與妻長廝守,xianni-ergen/仙逆_html1729.html
第1788章 無悔蒼天當年諾,xianni-ergen/仙逆_html1730.html
第1789章 離別之澀,xianni-ergen/仙逆_html1731.html
第1790章 龍皇一現仙罡開,xianni-ergen/仙逆_html1732.html
第1791章 四靈鋪路夢道在,xianni-ergen/仙逆_html1733.html
第1792章 今夕王家送投胎！,xianni-ergen/仙逆_html1734.html
第1793章 叱吒風雲仙罡見 本卷終,xianni-ergen/仙逆_html1735.html
第1794章 一聲師尊守古脈,xianni-ergen/仙逆_html1736.html
第1795章 皇尊一念禍根現,xianni-ergen/仙逆_html1737.html
第1796章 倔強的意志！,xianni-ergen/仙逆_html1738.html
第1797章 奇異的白光,xianni-ergen/仙逆_html1739.html
第1798章 未來最強分身！,xianni-ergen/仙逆_html1740.html
第1799章 仙罡震撼！,xianni-ergen/仙逆_html1741.html
第1800章 仙罡大陸，我來了！,xianni-ergen/仙逆_html1742.html
第1801章 有古怪、有問題、有寶貝！,xianni-ergen/仙逆_html1743.html
第1802章 帶煞回府,xianni-ergen/仙逆_html1744.html
第1803章 地火變！,xianni-ergen/仙逆_html1745.html
第1804章 仙罡第一戰！,xianni-ergen/仙逆_html1746.html
第1805章 老祖歸來！,xianni-ergen/仙逆_html1747.html
第1806章 儲物空間的問題,xianni-ergen/仙逆_html1748.html
第1807章 思念貪狼！,xianni-ergen/仙逆_html1749.html
第1808章 大補！,xianni-ergen/仙逆_html1750.html
第1809章 杜青的駭然！,xianni-ergen/仙逆_html1751.html
第1810章 羣龍一雀吞地脈！,xianni-ergen/仙逆_html1752.html
第1811章 驚嚇杜青！,xianni-ergen/仙逆_html1753.html
第1812章 與王林比本源！,xianni-ergen/仙逆_html1754.html
第1813章 太坑人了！,xianni-ergen/仙逆_html1755.html
第1814章 玄羅的感應,xianni-ergen/仙逆_html1756.html
第1815章 凝本源真身,xianni-ergen/仙逆_html1757.html
第1816章 真身憾,xianni-ergen/仙逆_html1758.html
第1817章 青牛真人,xianni-ergen/仙逆_html1759.html
第1818章 自不量力？,xianni-ergen/仙逆_html1760.html
第1819章 天山的雪,xianni-ergen/仙逆_html1761.html
第1820章 大魂門,xianni-ergen/仙逆_html1762.html
第1821章 他鄉遇故人,xianni-ergen/仙逆_html1763.html
第1822章 地火主脈！,xianni-ergen/仙逆_html1764.html
第1823章 少婦失算！,xianni-ergen/仙逆_html1765.html
第1824章 燭火意志！,xianni-ergen/仙逆_html1766.html
第1825章 仙祖八極！,xianni-ergen/仙逆_html1767.html
第1826章 恐怖的分身！,xianni-ergen/仙逆_html1768.html
第1827章 四個字！,xianni-ergen/仙逆_html1769.html
第1828章 大魂門長老！,xianni-ergen/仙逆_html1770.html
第1829章 天牛死魂！,xianni-ergen/仙逆_html1771.html
第1830章 把他剋死！,xianni-ergen/仙逆_html1772.html
第1831章 魂衍道雷！,xianni-ergen/仙逆_html1773.html
第1832章 藏魂！,xianni-ergen/仙逆_html1774.html
第1833章 賭約！,xianni-ergen/仙逆_html1775.html
第1834章 欲踏青天！,xianni-ergen/仙逆_html1776.html
第1835章 再賭一次！,xianni-ergen/仙逆_html1777.html
第1836章 分身鎮壓！！,xianni-ergen/仙逆_html1778.html
第1837章 魂衍道！,xianni-ergen/仙逆_html1779.html
第1838章 三份禮物！,xianni-ergen/仙逆_html1780.html
第1839章 第八本源！,xianni-ergen/仙逆_html1781.html
第1840章 極天草原,xianni-ergen/仙逆_html1782.html
第1841章 驚變！,xianni-ergen/仙逆_html1783.html
第1842章 綠魔之修！,xianni-ergen/仙逆_html1784.html
第1843章 突破！,xianni-ergen/仙逆_html1785.html
第1844章 遇故！,xianni-ergen/仙逆_html1786.html
第1845章 東州天驕雲空！,xianni-ergen/仙逆_html1787.html
第1846章 第一次見面！,xianni-ergen/仙逆_html1788.html
第1847章 回馬槍！,xianni-ergen/仙逆_html1789.html
第1848章 潛伏,xianni-ergen/仙逆_html1790.html
第1849章 丹海仙丹！,xianni-ergen/仙逆_html1791.html
第1850章 仙丹崩！,xianni-ergen/仙逆_html1792.html
第1851章 魂一令,xianni-ergen/仙逆_html1793.html
第1852章 猜測！,xianni-ergen/仙逆_html1794.html
第1853章 鬧鬼,xianni-ergen/仙逆_html1795.html
第1854章 呂文冉,xianni-ergen/仙逆_html1796.html
第1855章 天牛三穴,xianni-ergen/仙逆_html1797.html
第1856章 臨殺,xianni-ergen/仙逆_html1798.html
第1857章 劉之源,xianni-ergen/仙逆_html1799.html
第1858章 伏劫！,xianni-ergen/仙逆_html1800.html
第1859章 叫做王林之人,xianni-ergen/仙逆_html1801.html
第1860章 不速之客！,xianni-ergen/仙逆_html1802.html
第1861章 心的黑夜,xianni-ergen/仙逆_html1803.html
第1862章 許德才,xianni-ergen/仙逆_html1804.html
第1863章 吞天道！,xianni-ergen/仙逆_html1805.html
第1864章 金蟬脫殼,xianni-ergen/仙逆_html1806.html
第1865章 困許！,xianni-ergen/仙逆_html1807.html
第1866章 燈籠！,xianni-ergen/仙逆_html1808.html
第1867章 速神決！,xianni-ergen/仙逆_html1809.html
第1868章 張道宗！！,xianni-ergen/仙逆_html1810.html
第1869章 劇變！,xianni-ergen/仙逆_html1811.html
第1870章 魂鎧！,xianni-ergen/仙逆_html1812.html
第1871章 我不同意！,xianni-ergen/仙逆_html1813.html
第1872章 頭顱！,xianni-ergen/仙逆_html1814.html
第1873章 惱羞成怒！,xianni-ergen/仙逆_html1815.html
第1874章 魂凱認主！,xianni-ergen/仙逆_html1816.html
第1875章 殺呂文冉！,xianni-ergen/仙逆_html1817.html
第1876章 七彩三變！,xianni-ergen/仙逆_html1818.html
第1877章 殘夜變！,xianni-ergen/仙逆_html1819.html
第1878章 信術！,xianni-ergen/仙逆_html1820.html
第1879章 魂鎧散,xianni-ergen/仙逆_html1821.html
第1880章 絕密之計！,xianni-ergen/仙逆_html1822.html
第1881章 登徒子,xianni-ergen/仙逆_html1823.html
第1882章 不公！,xianni-ergen/仙逆_html1824.html
第1883章 叛天牛洲！！,xianni-ergen/仙逆_html1825.html
第1884章 天牛頂陽,xianni-ergen/仙逆_html1826.html
第1885章 那句話！,xianni-ergen/仙逆_html1827.html
第1886章 補償的賞賜,xianni-ergen/仙逆_html1828.html
第1887章 阻攔,xianni-ergen/仙逆_html1829.html
第1888章 誓言！,xianni-ergen/仙逆_html1830.html
第1889章 道魔宗主！,xianni-ergen/仙逆_html1831.html
第1890章 劫？造化？,xianni-ergen/仙逆_html1832.html
第1891章 借雷抹神,xianni-ergen/仙逆_html1833.html
第1892章 昔夢成真！,xianni-ergen/仙逆_html1834.html
第1893章 各有圖謀！,xianni-ergen/仙逆_html1835.html
第1894章 一場歲月年華,xianni-ergen/仙逆_html1836.html
第1895章 第九本源,xianni-ergen/仙逆_html1837.html
第1896章 瘋狂的造化！,xianni-ergen/仙逆_html1838.html
第1897章 綠魔爐！,xianni-ergen/仙逆_html1839.html
第1898章 氣絕！！,xianni-ergen/仙逆_html1840.html
第1899章 奉獻！,xianni-ergen/仙逆_html1841.html
第1900章 修爲暴增！！,xianni-ergen/仙逆_html1842.html
第1901章 雷！,xianni-ergen/仙逆_html1843.html
第1902章 樓臺觀玄劫,xianni-ergen/仙逆_html1844.html
第1903章 弱！,xianni-ergen/仙逆_html1845.html
第1904章 玄劫幾芳華!,xianni-ergen/仙逆_html1846.html
第1905章 魂三劫！,xianni-ergen/仙逆_html1847.html
第1906章 空劫！！！,xianni-ergen/仙逆_html1848.html
第1907章 天逆大門！,xianni-ergen/仙逆_html1849.html
第1908章 缺了一個！,xianni-ergen/仙逆_html1850.html
第1909章 金、天、躍！,xianni-ergen/仙逆_html1851.html
第1910章 道魔宗劫！,xianni-ergen/仙逆_html1852.html
第1911章 兩洲決戰,xianni-ergen/仙逆_html1853.html
第1912章 聖旨到！！,xianni-ergen/仙逆_html1854.html
第1913章 老祖海龍！,xianni-ergen/仙逆_html1855.html
第1914章 要逆旨？,xianni-ergen/仙逆_html1856.html
第1915章 眼前一黑！,xianni-ergen/仙逆_html1857.html
第1916章 等天尊來！,xianni-ergen/仙逆_html1858.html
第1917章 仙族大天尊,xianni-ergen/仙逆_html1859.html
第1918章 身體，就是道！,xianni-ergen/仙逆_html1860.html
第1919章 穿魂鎧！,xianni-ergen/仙逆_html1861.html
第1920章 我不朽，你不朽！,xianni-ergen/仙逆_html1862.html
第1921章 天尊涅試煉之地,xianni-ergen/仙逆_html1863.html
第1922章 第一個故人,xianni-ergen/仙逆_html1864.html
第1923章 相見,xianni-ergen/仙逆_html1865.html
第1924章 等到秋風起…,xianni-ergen/仙逆_html1866.html
第1925章 天門,xianni-ergen/仙逆_html1867.html
第1926章 五十年！,xianni-ergen/仙逆_html1868.html
第1927章 天尊涅,xianni-ergen/仙逆_html1869.html
第1928章 闖！！,xianni-ergen/仙逆_html1870.html
第1929章 海子,xianni-ergen/仙逆_html1871.html
第1930章 非仙罡之靈！,xianni-ergen/仙逆_html1872.html
第1931章 面孔！,xianni-ergen/仙逆_html1873.html
第1932章 斷掌！！,xianni-ergen/仙逆_html1874.html
第1933章 轉變！！,xianni-ergen/仙逆_html1875.html
第1934章 一男一女,xianni-ergen/仙逆_html1876.html
第1935章 誰的斷掌！,xianni-ergen/仙逆_html1877.html
第1936章 半丈的**,xianni-ergen/仙逆_html1878.html
第1937章 讓大天尊看到！,xianni-ergen/仙逆_html1879.html
第1938章 不悔的執着,xianni-ergen/仙逆_html1880.html
第1939章 金大仙！,xianni-ergen/仙逆_html1881.html
第1940章 瞞天過海！,xianni-ergen/仙逆_html1882.html
第1941章 我家主人,xianni-ergen/仙逆_html1883.html
第1942章 你是誰！,xianni-ergen/仙逆_html1884.html
第1943章 雨幕下,xianni-ergen/仙逆_html1885.html
第1944章 夢障輪迴,xianni-ergen/仙逆_html1886.html
第1945章 死宗！,xianni-ergen/仙逆_html1887.html
第1946章 天運子的氣息！,xianni-ergen/仙逆_html1888.html
第1947章 破滅的氣泡,xianni-ergen/仙逆_html1889.html
第1948章 東臨池,xianni-ergen/仙逆_html1890.html
第1949章 太初與默滅,xianni-ergen/仙逆_html1891.html
第1950章 再臨！,xianni-ergen/仙逆_html1892.html
第1951章 一鳴驚人(一),xianni-ergen/仙逆_html1893.html
第1952章 一鳴驚人(二),xianni-ergen/仙逆_html1894.html
第1953章 一鳴驚人(三),xianni-ergen/仙逆_html1895.html
第1954章 一鳴驚人(四),xianni-ergen/仙逆_html1896.html
第1955章 一鳴驚人(五),xianni-ergen/仙逆_html1897.html
第1956章 一鳴驚人(六),xianni-ergen/仙逆_html1898.html
第1957章 一鳴驚人(七),xianni-ergen/仙逆_html1899.html
第1958章 一鳴驚人(八),xianni-ergen/仙逆_html1900.html
第1959章 一鳴驚人(九),xianni-ergen/仙逆_html1901.html
第1960章 不闖了麼！,xianni-ergen/仙逆_html1902.html
第1961章 急轉！,xianni-ergen/仙逆_html1903.html
第1962章 是誰！,xianni-ergen/仙逆_html1904.html
第1963章 反送！,xianni-ergen/仙逆_html1905.html
第1964章 大天尊下第一人！,xianni-ergen/仙逆_html1906.html
第1965章 看見了麼？,xianni-ergen/仙逆_html1907.html
第1966章 大天尊的招攬,xianni-ergen/仙逆_html1908.html
第1967章 小王林！,xianni-ergen/仙逆_html1909.html
第1968章 假的，假的……,xianni-ergen/仙逆_html1910.html
第1969章 仙皇的陰謀！,xianni-ergen/仙逆_html1911.html
第1970章 仙族第一城！,xianni-ergen/仙逆_html1912.html
第1971章 李府！,xianni-ergen/仙逆_html1913.html
第1972章 箭！,xianni-ergen/仙逆_html1914.html
第1973章 白髮躍天尊！,xianni-ergen/仙逆_html1915.html
第1974章 歲月的魚尾,xianni-ergen/仙逆_html1916.html
第1975章 仙皇賜寶！,xianni-ergen/仙逆_html1917.html
第1976章 瘋子！,xianni-ergen/仙逆_html1918.html
第1977章 風雪隱中殺！,xianni-ergen/仙逆_html1919.html
第1978章 長街！,xianni-ergen/仙逆_html1920.html
第1979章 血戰！,xianni-ergen/仙逆_html1921.html
第1980章 不走！,xianni-ergen/仙逆_html1922.html
第1981章 黑髮王林！,xianni-ergen/仙逆_html1923.html
第1982章 海子的沉默,xianni-ergen/仙逆_html1924.html
第1983章 山有虎！,xianni-ergen/仙逆_html1925.html
第1984章 走來！,xianni-ergen/仙逆_html1926.html
第1985章 國師！,xianni-ergen/仙逆_html1927.html
第1986章 信我一次！,xianni-ergen/仙逆_html1928.html
第1987章 仙顱化山,xianni-ergen/仙逆_html1929.html
第1988章 仙山！,xianni-ergen/仙逆_html1930.html
第1989章 他，連雲決！,xianni-ergen/仙逆_html1931.html
第1990章 解悼亡！,xianni-ergen/仙逆_html1932.html
第1991章 仙皇的自信！,xianni-ergen/仙逆_html1933.html
第1992章 五大天尊！,xianni-ergen/仙逆_html1934.html
第1993章 真正的國師！,xianni-ergen/仙逆_html1935.html
第1994章 詛術！,xianni-ergen/仙逆_html1936.html
第1995章 此物、此人，王某要了！,xianni-ergen/仙逆_html1937.html
第1996章 放肆！,xianni-ergen/仙逆_html1938.html
第1997章 大天尊之陽！！,xianni-ergen/仙逆_html1939.html
第1998章 留下道非！,xianni-ergen/仙逆_html1940.html
第1999章 曲終人散空愁暮！,xianni-ergen/仙逆_html1941.html
第2000章 來自萬古歲月前哀求！,xianni-ergen/仙逆_html1942.html
第2001章 海,xianni-ergen/仙逆_html1943.html
第2002章 路,xianni-ergen/仙逆_html1944.html
第2003章 道古使團,xianni-ergen/仙逆_html1945.html
第2004章 計都皇子,xianni-ergen/仙逆_html1946.html
第2005章 有女，宋致！！,xianni-ergen/仙逆_html1947.html
第2006章 一葉遮目,xianni-ergen/仙逆_html1948.html
第2007章 後路！,xianni-ergen/仙逆_html1949.html
第2008章 爐香一拜皇尊森,xianni-ergen/仙逆_html1950.html
第2009章 一杯熱茶暖如家,xianni-ergen/仙逆_html1951.html
第2010章 師尊如父！,xianni-ergen/仙逆_html1952.html
第2011章 古道山頂鈴聲徹,xianni-ergen/仙逆_html1953.html
第2012章 山臺一步斷絕然！,xianni-ergen/仙逆_html1954.html
第2013章 他，是誰……,xianni-ergen/仙逆_html1955.html
第2014章 千載難逢！,xianni-ergen/仙逆_html1956.html
第2015章 九曲三相(上),xianni-ergen/仙逆_html1957.html
第2016章 九曲三相(下),xianni-ergen/仙逆_html1958.html
第2017章 來自皇宮的邀請！,xianni-ergen/仙逆_html1959.html
第2018章 古祖一指,xianni-ergen/仙逆_html1960.html
第2019章 風起道古！！,xianni-ergen/仙逆_html1961.html
第2020章 夜宴,xianni-ergen/仙逆_html1962.html
第2021章 暮然回首！,xianni-ergen/仙逆_html1963.html
第2022章 衝冠一怒！(一),xianni-ergen/仙逆_html1964.html
第2023章 衝冠一怒！(二),xianni-ergen/仙逆_html1965.html
第2024章 衝冠一怒！(三),xianni-ergen/仙逆_html1966.html
第2025章 衝冠一怒！(四),xianni-ergen/仙逆_html1967.html
第2026章 衝冠一怒！(五),xianni-ergen/仙逆_html1968.html
第2027章 衝冠一怒！(六),xianni-ergen/仙逆_html1969.html
第2028章 衝冠一怒！(七),xianni-ergen/仙逆_html1970.html
第2029章 衝冠一怒！(八),xianni-ergen/仙逆_html1971.html
第2030章 衝冠一怒！(九),xianni-ergen/仙逆_html1972.html
第2031章 衝冠一怒！(十),xianni-ergen/仙逆_html1973.html
第2032章 衝冠一怒！,xianni-ergen/仙逆_html1974.html
第2033章 皇尊之死！,xianni-ergen/仙逆_html1975.html
第2034章 故……,xianni-ergen/仙逆_html1976.html
第2035章 未來皇尊,xianni-ergen/仙逆_html1977.html
第2036章 道古國師！！,xianni-ergen/仙逆_html1978.html
第2037章 破界！,xianni-ergen/仙逆_html1979.html
第2038章 太古神境！,xianni-ergen/仙逆_html1980.html
第2039章 定奪,xianni-ergen/仙逆_html1981.html
第2040章 不宣於口！,xianni-ergen/仙逆_html1982.html
第2041章 明天,xianni-ergen/仙逆_html1983.html
第2042章 魂完整,xianni-ergen/仙逆_html1984.html
第2043章 歲月,xianni-ergen/仙逆_html1985.html
第2044章 天地異象！,xianni-ergen/仙逆_html1986.html
第2045章 真身融合,xianni-ergen/仙逆_html1987.html
第2046章 刑罰戮默！,xianni-ergen/仙逆_html1988.html
第2047章 踏天路，空滅道！,xianni-ergen/仙逆_html1989.html
第2048章 一百零八靈的哀求！,xianni-ergen/仙逆_html1990.html
第2049章 止步,xianni-ergen/仙逆_html1991.html
第2050章 黑、白、金！,xianni-ergen/仙逆_html1992.html
第2051章 十陽！,xianni-ergen/仙逆_html1993.html
第2052章 宋天戰！,xianni-ergen/仙逆_html1994.html
第2053章 成全！,xianni-ergen/仙逆_html1995.html
第2054章 三損，二劫,xianni-ergen/仙逆_html1996.html
第2055章 古道三分神！,xianni-ergen/仙逆_html1997.html
第2056章 完美！,xianni-ergen/仙逆_html1998.html
第2057章 失敗,xianni-ergen/仙逆_html1999.html
第2058章 那個身影……,xianni-ergen/仙逆_html2000.html
第2059章 曾見,xianni-ergen/仙逆_html2001.html
第2060章 天地,xianni-ergen/仙逆_html2002.html
第2061章 離意,xianni-ergen/仙逆_html2003.html
第2062章 仙罡第一戰！,xianni-ergen/仙逆_html2004.html
第2063章 驅霧！,xianni-ergen/仙逆_html2005.html
第2064章 踏天一步！,xianni-ergen/仙逆_html2006.html
第2065章 九曲三相全,xianni-ergen/仙逆_html2007.html
第2066章 約定,xianni-ergen/仙逆_html2008.html
第2067章 找不到,xianni-ergen/仙逆_html2009.html
第2068章 快樂與責任,xianni-ergen/仙逆_html2010.html
第2069章 司南！,xianni-ergen/仙逆_html2011.html
第2070章 你是司徒南！,xianni-ergen/仙逆_html2012.html
第2071章 雨中青虹,xianni-ergen/仙逆_html2013.html
第2072章 心亡，則忘,xianni-ergen/仙逆_html2014.html
第2073章 洞府界,xianni-ergen/仙逆_html2015.html
第2074章 赤魂子！,xianni-ergen/仙逆_html2016.html
第2075章 約定,xianni-ergen/仙逆_html2017.html
第2076章 做夢,xianni-ergen/仙逆_html2018.html
第2077章 認識道一！,xianni-ergen/仙逆_html2019.html
第2078章 兩個點……,xianni-ergen/仙逆_html2020.html
第2079章 再睜開時,xianni-ergen/仙逆_html2021.html
第2080章 什麼是真相,xianni-ergen/仙逆_html2022.html
第2081章 臨海,xianni-ergen/仙逆_html2023.html
第2082章 驚變,xianni-ergen/仙逆_html2024.html
第2083章 踏入的資格,xianni-ergen/仙逆_html2025.html
第2084章 那女子,xianni-ergen/仙逆_html2026.html
第2085章 缺的一個,xianni-ergen/仙逆_html2027.html
第2086章 輪迴就在那裡,xianni-ergen/仙逆_html2028.html
第2087章 婉兒，醒來吧,xianni-ergen/仙逆_html2029.html
第2088章 驀然回首,xianni-ergen/仙逆_html2030.html
