第1章 兇島逃犯,motianji-wangyu/魔天記_html1.html
第2章 亡命少年,motianji-wangyu/魔天記_html2.html
第3章 煉氣士,motianji-wangyu/魔天記_html3.html
第4章 白家,motianji-wangyu/魔天記_html4.html
第5章 甦醒,motianji-wangyu/魔天記_html5.html
第6章 符器,motianji-wangyu/魔天記_html6.html
第7章 控元之術,motianji-wangyu/魔天記_html7.html
第8章 紫衣少女,motianji-wangyu/魔天記_html8.html
第9章 接引使者,motianji-wangyu/魔天記_html9.html
第10章 雷辰,motianji-wangyu/魔天記_html10.html
第11章 蠻鬼宗,motianji-wangyu/魔天記_html11.html
第12章 一心二用,motianji-wangyu/魔天記_html12.html
第13章 匯靈臺,motianji-wangyu/魔天記_html13.html
第14章 珈藍,motianji-wangyu/魔天記_html14.html
第15章 開靈(上),motianji-wangyu/魔天記_html15.html
第16章 開靈(中),motianji-wangyu/魔天記_html16.html
第17章 開靈(下),motianji-wangyu/魔天記_html17.html
第18章 地靈脈與牧雲仙,motianji-wangyu/魔天記_html18.html
第19章 宗內弟子,motianji-wangyu/魔天記_html19.html
第20章 歸屬,motianji-wangyu/魔天記_html20.html
第21章 記名弟子,motianji-wangyu/魔天記_html21.html
第22章 執事堂,motianji-wangyu/魔天記_html22.html
第23章 阮師叔,motianji-wangyu/魔天記_html23.html
第24章 冥骨決,motianji-wangyu/魔天記_html24.html
第25章 煉魂索和通靈決,motianji-wangyu/魔天記_html25.html
第26章 辟穀丹與參悟,motianji-wangyu/魔天記_html26.html
第27章 法術初成,motianji-wangyu/魔天記_html27.html
第28章 宗門任務,motianji-wangyu/魔天記_html28.html
第29章 靈田,motianji-wangyu/魔天記_html29.html
第30章 修煉初成,motianji-wangyu/魔天記_html30.html
第31章 小比,motianji-wangyu/魔天記_html31.html
第32章 評價,motianji-wangyu/魔天記_html32.html
第33章 三星盾,motianji-wangyu/魔天記_html33.html
第34章 灰市,motianji-wangyu/魔天記_html34.html
第35章 煉魂索,motianji-wangyu/魔天記_html35.html
第36章 歐陽鋅,motianji-wangyu/魔天記_html36.html
第37章 葉天眉,motianji-wangyu/魔天記_html37.html
第38章 異兆,motianji-wangyu/魔天記_html38.html
第39章 回春堂,motianji-wangyu/魔天記_html39.html
第40章 異變,motianji-wangyu/魔天記_html40.html
第41章 神秘空間,motianji-wangyu/魔天記_html41.html
第42章 南柯一夢,motianji-wangyu/魔天記_html42.html
第43章 小鬥,motianji-wangyu/魔天記_html43.html
第44章 靈果之爭,motianji-wangyu/魔天記_html44.html
第45章 比試與靈液,motianji-wangyu/魔天記_html45.html
第46章 伏蛟島,motianji-wangyu/魔天記_html46.html
第47章 鬥法(上),motianji-wangyu/魔天記_html47.html
第48章 鬥法(中),motianji-wangyu/魔天記_html48.html
第49章 鬥法(下),motianji-wangyu/魔天記_html49.html
第50章 機關護鏡,motianji-wangyu/魔天記_html50.html
第五十一 掌獲勝,motianji-wangyu/魔天記_html51.html
第52章 驚變,motianji-wangyu/魔天記_html52.html
第53章 通靈赤蛟,motianji-wangyu/魔天記_html53.html
第54章 通靈術,motianji-wangyu/魔天記_html54.html
第55章 符弩和射陽箭,motianji-wangyu/魔天記_html55.html
第56章 鬼老,motianji-wangyu/魔天記_html56.html
第57章 幽冥鬼地,motianji-wangyu/魔天記_html57.html
第58章 搜尋,motianji-wangyu/魔天記_html58.html
第59章 鬼蜂與黑沙漠,motianji-wangyu/魔天記_html59.html
第60章 白骨蠍,motianji-wangyu/魔天記_html60.html
第61章 異變再現,motianji-wangyu/魔天記_html61.html
第62章 神秘符號,motianji-wangyu/魔天記_html62.html
第63章 危機與收穫,motianji-wangyu/魔天記_html63.html
第64章 骨屍,motianji-wangyu/魔天記_html64.html
第65章 養魂袋,motianji-wangyu/魔天記_html65.html
第66章 鬼王之謎,motianji-wangyu/魔天記_html66.html
第67章 敗露,motianji-wangyu/魔天記_html67.html
第68章 壽元,motianji-wangyu/魔天記_html68.html
第69章 霧舟,motianji-wangyu/魔天記_html69.html
第70章 翠兒,motianji-wangyu/魔天記_html70.html
第71章 售骨,motianji-wangyu/魔天記_html71.html
第72章 少 婦與童子,motianji-wangyu/魔天記_html72.html
第73章 蛟現,motianji-wangyu/魔天記_html73.html
第74章 蛟威,motianji-wangyu/魔天記_html74.html
第75章 爭寶,motianji-wangyu/魔天記_html75.html
第76章 靈器,motianji-wangyu/魔天記_html76.html
第77章 煉丹,motianji-wangyu/魔天記_html77.html
第78章 婚約,motianji-wangyu/魔天記_html78.html
第79章 麻煩,motianji-wangyu/魔天記_html79.html
第80章 石堅、綠雲,motianji-wangyu/魔天記_html80.html
第81章 萬骨窟,motianji-wangyu/魔天記_html81.html
第82章 司馬天,motianji-wangyu/魔天記_html82.html
第83章 穢氣珠與靈骨,motianji-wangyu/魔天記_html83.html
第84章 骨鬼,motianji-wangyu/魔天記_html84.html
第85章 凝煞化罡,motianji-wangyu/魔天記_html85.html
第86章 諸雄,motianji-wangyu/魔天記_html86.html
第87章 碧影針,motianji-wangyu/魔天記_html87.html
第88章 太陰碑,motianji-wangyu/魔天記_html88.html
第89章 大比開始,motianji-wangyu/魔天記_html89.html
第90章 段殘祖,motianji-wangyu/魔天記_html90.html
第91章 天闕屍衣,motianji-wangyu/魔天記_html91.html
第92章 雷電之力,motianji-wangyu/魔天記_html92.html
第93章 極品陰魂王,motianji-wangyu/魔天記_html93.html
第94章 罡氣與籙劍,motianji-wangyu/魔天記_html94.html
第95章 牛刀小試,motianji-wangyu/魔天記_html95.html
第96章 天慧靈體,motianji-wangyu/魔天記_html96.html
第97章 赤焰珠和血髓丹,motianji-wangyu/魔天記_html97.html
第98章 符甲,motianji-wangyu/魔天記_html98.html
第99章 新挑戰,motianji-wangyu/魔天記_html99.html
第100章 激戰(一),motianji-wangyu/魔天記_html100.html
第101章 激戰(二),motianji-wangyu/魔天記_html101.html
第102章 激戰(三),motianji-wangyu/魔天記_html102.html
第103章 激戰(四),motianji-wangyu/魔天記_html103.html
第104章 激戰(五),motianji-wangyu/魔天記_html104.html
第105章 激戰(六),motianji-wangyu/魔天記_html105.html
第106章 消息,motianji-wangyu/魔天記_html106.html
第107章 夜會,motianji-wangyu/魔天記_html107.html
第108章 出發,motianji-wangyu/魔天記_html108.html
第109章 彥師叔祖,motianji-wangyu/魔天記_html109.html
第110章 惡客,motianji-wangyu/魔天記_html110.html
第111章 化一宗,motianji-wangyu/魔天記_html111.html
第112章 秘境之地,motianji-wangyu/魔天記_html112.html
第113章 金靈耳,motianji-wangyu/魔天記_html113.html
第114章 玄水葵和血荊,motianji-wangyu/魔天記_html114.html
第115章 峽谷,motianji-wangyu/魔天記_html115.html
第116章 鐵鉞,motianji-wangyu/魔天記_html116.html
第117章 攝空草和蜈蚣,motianji-wangyu/魔天記_html117.html
第118章 襲擊,motianji-wangyu/魔天記_html118.html
第119章 飛針,motianji-wangyu/魔天記_html119.html
第120章 青靈芝,motianji-wangyu/魔天記_html120.html
第121章 兄妹,motianji-wangyu/魔天記_html121.html
第122章 妖禽與巨猿,motianji-wangyu/魔天記_html122.html
第123章 聯手,motianji-wangyu/魔天記_html123.html
第124章 通靈劍體和血賜,motianji-wangyu/魔天記_html124.html
第125章 埋伏,motianji-wangyu/魔天記_html125.html
第126章 滅猿(一),motianji-wangyu/魔天記_html126.html
第127章 滅猿(二),motianji-wangyu/魔天記_html127.html
第128章 滅猿(三),motianji-wangyu/魔天記_html128.html
第129章 滅猿(四),motianji-wangyu/魔天記_html129.html
第130章 滅猿(五),motianji-wangyu/魔天記_html130.html
第131章 滅猿(六),motianji-wangyu/魔天記_html131.html
第132章 石靈,motianji-wangyu/魔天記_html132.html
第133章 靈果,motianji-wangyu/魔天記_html133.html
第134章 息土,motianji-wangyu/魔天記_html134.html
第135章 魅影,motianji-wangyu/魔天記_html135.html
第136章 半蛟,motianji-wangyu/魔天記_html136.html
第137章 大變,motianji-wangyu/魔天記_html137.html
第138章 擎天魔手,motianji-wangyu/魔天記_html138.html
第139章 夢魘,motianji-wangyu/魔天記_html139.html
第140章 血怒,motianji-wangyu/魔天記_html140.html
第141章 修爲大進,motianji-wangyu/魔天記_html141.html
第142章 戰蛟(上),motianji-wangyu/魔天記_html142.html
第143章 戰蛟(中),motianji-wangyu/魔天記_html143.html
第一卷蠻鬼風雲第一百四四十四章 戰蛟下,motianji-wangyu/魔天記_html144.html
第145章 落跑,motianji-wangyu/魔天記_html145.html
第146章 降魔,motianji-wangyu/魔天記_html146.html
第147章 返回,motianji-wangyu/魔天記_html147.html
第148章 上古巨魔,motianji-wangyu/魔天記_html148.html
第149章 各宗收穫,motianji-wangyu/魔天記_html149.html
第150章 排名,motianji-wangyu/魔天記_html150.html
第151章 獎勵,motianji-wangyu/魔天記_html151.html
第152章 留影壁和睨吼,motianji-wangyu/魔天記_html152.html
第153章 真煞之氣,motianji-wangyu/魔天記_html153.html
第154章 魔心決,motianji-wangyu/魔天記_html154.html
第155章 蛟鱗甲,motianji-wangyu/魔天記_html155.html
第156章 婚期,motianji-wangyu/魔天記_html156.html
第157章 離宗任務,motianji-wangyu/魔天記_html157.html
第158章 監察弟子,motianji-wangyu/魔天記_html158.html
第159章 三月之期,motianji-wangyu/魔天記_html159.html
第160章 觀壁,motianji-wangyu/魔天記_html160.html
第161章 光球,motianji-wangyu/魔天記_html161.html
第162章 太罡劍訣和龍虎冥獄功,motianji-wangyu/魔天記_html162.html
第163章 千幻之面和易骨決,motianji-wangyu/魔天記_html163.html
第164章 白府,motianji-wangyu/魔天記_html164.html
第165章 暗議,motianji-wangyu/魔天記_html165.html
第166章 白嫣兒,motianji-wangyu/魔天記_html166.html
第167章 交易,motianji-wangyu/魔天記_html167.html
第168章 庚藍真煞,motianji-wangyu/魔天記_html168.html
第169章 土廟,motianji-wangyu/魔天記_html169.html
第170章 廟中激戰,motianji-wangyu/魔天記_html170.html
第171章 乾如屏,motianji-wangyu/魔天記_html171.html
第172章 拔毒,motianji-wangyu/魔天記_html172.html
第173章 入京,motianji-wangyu/魔天記_html173.html
第174章 冕老,motianji-wangyu/魔天記_html174.html
第175章 黑靈會,motianji-wangyu/魔天記_html175.html
第176章 小清觀,motianji-wangyu/魔天記_html176.html
第177章 黑影,motianji-wangyu/魔天記_html177.html
第178章 暗子與仙霞山,motianji-wangyu/魔天記_html178.html
第179章 賢王,motianji-wangyu/魔天記_html179.html
第180章 元靈飛劍,motianji-wangyu/魔天記_html180.html
第181章 陳府,motianji-wangyu/魔天記_html181.html
第182章 劫獄,motianji-wangyu/魔天記_html182.html
第183章 孫大人,motianji-wangyu/魔天記_html183.html
第184章 金靈客卿,motianji-wangyu/魔天記_html184.html
第185章 隱秘,motianji-wangyu/魔天記_html185.html
第186章 丘龍子,motianji-wangyu/魔天記_html186.html
第187章 玄治和董太后,motianji-wangyu/魔天記_html187.html
第188章 凡百子,motianji-wangyu/魔天記_html188.html
第189章 燃血丹,motianji-wangyu/魔天記_html189.html
第190章 辣手,motianji-wangyu/魔天記_html190.html
第191章 佛器,motianji-wangyu/魔天記_html191.html
第192章 退敵,motianji-wangyu/魔天記_html192.html
第193章 名震玄京,motianji-wangyu/魔天記_html193.html
第194章 拍賣會,motianji-wangyu/魔天記_html194.html
第195章 火元真煞和機關戰甲,motianji-wangyu/魔天記_html195.html
第196章 滅魔筒,motianji-wangyu/魔天記_html196.html
第197章 青岫飛舟,motianji-wangyu/魔天記_html197.html
第198章 胡春娘,motianji-wangyu/魔天記_html198.html
第199章 交換,motianji-wangyu/魔天記_html199.html
第200章 聯手,motianji-wangyu/魔天記_html200.html
第201章 聖機仙子,motianji-wangyu/魔天記_html201.html
第202章 夜闖皇宮,motianji-wangyu/魔天記_html202.html
第203章 重傷,motianji-wangyu/魔天記_html203.html
第204章 初鬥海族,motianji-wangyu/魔天記_html204.html
第205章 逃遁,motianji-wangyu/魔天記_html205.html
第206章 真容,motianji-wangyu/魔天記_html206.html
第207章 黑珠,motianji-wangyu/魔天記_html207.html
第208章 一元重水,motianji-wangyu/魔天記_html208.html
第209章 巨猙,motianji-wangyu/魔天記_html209.html
第210章 四海翻天陣,motianji-wangyu/魔天記_html210.html
第211章 失蹤,motianji-wangyu/魔天記_html211.html
第212章 風雲始動,motianji-wangyu/魔天記_html212.html
第213章 戰陣,motianji-wangyu/魔天記_html213.html
第214章 破陣,motianji-wangyu/魔天記_html214.html
第215章 周天合,motianji-wangyu/魔天記_html215.html
第216章 紅三,motianji-wangyu/魔天記_html216.html
第217章 約戰,motianji-wangyu/魔天記_html217.html
第218章 混戰(上),motianji-wangyu/魔天記_html218.html
第219章 混戰(中),motianji-wangyu/魔天記_html219.html
第220章 混戰(下),motianji-wangyu/魔天記_html220.html
第221章 海伽之戰(上),motianji-wangyu/魔天記_html221.html
第222章 海伽之戰(下),motianji-wangyu/魔天記_html222.html
第223章 掃蕩玄京,motianji-wangyu/魔天記_html223.html
第224章 劍意,motianji-wangyu/魔天記_html224.html
第225章 王府魅影,motianji-wangyu/魔天記_html225.html
第226章 前朝寶藏,motianji-wangyu/魔天記_html226.html
第227章 魅影,motianji-wangyu/魔天記_html227.html
第228章 鬼浮圖和獸嫁術,motianji-wangyu/魔天記_html228.html
第229章 鐵甲屍,motianji-wangyu/魔天記_html229.html
第230章 煞屍,motianji-wangyu/魔天記_html230.html
第231章 煞屍之戰,motianji-wangyu/魔天記_html231.html
第232章 滅鬼,motianji-wangyu/魔天記_html232.html
第233章 無名真煞,motianji-wangyu/魔天記_html233.html
第234章 海族入侵,motianji-wangyu/魔天記_html234.html
第235章 鑑定,motianji-wangyu/魔天記_html235.html
第236章 琉璃熔火金,motianji-wangyu/魔天記_html236.html
第237章 劍胚之靈,motianji-wangyu/魔天記_html237.html
第238章 第二個“柳鳴”,motianji-wangyu/魔天記_html238.html
第229章 冰錐大成,motianji-wangyu/魔天記_html239.html
第240章 丹術初成,motianji-wangyu/魔天記_html240.html
第241章 新的旅途,motianji-wangyu/魔天記_html241.html
第242章 妖蟻,motianji-wangyu/魔天記_html242.html
第243章 返宗,motianji-wangyu/魔天記_html243.html
第244章 靈池之地,motianji-wangyu/魔天記_html244.html
第245章 進階靈師,motianji-wangyu/魔天記_html245.html
第246章 轟動,motianji-wangyu/魔天記_html246.html
第247章 重寶,motianji-wangyu/魔天記_html247.html
第248章 噬魂錘與骷髏,motianji-wangyu/魔天記_html248.html
第249章 萬骨人魔,motianji-wangyu/魔天記_html249.html
第250章 煉器大師,motianji-wangyu/魔天記_html250.html
第251章 金色人蔘,motianji-wangyu/魔天記_html251.html
第252章 寶珠,motianji-wangyu/魔天記_html252.html
第253章 支援,motianji-wangyu/魔天記_html253.html
第254章 骨蠍異變,motianji-wangyu/魔天記_html254.html
第255章 邊界,motianji-wangyu/魔天記_html255.html
第256章 鬼王復生,motianji-wangyu/魔天記_html256.html
第257章 煉屍術和聚會,motianji-wangyu/魔天記_html257.html
第258章 切磋,motianji-wangyu/魔天記_html258.html
第259章 八部血龍,motianji-wangyu/魔天記_html259.html
第260章 拳劍一擊,motianji-wangyu/魔天記_html260.html
第261章 太罡御劍術,motianji-wangyu/魔天記_html261.html
第262章 海族來襲,motianji-wangyu/魔天記_html262.html
第263章 初戰海族,motianji-wangyu/魔天記_html263.html
第264章 厲鯊,motianji-wangyu/魔天記_html264.html
第265章 化晶出手,motianji-wangyu/魔天記_html265.html
第266章 聖獸之卵,motianji-wangyu/魔天記_html266.html
第267章 援兵,motianji-wangyu/魔天記_html267.html
第268章 偷襲,motianji-wangyu/魔天記_html268.html
第269章 極品靈器,motianji-wangyu/魔天記_html269.html
第270章 海族決戰(一),motianji-wangyu/魔天記_html270.html
第271章 海族決戰(二),motianji-wangyu/魔天記_html271.html
第272章 海族決戰(三),motianji-wangyu/魔天記_html272.html
第273章 海族決戰(四),motianji-wangyu/魔天記_html273.html
第274章 海族決戰(五),motianji-wangyu/魔天記_html274.html
第275章 千里追殺,motianji-wangyu/魔天記_html275.html
第276章 金甲人,motianji-wangyu/魔天記_html276.html
第277章 元魔現身,motianji-wangyu/魔天記_html277.html
第278章 海妖皇,motianji-wangyu/魔天記_html278.html
第279章 天海碧波功,motianji-wangyu/魔天記_html279.html
第280章 山脈激戰(上),motianji-wangyu/魔天記_html280.html
第281章 山脈激戰(下),motianji-wangyu/魔天記_html281.html
第282章 魔念出世,motianji-wangyu/魔天記_html282.html
第283章 蛟骨,motianji-wangyu/魔天記_html283.html
第284章 重煉寶物,motianji-wangyu/魔天記_html284.html
第285章 金月劍,motianji-wangyu/魔天記_html285.html
第286章 安然歸來,motianji-wangyu/魔天記_html286.html
第287章 三真六子,motianji-wangyu/魔天記_html287.html
第三 卷海族之戰第兩百八十八掌金甲符兵,motianji-wangyu/魔天記_html288.html
明天三江訪談開始恢復正常更新,motianji-wangyu/魔天記_html289.html
第289章 奪舍之疑,motianji-wangyu/魔天記_html290.html
第290章 初見元魔,motianji-wangyu/魔天記_html291.html
第291章 夢縈蠱,motianji-wangyu/魔天記_html292.html
第292章 引魂大法,motianji-wangyu/魔天記_html293.html
第293章 張丫和柳名,motianji-wangyu/魔天記_html294.html
第294章 血仇,motianji-wangyu/魔天記_html295.html
第295章 無盡追殺,motianji-wangyu/魔天記_html296.html
第296章 一夜華髮,motianji-wangyu/魔天記_html297.html
第297章 兩世冤家,motianji-wangyu/魔天記_html298.html
第298章 七世之緣,motianji-wangyu/魔天記_html299.html
第299章 煉屍之術,motianji-wangyu/魔天記_html300.html
第300章 骨蠍歸來,motianji-wangyu/魔天記_html301.html
第301章 八足海妖,motianji-wangyu/魔天記_html302.html
第302章 巨魔山和蕭悅白,motianji-wangyu/魔天記_html303.html
第303章 血虎,motianji-wangyu/魔天記_html304.html
第304章 寒梨,motianji-wangyu/魔天記_html305.html
第305章 召魔術,motianji-wangyu/魔天記_html306.html
第306章 飛雪術,motianji-wangyu/魔天記_html307.html
第307章 棺中人,motianji-wangyu/魔天記_html308.html
第三卷海族之戰第三百里零八章 鎮妖塔,motianji-wangyu/魔天記_html309.html
第309章 入塔,motianji-wangyu/魔天記_html310.html
第310章 地蚓獸,motianji-wangyu/魔天記_html311.html
第311章 大風鳥與血虎,motianji-wangyu/魔天記_html312.html
第312章 斬殺妖虎,motianji-wangyu/魔天記_html313.html
第313章 封印,motianji-wangyu/魔天記_html314.html
第314章 破印與誘餌,motianji-wangyu/魔天記_html315.html
第315章 黑液與白焰,motianji-wangyu/魔天記_html316.html
第316章 黑蛇,motianji-wangyu/魔天記_html317.html
第317章 封印巨足,motianji-wangyu/魔天記_html318.html
第318章 封印與黑蛇,motianji-wangyu/魔天記_html319.html
第319章 再見重水,motianji-wangyu/魔天記_html320.html
第320章 魔文現世,motianji-wangyu/魔天記_html321.html
第321章 魔目,motianji-wangyu/魔天記_html322.html
第322章 渾天碑,motianji-wangyu/魔天記_html323.html
第323章 渾天面世,motianji-wangyu/魔天記_html324.html
第324章 出塔,motianji-wangyu/魔天記_html325.html
第325章 龍虎交匯,motianji-wangyu/魔天記_html326.html
第326章 凝液中期,motianji-wangyu/魔天記_html327.html
第327章 欽州坊市,motianji-wangyu/魔天記_html328.html
第328章 選出六子,motianji-wangyu/魔天記_html329.html
第329章 魔頭變異,motianji-wangyu/魔天記_html330.html
第330章 鎮魂鎖,motianji-wangyu/魔天記_html331.html
第331章 出海,motianji-wangyu/魔天記_html332.html
第332章 黑色妖禽,motianji-wangyu/魔天記_html333.html
第333章 谷南城,motianji-wangyu/魔天記_html334.html
第334章 黑血,motianji-wangyu/魔天記_html335.html
第335章 意外收穫,motianji-wangyu/魔天記_html336.html
第336章 猜測,motianji-wangyu/魔天記_html337.html
第337章 蒙獰,motianji-wangyu/魔天記_html338.html
第338章 雲川令牌,motianji-wangyu/魔天記_html339.html
第339章 鐵火谷,motianji-wangyu/魔天記_html340.html
第340章 五件靈器,motianji-wangyu/魔天記_html341.html
第341章 鎮魂鎖和汐水盾,motianji-wangyu/魔天記_html342.html
第342章 衝突,motianji-wangyu/魔天記_html343.html
第343章 再見珈藍,motianji-wangyu/魔天記_html344.html
第344章 頭顱,motianji-wangyu/魔天記_html345.html
第345章 風波,motianji-wangyu/魔天記_html346.html
第346章 御劍飛遁,motianji-wangyu/魔天記_html347.html
第347章 遇襲,motianji-wangyu/魔天記_html348.html
第348章 紅芒,motianji-wangyu/魔天記_html349.html
第349章 九嶷骷髏盾,motianji-wangyu/魔天記_html350.html
第350章 神秘尾巴,motianji-wangyu/魔天記_html351.html
第351章 林中密語,motianji-wangyu/魔天記_html352.html
第352章 脫身計策,motianji-wangyu/魔天記_html353.html
第353章 神秘青年,motianji-wangyu/魔天記_html354.html
第354章 谷中羣戰(一),motianji-wangyu/魔天記_html355.html
第355章 谷中羣戰(二),motianji-wangyu/魔天記_html356.html
第356章 谷中羣戰(三),motianji-wangyu/魔天記_html357.html
第357章 谷中羣戰(四),motianji-wangyu/魔天記_html358.html
第358章 阻截,motianji-wangyu/魔天記_html359.html
第359章 落金砂,motianji-wangyu/魔天記_html360.html
第360章 反殺,motianji-wangyu/魔天記_html361.html
第361章 血獸晶,motianji-wangyu/魔天記_html362.html
第362章 驚變,motianji-wangyu/魔天記_html363.html
第363章 變故再起,motianji-wangyu/魔天記_html364.html
第364章 元珠,motianji-wangyu/魔天記_html365.html
第365章 逃離,motianji-wangyu/魔天記_html366.html
第366章 追擊,motianji-wangyu/魔天記_html367.html
第367章 遁地,motianji-wangyu/魔天記_html368.html
第368章 赤熱蛇毒,motianji-wangyu/魔天記_html369.html
第369章 去毒,motianji-wangyu/魔天記_html370.html
第370章 詭異一幕,motianji-wangyu/魔天記_html371.html
第371章 妖皇現世,motianji-wangyu/魔天記_html372.html
第372章 招降,motianji-wangyu/魔天記_html373.html
第373章 化晶之劫,motianji-wangyu/魔天記_html374.html
第374章 玄陰針,motianji-wangyu/魔天記_html375.html
第375章 擎天一擊,motianji-wangyu/魔天記_html376.html
第376章 傷真丹,motianji-wangyu/魔天記_html377.html
第377章 黑色丹藥,motianji-wangyu/魔天記_html378.html
第378章 血靈絲,motianji-wangyu/魔天記_html379.html
第379章 海底宮殿,motianji-wangyu/魔天記_html380.html
第380章 守衛,motianji-wangyu/魔天記_html381.html
第381章 礦洞老者,motianji-wangyu/魔天記_html382.html
第382章 畫中人,motianji-wangyu/魔天記_html383.html
第383章 洞中勢力,motianji-wangyu/魔天記_html384.html
第384章 陌生青年,motianji-wangyu/魔天記_html385.html
第385章 礦洞坊市,motianji-wangyu/魔天記_html386.html
第386章 懸賞,motianji-wangyu/魔天記_html387.html
第387章 再次逼毒,motianji-wangyu/魔天記_html388.html
第388章 歸途,motianji-wangyu/魔天記_html389.html
第389章 沙土之甲,motianji-wangyu/魔天記_html390.html
第390章 兩大勢力,motianji-wangyu/魔天記_html391.html
第391章 解藥,motianji-wangyu/魔天記_html392.html
第392章 孽獸,motianji-wangyu/魔天記_html393.html
第393章 骨風錐,motianji-wangyu/魔天記_html394.html
第394章 孽災,motianji-wangyu/魔天記_html395.html
第395章 圍困,motianji-wangyu/魔天記_html396.html
第396章 獸羣,motianji-wangyu/魔天記_html397.html
第397章 辛元,motianji-wangyu/魔天記_html398.html
第398章 混元鑌鐵棍,motianji-wangyu/魔天記_html399.html
第399章 顏囉,motianji-wangyu/魔天記_html400.html
第400章 切磋,motianji-wangyu/魔天記_html401.html
第401章 拉攏,motianji-wangyu/魔天記_html402.html
第402章 九月子母劍陣,motianji-wangyu/魔天記_html403.html
第403章 藍璽,motianji-wangyu/魔天記_html404.html
第404章 逃脫路線,motianji-wangyu/魔天記_html405.html
第405章 晶妙鏡,motianji-wangyu/魔天記_html406.html
第406章 聚集與驚變,motianji-wangyu/魔天記_html407.html
第407章 顏囉之死,motianji-wangyu/魔天記_html408.html
第408章 戰雲再起,motianji-wangyu/魔天記_html409.html
第409章 翎羽,motianji-wangyu/魔天記_html410.html
第410章 海族之戰(一),motianji-wangyu/魔天記_html411.html
第411章 海族之戰(二),motianji-wangyu/魔天記_html412.html
第412章 海族之戰(三),motianji-wangyu/魔天記_html413.html
第413章 海族之戰(四),motianji-wangyu/魔天記_html414.html
第414章 海族之戰(五),motianji-wangyu/魔天記_html415.html
第415章 海族之戰(六),motianji-wangyu/魔天記_html416.html
第416章 海族之戰(七),motianji-wangyu/魔天記_html417.html
第417章 海族之戰(八),motianji-wangyu/魔天記_html418.html
第418章 海族之戰(九),motianji-wangyu/魔天記_html419.html
第419章 海族之戰(十),motianji-wangyu/魔天記_html420.html
第420章 海族之戰(十一),motianji-wangyu/魔天記_html421.html
第421章 臨時聯手,motianji-wangyu/魔天記_html422.html
第422章 化晶孽獸,motianji-wangyu/魔天記_html423.html
第423章 石林祭壇,motianji-wangyu/魔天記_html424.html
第424章 鬼黎,motianji-wangyu/魔天記_html425.html
第425章 聯手一擊,motianji-wangyu/魔天記_html426.html
第426章 普陀曇焰,motianji-wangyu/魔天記_html427.html
第427章 巨魔之首,motianji-wangyu/魔天記_html428.html
第428章 魔化藍璽,motianji-wangyu/魔天記_html429.html
第429章 魔念逞威,motianji-wangyu/魔天記_html430.html
第430章 大敗妖皇,motianji-wangyu/魔天記_html431.html
第431章 羅睺,motianji-wangyu/魔天記_html432.html
第432章 囚籠,motianji-wangyu/魔天記_html433.html
第433章 幻魔瞳,motianji-wangyu/魔天記_html434.html
第434章 南海之域,motianji-wangyu/魔天記_html435.html
第435章 青魚島,motianji-wangyu/魔天記_html436.html
第436章 長風會,motianji-wangyu/魔天記_html437.html
第437章 暗流涌動,motianji-wangyu/魔天記_html438.html
第三卷太清門徒437章 紫霄使者,motianji-wangyu/魔天記_html439.html
第四 卷太清門徒439長風會主,motianji-wangyu/魔天記_html440.html
第四 卷太清門徒440分頭行事,motianji-wangyu/魔天記_html441.html
第四 卷太清門徒441清散丹,motianji-wangyu/魔天記_html442.html
第四 卷太清門徒442解毒與戰書,motianji-wangyu/魔天記_html443.html
第四 卷太清門徒443黃真與靈性材料,motianji-wangyu/魔天記_html444.html
第四 卷太清門徒444激戰獸羣,motianji-wangyu/魔天記_html445.html
第四 卷太清門徒445力戰王獸,motianji-wangyu/魔天記_html446.html
第四 卷太清門徒446斬殺王獸,motianji-wangyu/魔天記_html447.html
第四 卷太清門徒447解毒,motianji-wangyu/魔天記_html448.html
第四 卷太清門徒448紫霄觀與金玉盟,motianji-wangyu/魔天記_html449.html
第四 卷太清門徒449選拔賽,motianji-wangyu/魔天記_html450.html
第四 卷太清門徒450獲得名額,motianji-wangyu/魔天記_html451.html
第四 卷太清門徒451第二枚重水珠,motianji-wangyu/魔天記_html452.html
第四 卷太清門徒452火焰谷,motianji-wangyu/魔天記_html453.html
第四 卷太清門徒453抽籤,motianji-wangyu/魔天記_html454.html
第四 卷太清門徒454辛元之威,motianji-wangyu/魔天記_html455.html
第四 卷太清門徒455珈藍之戰,motianji-wangyu/魔天記_html456.html
第四 卷太清門徒456j聚靈之術,motianji-wangyu/魔天記_html457.html
第四 卷太清門徒457牛刀小試,motianji-wangyu/魔天記_html458.html
第四 卷太清門徒458第二戰,motianji-wangyu/魔天記_html459.html
第四 卷太清門徒459碧蟒九轉大法,motianji-wangyu/魔天記_html460.html
第四 卷太清門徒460第三輪,motianji-wangyu/魔天記_html461.html
第四 卷太清門徒461最終賭戰上,motianji-wangyu/魔天記_html462.html
第四 卷太清門徒462最終賭戰下,motianji-wangyu/魔天記_html463.html
第四 卷太清門徒463玉清,motianji-wangyu/魔天記_html464.html
第四 卷太清門徒464四大太宗,motianji-wangyu/魔天記_html465.html
第四 卷太清門徒465盤若寺,motianji-wangyu/魔天記_html466.html
第四 卷太清門徒466萬靈山,motianji-wangyu/魔天記_html467.html
第四 卷太清門徒467翠雲峰,motianji-wangyu/魔天記_html468.html
第四 卷太清門徒468外門弟子,motianji-wangyu/魔天記_html469.html
第四 卷太清門徒469虛靈塔,motianji-wangyu/魔天記_html470.html
第四 卷太清門徒470三種途徑,motianji-wangyu/魔天記_html471.html
第四 卷太清門徒471五行殿,motianji-wangyu/魔天記_html472.html
第四 卷太清門徒472玄榜,motianji-wangyu/魔天記_html473.html
第四 卷太清門徒473測試,motianji-wangyu/魔天記_html474.html
第四 卷太清門徒474黑陽山脈,motianji-wangyu/魔天記_html475.html
第四 卷太清門徒478雪爪蜘蛛,motianji-wangyu/魔天記_html476.html
第四 卷太清門徒476甲龍獸,motianji-wangyu/魔天記_html477.html
第四 卷太清門徒477天殘童子,motianji-wangyu/魔天記_html478.html
第四 卷太清門徒478激戰黑陽山,motianji-wangyu/魔天記_html479.html
第四 卷太清門徒479生死單,motianji-wangyu/魔天記_html480.html
第四 卷太清門徒480木靈穴,motianji-wangyu/魔天記_html481.html
第四 卷太清門徒481龍顏菲,motianji-wangyu/魔天記_html482.html
第四 卷太清門徒482銀泉谷,motianji-wangyu/魔天記_html483.html
第四 卷太清門徒483懷疑,motianji-wangyu/魔天記_html484.html
第四 卷太清門徒484異族隱秘,motianji-wangyu/魔天記_html485.html
第四 卷太清門徒485小炎界,motianji-wangyu/魔天記_html486.html
第四 卷太清門徒486火鴉,motianji-wangyu/魔天記_html487.html
第四卷太清門徒487章 火靈,motianji-wangyu/魔天記_html488.html
第四 卷太清門488異變,motianji-wangyu/魔天記_html489.html
第四卷太清門489章 聯手,motianji-wangyu/魔天記_html490.html
第四 卷太清門490隕落,motianji-wangyu/魔天記_html491.html
第491章 商議,motianji-wangyu/魔天記_html492.html
第四卷太清門492章 三味真焰爐,motianji-wangyu/魔天記_html493.html
第四 卷太清門493逃殺,motianji-wangyu/魔天記_html494.html
第四卷太清門494章 暴動,motianji-wangyu/魔天記_html495.html
第四 卷太清門495巨型火靈,motianji-wangyu/魔天記_html496.html
第四卷太清門496返回,motianji-wangyu/魔天記_html497.html
第四 卷太清門497偷襲,motianji-wangyu/魔天記_html498.html
第四 卷太清門498火靈王,motianji-wangyu/魔天記_html499.html
第四 卷太清門499結晶,motianji-wangyu/魔天記_html500.html
第四 卷太清門500地下至寶,motianji-wangyu/魔天記_html501.html
第四 卷太清門501骨蠍甦醒,motianji-wangyu/魔天記_html502.html
第四 卷太清門502試煉結束,motianji-wangyu/魔天記_html503.html
第四 卷太清門503收穫,motianji-wangyu/魔天記_html504.html
第四 卷太清門504三種方法,motianji-wangyu/魔天記_html505.html
第四 卷太清門505金玉環,motianji-wangyu/魔天記_html506.html
第四 卷太清門506宗門法契,motianji-wangyu/魔天記_html507.html
第四 卷太清門507再入坊市,motianji-wangyu/魔天記_html508.html
第四 卷太清門508寒潭,motianji-wangyu/魔天記_html509.html
第四 卷太清門509鬥劍,motianji-wangyu/魔天記_html510.html
第四 卷太清門510白色蟲卵,motianji-wangyu/魔天記_html511.html
第四 卷太清門511冰蠶,motianji-wangyu/魔天記_html512.html
第四 卷太清門512深入寒潭,motianji-wangyu/魔天記_html513.html
第四 卷太清門513初見法寶,motianji-wangyu/魔天記_html514.html
第四 卷太清門514太陰之穴,motianji-wangyu/魔天記_html515.html
第四 卷太清門515飛顱進化,motianji-wangyu/魔天記_html516.html
第四 卷太清門516材料,motianji-wangyu/魔天記_html517.html
第四 卷太清門517冷凝丹和金元丸,motianji-wangyu/魔天記_html518.html
第四 卷太清門518入品丹藥,motianji-wangyu/魔天記_html519.html
第四 卷太清門519再戰藍璽,motianji-wangyu/魔天記_html520.html
第四 卷太清門520幻境歷練,motianji-wangyu/魔天記_html521.html
第四 卷太清門521實力激增,motianji-wangyu/魔天記_html522.html
第四 卷太清門522售丹,motianji-wangyu/魔天記_html523.html
第四 卷太清門523蒼蠻山,motianji-wangyu/魔天記_html524.html
第四 卷太清門524許家堡,motianji-wangyu/魔天記_html525.html
第四 卷太清門525青面鬼,motianji-wangyu/魔天記_html526.html
第四 卷太清門526甘瘻珠,motianji-wangyu/魔天記_html527.html
第四 卷太清門527兩種劍訣,motianji-wangyu/魔天記_html528.html
第四 卷太清門528長陽坊市,motianji-wangyu/魔天記_html529.html
第四 卷太清門529百鍊閣,motianji-wangyu/魔天記_html530.html
第四 卷太清門530蝠族商鋪,motianji-wangyu/魔天記_html531.html
第四 卷太清門531變異蟲卵,motianji-wangyu/魔天記_html532.html
第四 卷太清門532化識蟲,motianji-wangyu/魔天記_html533.html
第四 卷太清門533千盟商會,motianji-wangyu/魔天記_html534.html
第四 卷太清門534坊市傳言,motianji-wangyu/魔天記_html535.html
第四 卷太清門535掮客,motianji-wangyu/魔天記_html536.html
四卷太清門536高老兒,motianji-wangyu/魔天記_html537.html
第四 卷太清門537千年青凝果,motianji-wangyu/魔天記_html538.html
第四 卷太清門538六紋丹,motianji-wangyu/魔天記_html539.html
第四 卷太清門539拍賣大會,motianji-wangyu/魔天記_html540.html
今天兩章已經更新了下個月忘語準備爆發下了,motianji-wangyu/魔天記_html541.html
第四 卷太清門540精魄粉,motianji-wangyu/魔天記_html542.html
第四 卷太清門541魔玄宗與歐陽世家,motianji-wangyu/魔天記_html543.html
第四 卷太清門542法寶雛形,motianji-wangyu/魔天記_html544.html
第四 卷太清門543靈鱉精血,motianji-wangyu/魔天記_html545.html
第四 卷太清門544靈蟲出世,motianji-wangyu/魔天記_html546.html
第四 卷太清門545達成協議,motianji-wangyu/魔天記_html547.html
第四 卷太清門546卜卦與機緣,motianji-wangyu/魔天記_html548.html
第四 卷太清門547陰陽巨力魔,motianji-wangyu/魔天記_html549.html
第四 卷太清門548解圍,motianji-wangyu/魔天記_html550.html
第四 卷太清門549綠袍少年,motianji-wangyu/魔天記_html551.html
第四 卷太清門550四象傀儡,motianji-wangyu/魔天記_html552.html
第四 卷太清門551引魂盤,motianji-wangyu/魔天記_html553.html
第四 卷太清門552身劍合一,motianji-wangyu/魔天記_html554.html
第四 卷太清門553魔文典籍,motianji-wangyu/魔天記_html555.html
第四 卷太清門554古鏡殘片,motianji-wangyu/魔天記_html556.html
第4章 的！,motianji-wangyu/魔天記_html557.html
第四 卷太清門555碧穹幻宮,motianji-wangyu/魔天記_html558.html
第四 卷太清門556五彩階梯,motianji-wangyu/魔天記_html559.html
第四 卷太清門557各顯神通,motianji-wangyu/魔天記_html560.html
第四 卷太清門558幻獸,motianji-wangyu/魔天記_html561.html
第四 卷太清門559偶遇,motianji-wangyu/魔天記_html562.html
再爆發一天將會四更求月票支持,motianji-wangyu/魔天記_html563.html
第四 卷太清門560人形幻獸,motianji-wangyu/魔天記_html564.html
第四 卷太清門561激戰,motianji-wangyu/魔天記_html565.html
第四 卷太清門562三大真丹,motianji-wangyu/魔天記_html566.html
四更完畢下一次燃燒不會太遠的,motianji-wangyu/魔天記_html567.html
第四 卷太清門563獨角怪馬,motianji-wangyu/魔天記_html568.html
第四 卷太清門564聯手,motianji-wangyu/魔天記_html569.html
第四 卷太清門565接連激戰,motianji-wangyu/魔天記_html570.html
非常感謝大家支持忘語爭取中秋期間再爆發兩天,motianji-wangyu/魔天記_html571.html
第四 卷太清門566最強幻影,motianji-wangyu/魔天記_html572.html
第四 卷太清門567一路追殺,motianji-wangyu/魔天記_html573.html
第四 卷太清門568金烈陽,motianji-wangyu/魔天記_html574.html
第四 卷太清門569六神鼎,motianji-wangyu/魔天記_html575.html
第四 卷太清門570奎木尊者,motianji-wangyu/魔天記_html576.html
第四卷太清門580挑戰第三章,motianji-wangyu/魔天記_html577.html
第四 卷太清門572如摧枯朽,motianji-wangyu/魔天記_html578.html
第四 卷太清門573終成法寶,motianji-wangyu/魔天記_html579.html
第四 卷太清門574魔化之軀,motianji-wangyu/魔天記_html580.html
第四 卷太清門575幻境惡戰,motianji-wangyu/魔天記_html581.html
中秋特別單章求月票支持,motianji-wangyu/魔天記_html582.html
第四 卷太清門576擊殺海妖皇,motianji-wangyu/魔天記_html583.html
第四 卷太清門徒577大比,motianji-wangyu/魔天記_html584.html
第四 卷太清門徒578八院大比一,motianji-wangyu/魔天記_html585.html
第四 卷太清門徒八院大比二,motianji-wangyu/魔天記_html586.html
第四 卷太清門徒580八院大比三,motianji-wangyu/魔天記_html587.html
第四 卷太清門徒581八院大比四,motianji-wangyu/魔天記_html588.html
第四 卷太清門徒582八院大比五,motianji-wangyu/魔天記_html589.html
第四 卷太清門徒583八院大比六,motianji-wangyu/魔天記_html590.html
第四 卷太清門徒584八院大比七,motianji-wangyu/魔天記_html591.html
第四 卷太清門徒585前十排名戰一,motianji-wangyu/魔天記_html592.html
第四 卷太清門徒586前十排名戰二,motianji-wangyu/魔天記_html593.html
第四 卷太清門徒587前十排名戰三,motianji-wangyu/魔天記_html594.html
第四 卷太清門徒588前十排名戰四,motianji-wangyu/魔天記_html595.html
第四 卷太清門徒589前十排名戰五,motianji-wangyu/魔天記_html596.html
明天繼續爆發以更新求月票,motianji-wangyu/魔天記_html597.html
第四 卷太清門徒590前十排名戰六,motianji-wangyu/魔天記_html598.html
第四 卷太清門徒591外門第一,motianji-wangyu/魔天記_html599.html
第四 卷太清門徒592八足出世,motianji-wangyu/魔天記_html600.html
第四 卷太清門徒593三分朦影大法,motianji-wangyu/魔天記_html601.html
第四 卷太清門徒594玉佩,motianji-wangyu/魔天記_html602.html
第四 卷太清門徒595血斧狂魔,motianji-wangyu/魔天記_html603.html
第四 卷太清門徒596枯骨僧人,motianji-wangyu/魔天記_html604.html
第四 卷太清門徒597虛靈塔,motianji-wangyu/魔天記_html605.html
第四卷太清門徒598章 勢如破竹,motianji-wangyu/魔天記_html606.html
第四 卷太清門徒599獅虎獸,motianji-wangyu/魔天記_html607.html
月票告急爆發求票,motianji-wangyu/魔天記_html608.html
第四 卷太清門徒600三十五層,motianji-wangyu/魔天記_html609.html
第四 卷太清門徒601激鬥獅虎獸上,motianji-wangyu/魔天記_html610.html
第四 卷太清門徒602激鬥獅虎獸中,motianji-wangyu/魔天記_html611.html
第四 卷太清門徒603激鬥獅虎獸下,motianji-wangyu/魔天記_html612.html
第五 卷劍氣九霄604獎勵,motianji-wangyu/魔天記_html613.html
第五 卷劍氣九霄605落幽峰,motianji-wangyu/魔天記_html614.html
第五 卷劍氣九霄606天風洞,motianji-wangyu/魔天記_html615.html
第五 卷劍氣九霄607彭魔雙煞,motianji-wangyu/魔天記_html616.html
第五 卷劍氣九霄608再見羅,motianji-wangyu/魔天記_html617.html
第五 卷劍氣九霄609戴月玉舟,motianji-wangyu/魔天記_html618.html
第五 卷劍氣九霄610挑戰,motianji-wangyu/魔天記_html619.html
第五 卷劍氣九霄611曇光山,motianji-wangyu/魔天記_html620.html
第五 卷劍氣九霄612九色靈鹿,motianji-wangyu/魔天記_html621.html
第五 卷劍氣九霄613曉五之戰,motianji-wangyu/魔天記_html622.html
第五 卷劍氣九霄614太虛之眼,motianji-wangyu/魔天記_html623.html
第五 卷劍氣九霄615惡鬼道,motianji-wangyu/魔天記_html624.html
第五 卷劍氣九霄616遇伏,motianji-wangyu/魔天記_html625.html
雙倍期間爆發求月票一章已更,motianji-wangyu/魔天記_html626.html
第五 卷劍氣九霄617邪修來襲,motianji-wangyu/魔天記_html627.html
第五 卷劍氣九霄618黑鳳仙子,motianji-wangyu/魔天記_html628.html
第五 卷劍氣九霄619天馬草原,motianji-wangyu/魔天記_html629.html
四章已更求票票支援,motianji-wangyu/魔天記_html630.html
第五 卷劍氣九霄620靈馬,motianji-wangyu/魔天記_html631.html
第五 卷劍氣九霄621天野古城,motianji-wangyu/魔天記_html632.html
第五 卷劍氣九霄622遺蹟現世,motianji-wangyu/魔天記_html633.html
拼了最後一天再次四更求月票,motianji-wangyu/魔天記_html634.html
第五 卷劍氣九霄623進入遺蹟,motianji-wangyu/魔天記_html635.html
第五 卷劍氣九霄624祭壇與封印,motianji-wangyu/魔天記_html636.html
第五 卷劍氣九霄625激戰,motianji-wangyu/魔天記_html637.html
第五 卷劍氣九霄626激戰黑鳳,motianji-wangyu/魔天記_html638.html
了萬分的支持,motianji-wangyu/魔天記_html639.html
第五 卷劍氣九霄627再戰血帝子,motianji-wangyu/魔天記_html640.html
祝大家節日快樂,motianji-wangyu/魔天記_html641.html
第五 卷劍氣九霄628無形一擊,motianji-wangyu/魔天記_html642.html
第五 卷劍氣九霄629魔化再現,motianji-wangyu/魔天記_html643.html
第五 卷劍氣九霄630斬殺,motianji-wangyu/魔天記_html644.html
一章已更求保底月票,motianji-wangyu/魔天記_html645.html
第五 卷劍氣九霄631乾屍,motianji-wangyu/魔天記_html646.html
第五 卷劍氣九霄632甄元城,motianji-wangyu/魔天記_html647.html
第五 卷劍氣九霄633明水閣,motianji-wangyu/魔天記_html648.html
第五 卷劍氣九霄634交換會,motianji-wangyu/魔天記_html649.html
第五 卷劍氣九霄離合宮,motianji-wangyu/魔天記_html650.html
第五 卷劍氣九霄636陰陽離合鏡,motianji-wangyu/魔天記_html651.html
三章已更求月票,motianji-wangyu/魔天記_html652.html
第五 卷劍氣九霄637進階化晶,motianji-wangyu/魔天記_html653.html
第五 卷劍氣九霄640親傳弟子,motianji-wangyu/魔天記_html654.html
第五 卷劍氣九霄639丹師認定,motianji-wangyu/魔天記_html655.html
第五 卷劍氣九霄640地品再現,motianji-wangyu/魔天記_html656.html
第五 卷劍氣九霄641獸甲決,motianji-wangyu/魔天記_html657.html
第五 卷劍氣九霄642祭煉,motianji-wangyu/魔天記_html658.html
第五 卷劍氣九霄643天雷術,motianji-wangyu/魔天記_html659.html
第五 卷劍氣九霄644江月城,motianji-wangyu/魔天記_html660.html
第五 卷劍氣九霄645五光液,motianji-wangyu/魔天記_html661.html
第五 卷劍氣九霄646蘊靈丹,motianji-wangyu/魔天記_html662.html
第五 卷劍氣九霄647幻境磨練,motianji-wangyu/魔天記_html663.html
第五 卷劍氣九霄648魔屍,motianji-wangyu/魔天記_html664.html
第五 卷劍氣九霄649天劍峰,motianji-wangyu/魔天記_html665.html
第五 卷劍氣九霄650樑宮,motianji-wangyu/魔天記_html666.html
第五 卷劍氣九霄651星光磁煉法,motianji-wangyu/魔天記_html667.html
第五 卷劍氣九霄652宗門任務,motianji-wangyu/魔天記_html668.html
第五 卷劍氣九霄653鬥劍丹,motianji-wangyu/魔天記_html669.html
第五 卷劍氣九霄654劍丸,motianji-wangyu/魔天記_html670.html
第五 卷劍氣九霄655劍魂殿,motianji-wangyu/魔天記_html671.html
第五 卷劍氣九霄655虯龍子,motianji-wangyu/魔天記_html672.html
第五 卷劍氣九霄656劍意碎片,motianji-wangyu/魔天記_html673.html
第五 卷劍氣九霄657隕金之精,motianji-wangyu/魔天記_html674.html
第五 卷劍氣九霄658星光法陣,motianji-wangyu/魔天記_html675.html
第五 卷劍氣九霄660煉製,motianji-wangyu/魔天記_html676.html
第五 卷劍氣九霄66劍胚之體,motianji-wangyu/魔天記_html677.html
第五 卷劍氣九霄662虛空飛劍,motianji-wangyu/魔天記_html678.html
第五 卷劍氣九霄663苗盅坊市,motianji-wangyu/魔天記_html679.html
第五 卷劍氣九霄664購置,motianji-wangyu/魔天記_html680.html
第五 卷劍氣九霄665售丹,motianji-wangyu/魔天記_html681.html
第五 卷劍氣九霄666蠻族劫匪,motianji-wangyu/魔天記_html682.html
第五 卷劍氣九霄667苗蠱拍賣會,motianji-wangyu/魔天記_html683.html
第五 卷劍氣九霄668極品五光液,motianji-wangyu/魔天記_html684.html
第五 卷劍氣九霄669暗流涌動,motianji-wangyu/魔天記_html685.html
第五 卷劍氣九霄670地品蘊靈丹,motianji-wangyu/魔天記_html686.html
第五 卷劍氣九霄671暴露,motianji-wangyu/魔天記_html687.html
第五 卷劍氣九霄672激戰真丹,motianji-wangyu/魔天記_html688.html
第五 卷劍氣九霄673力壓真丹,motianji-wangyu/魔天記_html689.html
第五 卷劍氣九霄674斬殺真丹,motianji-wangyu/魔天記_html690.html
第五 卷劍氣九霄675狼盟與圖騰,motianji-wangyu/魔天記_html691.html
第五 卷劍氣九霄676吳奎,motianji-wangyu/魔天記_html692.html
第五 卷劍氣九霄677五光蜂后,motianji-wangyu/魔天記_html693.html
第五 卷劍氣九霄678圖騰之柱,motianji-wangyu/魔天記_html694.html
第五 卷劍氣九霄679誘殺蜂后,motianji-wangyu/魔天記_html695.html
第五 卷劍氣九霄680圍剿蜂后,motianji-wangyu/魔天記_html696.html
第五 卷劍氣九霄681擊殺蜂后上,motianji-wangyu/魔天記_html697.html
第五 卷劍氣九霄682擊殺蜂后下,motianji-wangyu/魔天記_html698.html
第五 卷劍氣九霄683雷妖,motianji-wangyu/魔天記_html699.html
第五 卷劍氣九霄684天妖傳承,motianji-wangyu/魔天記_html700.html
第五 卷劍氣九霄685初探秘境,motianji-wangyu/魔天記_html701.html
第五 卷劍氣九霄686驚疑,motianji-wangyu/魔天記_html702.html
第五 卷劍氣九霄687長臉妖修,motianji-wangyu/魔天記_html703.html
第五 卷劍氣九霄688灰色令牌,motianji-wangyu/魔天記_html704.html
第五 卷劍氣九霄689黃瑩與巨狼,motianji-wangyu/魔天記_html705.html
晚上18-20點貼吧活動哦順便求下月保底票,motianji-wangyu/魔天記_html706.html
第五 卷劍氣九霄690斬殺犀妖,motianji-wangyu/魔天記_html707.html
第五 卷劍氣九霄691天妖精血,motianji-wangyu/魔天記_html708.html
第五 卷劍氣九霄692聯手,motianji-wangyu/魔天記_html709.html
第1章 已更,motianji-wangyu/魔天記_html710.html
第五 卷劍氣九霄693枯木逢春大法,motianji-wangyu/魔天記_html711.html
第五 卷劍氣九霄694守株待妖,motianji-wangyu/魔天記_html712.html
求保底月票明天繼續爆發,motianji-wangyu/魔天記_html713.html
第五 卷劍氣九霄695惡戰,motianji-wangyu/魔天記_html714.html
第五 卷劍氣九霄696青牛妖,motianji-wangyu/魔天記_html715.html
第五 卷劍氣九霄697紫衣妖修,motianji-wangyu/魔天記_html716.html
三章已更求保底月票,motianji-wangyu/魔天記_html717.html
第五 卷劍氣九霄698雙頭巨蟒上,motianji-wangyu/魔天記_html718.html
第五 卷劍氣九霄699雙頭巨蟒下,motianji-wangyu/魔天記_html719.html
第五 卷劍氣九霄670秘境中心,motianji-wangyu/魔天記_html720.html
第五 卷劍氣九霄701秘境驚變,motianji-wangyu/魔天記_html721.html
第五 卷劍氣九霄702金蠻老祖,motianji-wangyu/魔天記_html722.html
第五 卷劍氣九霄703激戰天象上,motianji-wangyu/魔天記_html723.html
第五 卷劍氣九霄704激戰天象下,motianji-wangyu/魔天記_html724.html
第五 卷劍氣九霄705離開,motianji-wangyu/魔天記_html725.html
第五 卷劍氣九霄706追殺,motianji-wangyu/魔天記_html726.html
第五 卷劍氣九霄707烈風雕,motianji-wangyu/魔天記_html727.html
第五 卷劍氣九霄708太陰雷符,motianji-wangyu/魔天記_html728.html
第五 卷劍氣九霄709風妖,motianji-wangyu/魔天記_html729.html
第五 卷劍氣九霄710沙族,motianji-wangyu/魔天記_html730.html
五卷劍氣九霄711沙族大長老,motianji-wangyu/魔天記_html731.html
第五 卷劍氣九霄712沙漠幽簫,motianji-wangyu/魔天記_html732.html
第五 卷劍氣九霄713沙楚兒,motianji-wangyu/魔天記_html733.html
第五 卷劍氣九霄714沙豺圍城,motianji-wangyu/魔天記_html734.html
第五 卷劍氣九霄715城上激戰,motianji-wangyu/魔天記_html735.html
第五 卷劍氣九霄716巨型沙獸,motianji-wangyu/魔天記_html736.html
第五 卷劍氣九霄717沙熊,motianji-wangyu/魔天記_html737.html
第五 卷劍氣九霄718夜談,motianji-wangyu/魔天記_html738.html
第五 卷劍氣九霄719南荒傀帝,motianji-wangyu/魔天記_html739.html
第五 卷劍氣九霄720沙族遺蹟,motianji-wangyu/魔天記_html740.html
五卷劍氣九霄721宮殿,motianji-wangyu/魔天記_html741.html
第五 卷劍氣九霄722傀儡女童,motianji-wangyu/魔天記_html742.html
第五 卷劍氣九霄723破靈匕首,motianji-wangyu/魔天記_html743.html
第五 卷劍氣九霄724幻境上,motianji-wangyu/魔天記_html744.html
第五 卷劍氣九霄725幻境下,motianji-wangyu/魔天記_html745.html
第五 卷劍氣九霄726黑色傀儡,motianji-wangyu/魔天記_html746.html
第五 卷劍氣九霄727大戰雙傀,motianji-wangyu/魔天記_html747.html
第五 卷劍氣九霄728魔屍現,motianji-wangyu/魔天記_html748.html
第五 卷劍氣九霄729青靈,motianji-wangyu/魔天記_html749.html
第五 卷劍氣九霄730收二妖,motianji-wangyu/魔天記_html750.html
第五 卷劍氣九霄731隱居,motianji-wangyu/魔天記_html751.html
明天爆發更新求月票了,motianji-wangyu/魔天記_html752.html
第五 卷劍氣九霄732南荒之亂,motianji-wangyu/魔天記_html753.html
第五 卷劍氣九霄733南荒之亂,motianji-wangyu/魔天記_html754.html
五卷劍氣九霄734天雷之印第三更,motianji-wangyu/魔天記_html755.html
五卷劍氣九霄735重回苗蠱第四更,motianji-wangyu/魔天記_html756.html
第五 卷劍氣九霄736地下商鋪,motianji-wangyu/魔天記_html757.html
第五 卷劍氣九霄737甦醒,motianji-wangyu/魔天記_html758.html
第五 卷劍氣九霄738突破,motianji-wangyu/魔天記_html759.html
第五 卷劍氣九霄739碾殺化晶,motianji-wangyu/魔天記_html760.html
第五 卷劍氣九霄740強敵又現,motianji-wangyu/魔天記_html761.html
第五 卷劍氣九霄741靈寵化晶,motianji-wangyu/魔天記_html762.html
第五 卷劍氣九霄742進階後期,motianji-wangyu/魔天記_html763.html
第五 卷劍氣九霄743蠍兒與飛兒,motianji-wangyu/魔天記_html764.html
第五 卷劍氣九霄744九天神雷,motianji-wangyu/魔天記_html765.html
第五 卷劍氣九霄745五色雷印,motianji-wangyu/魔天記_html766.html
第五 卷劍氣九霄746傳聞與歸途,motianji-wangyu/魔天記_html767.html
第五 卷劍氣九霄747一劍之威,motianji-wangyu/魔天記_html768.html
第五 卷劍氣九霄748天象之威,motianji-wangyu/魔天記_html769.html
第五 卷劍氣九霄749金門與冥河之水,motianji-wangyu/魔天記_html770.html
第五 卷劍氣九霄750星磁之力,motianji-wangyu/魔天記_html771.html
第五 卷劍氣九霄751天戈真人,motianji-wangyu/魔天記_html772.html
第五 卷劍氣九霄752天宮與天門會,motianji-wangyu/魔天記_html773.html
一章已更求月票,motianji-wangyu/魔天記_html774.html
第五 卷劍氣九霄753風波起,motianji-wangyu/魔天記_html775.html
第五 卷劍氣九霄754上門挑釁,motianji-wangyu/魔天記_html776.html
第五 卷劍氣九霄755太陰至陽身,motianji-wangyu/魔天記_html777.html
第五 卷劍氣九霄756羅天成與龍虎冥獄功,motianji-wangyu/魔天記_html778.html
最後時刻呼喚月票已經兩更了,motianji-wangyu/魔天記_html779.html
第五 卷劍氣九霄757勢均力敵,motianji-wangyu/魔天記_html780.html
十一月奪冠感言,motianji-wangyu/魔天記_html781.html
第五 卷劍氣九霄三月挑戰,motianji-wangyu/魔天記_html782.html
第五 卷劍氣九霄759提親,motianji-wangyu/魔天記_html783.html
第五 卷劍氣九霄760軟硬兼施,motianji-wangyu/魔天記_html784.html
第五 卷劍氣九霄761瘟咒峰與瘟憎,motianji-wangyu/魔天記_html785.html
第五 卷劍氣九霄762應邀出戰,motianji-wangyu/魔天記_html786.html
第五 卷劍氣九霄763決戰縹緲峰上,motianji-wangyu/魔天記_html787.html
第五 卷劍氣九霄決戰縹緲峰中,motianji-wangyu/魔天記_html788.html
第五 卷劍氣九霄765決戰縹緲峰下,motianji-wangyu/魔天記_html789.html
第五 卷劍氣九霄766震驚四座,motianji-wangyu/魔天記_html790.html
第五 卷劍氣九霄767婚約,motianji-wangyu/魔天記_html791.html
第五 卷劍氣九霄768相送,motianji-wangyu/魔天記_html792.html
第五 卷劍氣九霄769同赴交換會,motianji-wangyu/魔天記_html793.html
第五 卷劍氣九霄770再見黑鳳,motianji-wangyu/魔天記_html794.html
第五 卷劍氣九霄771誤認,motianji-wangyu/魔天記_html795.html
第五 卷劍氣九霄772祭煉,motianji-wangyu/魔天記_html796.html
第五 卷劍氣九霄773天門現世,motianji-wangyu/魔天記_html797.html
第五 卷劍氣九霄774北斗閣主與天河老人,motianji-wangyu/魔天記_html798.html
第五 卷劍氣九霄775氣運之鎖,motianji-wangyu/魔天記_html799.html
第五 卷劍氣九霄776各展神通,motianji-wangyu/魔天記_html800.html
第五 卷劍氣九霄777秘境爭鬥,motianji-wangyu/魔天記_html801.html
第五 卷劍氣九霄778黃巾化身,motianji-wangyu/魔天記_html802.html
第五 卷劍氣九霄779穀風鳥,motianji-wangyu/魔天記_html803.html
第五 卷劍氣九霄780黃瑩礦,motianji-wangyu/魔天記_html804.html
第五 卷劍氣九霄781彭越和黑鳳仙子,motianji-wangyu/魔天記_html805.html
第五 卷劍氣九霄782傳承之盤,motianji-wangyu/魔天記_html806.html
第五 卷劍氣九霄783鷹麪人,motianji-wangyu/魔天記_html807.html
第五 卷劍氣九霄784火紋髓石,motianji-wangyu/魔天記_html808.html
第五 卷劍氣九霄785各自行動,motianji-wangyu/魔天記_html809.html
第五 卷劍氣九霄786傳承之地,motianji-wangyu/魔天記_html810.html
第五 卷劍氣九霄787開啓,motianji-wangyu/魔天記_html811.html
第五 卷劍氣九霄788清場,motianji-wangyu/魔天記_html812.html
第五 卷劍氣九霄789三條通道,motianji-wangyu/魔天記_html813.html
第五 卷劍氣九霄790選擇,motianji-wangyu/魔天記_html814.html
第五 卷劍氣九霄791星河沙金剛舍利琉璃液,motianji-wangyu/魔天記_html815.html
第五 卷劍氣九霄792各顯神通,motianji-wangyu/魔天記_html816.html
第五 卷劍氣九霄793排名,motianji-wangyu/魔天記_html817.html
第五 卷劍氣九霄794藥谷,motianji-wangyu/魔天記_html818.html
下半月到了求月票了哦,motianji-wangyu/魔天記_html819.html
第五 卷劍氣九霄795強敵,motianji-wangyu/魔天記_html820.html
第五 卷劍氣九霄796蠍兒之能,motianji-wangyu/魔天記_html821.html
第五 卷劍氣九霄797過關,motianji-wangyu/魔天記_html822.html
第五 卷劍氣九霄798心關,motianji-wangyu/魔天記_html823.html
第五 卷劍氣九霄799銅臺,motianji-wangyu/魔天記_html824.html
第五 卷劍氣九霄800瞳術,motianji-wangyu/魔天記_html825.html
第五 卷劍氣九霄801激鬥,motianji-wangyu/魔天記_html826.html
第五 卷劍氣九霄802鬼影,motianji-wangyu/魔天記_html827.html
第五 卷劍氣九霄803血色空間,motianji-wangyu/魔天記_html828.html
第五 卷劍氣九霄804最終傳承,motianji-wangyu/魔天記_html829.html
第五 卷劍氣九霄805通道聖誕快樂,motianji-wangyu/魔天記_html830.html
第五 卷劍氣九霄806血色空間,motianji-wangyu/魔天記_html831.html
第五 卷劍氣九霄807被困,motianji-wangyu/魔天記_html832.html
第五 卷劍氣九霄808現身,motianji-wangyu/魔天記_html833.html
第五 卷劍氣九霄809血叉與曲堯,motianji-wangyu/魔天記_html834.html
第五 卷劍氣九霄810聯手,motianji-wangyu/魔天記_html835.html
年度作品投票開始了哦,motianji-wangyu/魔天記_html836.html
第五 卷劍氣九霄811燭神和螟族,motianji-wangyu/魔天記_html837.html
第五 卷劍氣九霄812天門異變,motianji-wangyu/魔天記_html838.html
第五 卷劍氣九霄813曲堯之戰上,motianji-wangyu/魔天記_html839.html
第五 卷劍氣九霄815曲堯之戰中,motianji-wangyu/魔天記_html840.html
第五 卷劍氣九霄815曲堯之戰下,motianji-wangyu/魔天記_html841.html
第五 卷劍氣九霄816最終惡戰,motianji-wangyu/魔天記_html842.html
雙倍月票開始了求月票,motianji-wangyu/魔天記_html843.html
第五 卷劍氣九霄817血叉再現,motianji-wangyu/魔天記_html844.html
第五 卷劍氣九霄818濁日,motianji-wangyu/魔天記_html845.html
第五 卷劍氣九霄819玄火困天鏈,motianji-wangyu/魔天記_html846.html
第五卷劍氣九霄820返回,motianji-wangyu/魔天記_html847.html
第五 卷劍氣九霄821天門排名,motianji-wangyu/魔天記_html848.html
第五 卷劍氣九霄822鎮派器物,motianji-wangyu/魔天記_html849.html
第五卷劍氣九霄823回 程,motianji-wangyu/魔天記_html850.html
第五 卷劍氣九霄824名聲大震,motianji-wangyu/魔天記_html851.html
第五 卷劍氣九霄825紫晶貂,motianji-wangyu/魔天記_html852.html
第五 卷劍氣九霄826約鬥,motianji-wangyu/魔天記_html853.html
第五 卷劍氣九霄827聯手之議,motianji-wangyu/魔天記_html854.html
第五 卷劍氣九霄828金玉宗,motianji-wangyu/魔天記_html855.html
第五 卷劍氣九霄829虛空香獐,motianji-wangyu/魔天記_html856.html
第五 卷劍氣九霄830溟水陣,motianji-wangyu/魔天記_html857.html
家裡有事請假一天,motianji-wangyu/魔天記_html858.html
第五 卷劍氣九霄831斬獸,motianji-wangyu/魔天記_html859.html
第五 卷劍氣九霄832萬年妖蟒,motianji-wangyu/魔天記_html860.html
第五 卷劍氣九霄833變臉,motianji-wangyu/魔天記_html861.html
第五 卷劍氣九霄834魔玄令,motianji-wangyu/魔天記_html862.html
第五 卷劍氣九霄835虛空劍囊上,motianji-wangyu/魔天記_html863.html
第五 卷劍氣九霄836虛空劍囊下,motianji-wangyu/魔天記_html864.html
年終盤點快結束了有票的書友別忘投了哦,motianji-wangyu/魔天記_html865.html
第五 卷劍氣九霄837壽元,motianji-wangyu/魔天記_html866.html
第五 卷劍氣九霄838羅睺之秘,motianji-wangyu/魔天記_html867.html
第五 卷劍氣九霄839金剛淬骨丹,motianji-wangyu/魔天記_html868.html
第五 卷劍氣九霄840圓滿身法,motianji-wangyu/魔天記_html869.html
請假一日明天更新,motianji-wangyu/魔天記_html870.html
第五 卷劍氣九霄840再戰天象上,motianji-wangyu/魔天記_html871.html
第五 卷劍氣九霄842再戰天象下,motianji-wangyu/魔天記_html872.html
第五 卷劍氣九霄843心魔劫,motianji-wangyu/魔天記_html873.html
第五 卷劍氣九霄844血靈珊瑚和玉清丹,motianji-wangyu/魔天記_html874.html
第五 卷劍氣九霄845青岡山,motianji-wangyu/魔天記_html875.html
第五 卷劍氣九霄846葉家坳,motianji-wangyu/魔天記_html876.html
第五 卷劍氣九霄847將軍魔顱,motianji-wangyu/魔天記_html877.html
第五 卷劍氣九霄848戰魔頭,motianji-wangyu/魔天記_html878.html
第五 卷劍氣九霄849金睛碧瞳,motianji-wangyu/魔天記_html879.html
頭疼厲害請假一下,motianji-wangyu/魔天記_html880.html
第五 卷劍氣九霄850璇夢山脈,motianji-wangyu/魔天記_html881.html
第五 卷劍氣九霄851來訪,motianji-wangyu/魔天記_html882.html
第五 卷劍氣九霄852再見沙楚兒,motianji-wangyu/魔天記_html883.html
第五 卷劍氣九霄853歐陽溟,motianji-wangyu/魔天記_html884.html
第五 卷劍氣九霄854玄元臺,motianji-wangyu/魔天記_html885.html
第五 卷劍氣九霄855青陽魔功,motianji-wangyu/魔天記_html886.html
第四 卷太清門856一劍破青陽,motianji-wangyu/魔天記_html887.html
第四 卷太清門857清風長老,motianji-wangyu/魔天記_html888.html
第四 卷太清門858清妙玲瓏壁,motianji-wangyu/魔天記_html889.html
第五 卷劍氣九霄859心魔,motianji-wangyu/魔天記_html890.html
第五 卷劍氣九霄860假丹異象,motianji-wangyu/魔天記_html891.html
第五 卷劍氣九霄861進階假丹,motianji-wangyu/魔天記_html892.html
第五 卷劍氣九霄862南明城,motianji-wangyu/魔天記_html893.html
第五 卷劍氣九霄863歐陽奎,motianji-wangyu/魔天記_html894.html
第五 卷劍氣九霄864血脈驗證,motianji-wangyu/魔天記_html895.html
第五 卷劍氣九霄865昔年密事,motianji-wangyu/魔天記_html896.html
第五 卷劍氣九霄866通玄傀儡,motianji-wangyu/魔天記_html897.html
第五 卷劍氣九霄867通玄對撞,motianji-wangyu/魔天記_html898.html
第五 卷劍氣九霄868重返宗門,motianji-wangyu/魔天記_html899.html
第五 卷劍氣九霄869真丹秘聞,motianji-wangyu/魔天記_html900.html
第五 卷劍氣九霄870融劍術,motianji-wangyu/魔天記_html901.html
第五 卷劍氣九霄871新虛空劍,motianji-wangyu/魔天記_html902.html
第五 卷劍氣九霄872斷劍山,motianji-wangyu/魔天記_html903.html
第五 卷劍氣九霄873鬥劍,motianji-wangyu/魔天記_html904.html
第五 卷劍氣九霄874磨劍,motianji-wangyu/魔天記_html905.html
第五 卷劍氣九霄875劍丸成,motianji-wangyu/魔天記_html906.html
第五 卷劍氣九霄876內門生死閣,motianji-wangyu/魔天記_html907.html
第五 卷劍氣九霄877邪月道人,motianji-wangyu/魔天記_html908.html
第五 卷劍氣九霄878名震羣邪,motianji-wangyu/魔天記_html909.html
第五 卷劍氣九霄879千幻人魔,motianji-wangyu/魔天記_html910.html
第五 卷劍氣九霄880左公權,motianji-wangyu/魔天記_html911.html
第五 卷劍氣九霄881意外之喜,motianji-wangyu/魔天記_html912.html
四更爆發求保底月票已更兩章,motianji-wangyu/魔天記_html913.html
第五 卷劍氣九霄882陷阱,motianji-wangyu/魔天記_html914.html
第五 卷劍氣九霄883普渡法陣,motianji-wangyu/魔天記_html915.html
魔天前傳兇島篇一,motianji-wangyu/魔天記_html916.html
魔天前傳兇島篇二,motianji-wangyu/魔天記_html917.html
魔天前傳兇島篇三,motianji-wangyu/魔天記_html918.html
魔天前傳兇島篇四,motianji-wangyu/魔天記_html919.html
第五 卷劍氣九霄884滅敵,motianji-wangyu/魔天記_html920.html
第五 卷劍氣九霄885南盧城,motianji-wangyu/魔天記_html921.html
第五 卷劍氣九霄886姜皇,motianji-wangyu/魔天記_html922.html
第五 卷劍氣九霄887走投無路,motianji-wangyu/魔天記_html923.html
第五 卷劍氣九霄888魔契之術,motianji-wangyu/魔天記_html924.html
第五 卷劍氣九霄889力斬人魔,motianji-wangyu/魔天記_html925.html
第五 卷劍氣九霄890新任務,motianji-wangyu/魔天記_html926.html
第五 卷劍氣九霄891普渡初顯威,motianji-wangyu/魔天記_html927.html
第五 卷劍氣九霄892橫掃玄榜,motianji-wangyu/魔天記_html928.html
第五 卷劍氣九霄893大陸驚變,motianji-wangyu/魔天記_html929.html
第五 卷劍氣九霄894上界廢墟,motianji-wangyu/魔天記_html930.html
第五 卷劍氣九霄895訪客,motianji-wangyu/魔天記_html931.html
第五 卷劍氣九霄896領隊,motianji-wangyu/魔天記_html932.html
第五 卷劍氣九霄897出發,motianji-wangyu/魔天記_html933.html
第五 卷劍氣九霄898廢墟之地,motianji-wangyu/魔天記_html934.html
第五 卷劍氣九霄899羣強現身,motianji-wangyu/魔天記_html935.html
第五 卷劍氣九霄900混亂,motianji-wangyu/魔天記_html936.html
第五 卷劍氣九霄901聚靈石,motianji-wangyu/魔天記_html937.html
第五 卷劍氣九霄902妖蝠來襲,motianji-wangyu/魔天記_html938.html
第五 卷劍氣九霄903引靈液,motianji-wangyu/魔天記_html939.html
第五 卷劍氣九霄904誘蝠,motianji-wangyu/魔天記_html940.html
第五 卷劍氣九霄905擺脫,motianji-wangyu/魔天記_html941.html
第五 卷劍氣九霄906魔石,motianji-wangyu/魔天記_html942.html
第五 卷劍氣九霄907驚現魔人,motianji-wangyu/魔天記_html943.html
第五 卷劍氣九霄908禍水東引,motianji-wangyu/魔天記_html944.html
第五 卷劍氣九霄909反殺魔人,motianji-wangyu/魔天記_html945.html
第五 卷劍氣九霄910脅迫,motianji-wangyu/魔天記_html946.html
第五 卷劍氣九霄911霓裳少女,motianji-wangyu/魔天記_html947.html
第五 卷劍氣九霄912激戰,motianji-wangyu/魔天記_html948.html
五卷劍氣九霄913九尾妖狐,motianji-wangyu/魔天記_html949.html
五卷劍氣九霄914八目圖陣,motianji-wangyu/魔天記_html950.html
第五 卷劍氣九霄915再見神雷,motianji-wangyu/魔天記_html951.html
春節更新安排,motianji-wangyu/魔天記_html952.html
第五 卷劍氣九霄916激戰再起,motianji-wangyu/魔天記_html953.html
第五 卷劍氣九霄917合體魔人,motianji-wangyu/魔天記_html954.html
第五 卷劍氣九霄918萬妖殿,motianji-wangyu/魔天記_html955.html
第五 卷劍氣九霄919妖魂,motianji-wangyu/魔天記_html956.html
第五 卷劍氣九霄920九尾傳承,motianji-wangyu/魔天記_html957.html
第五 卷劍氣九霄921異變,motianji-wangyu/魔天記_html958.html
第五 卷劍氣九霄922春風一度,motianji-wangyu/魔天記_html959.html
第五 卷劍氣九霄923瑤姬,motianji-wangyu/魔天記_html960.html
第五 卷劍氣九霄924腐骨蟾蜍,motianji-wangyu/魔天記_html961.html
第五 卷劍氣九霄925偷襲,motianji-wangyu/魔天記_html962.html
第五 卷劍氣九霄926魔蟲雲,motianji-wangyu/魔天記_html963.html
今晚構思有些卡殼白天補上三更,motianji-wangyu/魔天記_html964.html
第五 卷劍氣九霄927混戰,motianji-wangyu/魔天記_html965.html
第五 卷劍氣九霄928分散而逃,motianji-wangyu/魔天記_html966.html
第五 卷劍氣九霄929斬殺龍軒,motianji-wangyu/魔天記_html967.html
第五 卷劍氣九霄930大戰魔人上,motianji-wangyu/魔天記_html968.html
第五 卷劍氣九霄931大戰魔人中,motianji-wangyu/魔天記_html969.html
第五 卷劍氣九霄932大戰魔人下,motianji-wangyu/魔天記_html970.html
第五 卷劍氣九霄933劍丸之威,motianji-wangyu/魔天記_html971.html
第五 卷劍氣九霄934匯合,motianji-wangyu/魔天記_html972.html
第五 卷劍氣九霄935金烈陽,motianji-wangyu/魔天記_html973.html
第五 卷劍氣九霄936天工來訊,motianji-wangyu/魔天記_html974.html
第五 卷劍氣九霄937會面,motianji-wangyu/魔天記_html975.html
第五 卷劍氣九霄938育靈鼎與蠻荒巨獸,motianji-wangyu/魔天記_html976.html
第五 卷劍氣九霄939機關戰甲,motianji-wangyu/魔天記_html977.html
第五 卷劍氣九霄940巨獸,motianji-wangyu/魔天記_html978.html
第五 卷劍氣九霄941五行神傀陣,motianji-wangyu/魔天記_html979.html
第五 卷劍氣九霄942寄生蟲,motianji-wangyu/魔天記_html980.html
第五 卷劍氣九霄943幼蟲,motianji-wangyu/魔天記_html981.html
第五 卷劍氣九霄944陀螺,motianji-wangyu/魔天記_html982.html
第五 卷劍氣九霄945鼎現,motianji-wangyu/魔天記_html983.html
第五 卷劍氣九霄946取鼎,motianji-wangyu/魔天記_html984.html
第五 卷劍氣九霄947逃離獸口,motianji-wangyu/魔天記_html985.html
第五 卷劍氣九霄948極影,motianji-wangyu/魔天記_html986.html
第五 卷劍氣九霄949影狼族與銀虎族,motianji-wangyu/魔天記_html987.html
第五 卷劍氣九霄950秘術之鬥,motianji-wangyu/魔天記_html988.html
第五 卷劍氣九霄951苦輪劍,motianji-wangyu/魔天記_html989.html
第五 卷劍氣九霄952意外強援,motianji-wangyu/魔天記_html990.html
第五 卷劍氣九霄953木靈大陣,motianji-wangyu/魔天記_html991.html
第五 卷劍氣九霄954狂化,motianji-wangyu/魔天記_html992.html
第五 卷劍氣九霄955纏鬥,motianji-wangyu/魔天記_html993.html
第五 卷劍氣九霄956藍木印和器靈,motianji-wangyu/魔天記_html994.html
第五 卷劍氣九霄957天象寶輪,motianji-wangyu/魔天記_html995.html
第五 卷劍氣九霄958真靈珠,motianji-wangyu/魔天記_html996.html
第五 卷劍氣九霄959血盾術,motianji-wangyu/魔天記_html997.html
第五 卷劍氣九霄960人族聯盟,motianji-wangyu/魔天記_html998.html
第五 卷劍氣九霄961將計就計,motianji-wangyu/魔天記_html999.html
第五 卷劍氣九霄962暗流涌動,motianji-wangyu/魔天記_html1000.html
第五 卷劍氣九霄963沈家,motianji-wangyu/魔天記_html1001.html
第五 卷劍氣九霄964各現神通,motianji-wangyu/魔天記_html1002.html
第五 卷劍氣九霄965裂鷹族,motianji-wangyu/魔天記_html1003.html
第五 卷劍氣九霄966傀儡分身,motianji-wangyu/魔天記_html1004.html
第五 卷劍氣九霄967水旗之威,motianji-wangyu/魔天記_html1005.html
第五 卷劍氣九霄968扭轉敗勢,motianji-wangyu/魔天記_html1006.html
第五 卷劍氣九霄968勢均力敵,motianji-wangyu/魔天記_html1007.html
第五 卷劍氣九霄970各懷鬼胎,motianji-wangyu/魔天記_html1008.html
第五 卷劍氣九霄971聯手破禁,motianji-wangyu/魔天記_html1009.html
第五 卷劍氣九霄972變故迭生,motianji-wangyu/魔天記_html1010.html
第五 卷劍氣九霄973僵持,motianji-wangyu/魔天記_html1011.html
第五 卷劍氣九霄974血影,motianji-wangyu/魔天記_html1012.html
第五 卷劍氣九霄975血祖玄無常,motianji-wangyu/魔天記_html1013.html
第五 卷劍氣九霄976紫元果,motianji-wangyu/魔天記_html1014.html
第五 卷劍氣九霄977再見息土,motianji-wangyu/魔天記_html1015.html
第五 卷劍氣九霄978山河珠,motianji-wangyu/魔天記_html1016.html
第五 卷劍氣九霄979祭煉,motianji-wangyu/魔天記_html1017.html
第五 卷劍氣九霄980地下藥圃,motianji-wangyu/魔天記_html1018.html
第五 卷劍氣九霄981晶鱗族,motianji-wangyu/魔天記_html1019.html
第五 卷劍氣九霄982寶珠初成,motianji-wangyu/魔天記_html1020.html
第五 卷劍氣九霄983奇異金卵,motianji-wangyu/魔天記_html1021.html
第五 卷劍氣九霄984湖下宮殿,motianji-wangyu/魔天記_html1022.html
第五 卷劍氣九霄985山河珠之威,motianji-wangyu/魔天記_html1023.html
第五 卷劍氣九霄986大鴻蒙劍式,motianji-wangyu/魔天記_html1024.html
第987章 碧幽火蓮,motianji-wangyu/魔天記_html1025.html
第五 卷劍氣九霄988觸螭,motianji-wangyu/魔天記_html1026.html
第五 卷劍氣九霄989天溟鬼陰樹,motianji-wangyu/魔天記_html1027.html
第五 卷劍氣九霄990歸來,motianji-wangyu/魔天記_html1028.html
第五卷劍氣九霄991返回 太清,motianji-wangyu/魔天記_html1029.html
第五 卷劍氣九霄992上繳,motianji-wangyu/魔天記_html1030.html
第五 卷劍氣九霄993討價還價,motianji-wangyu/魔天記_html1031.html
第五 卷劍氣九霄994陪伴與獸卵,motianji-wangyu/魔天記_html1032.html
第五 卷劍氣九霄995四冠金雞王,motianji-wangyu/魔天記_html1033.html
今天三更求保底月票了,motianji-wangyu/魔天記_html1034.html
第五 卷劍氣九霄996鑑卵,motianji-wangyu/魔天記_html1035.html
第五 卷劍氣九霄997天獸山,motianji-wangyu/魔天記_html1036.html
第五 卷劍氣九霄998萬獸閣,motianji-wangyu/魔天記_html1037.html
第五 卷劍氣九霄999孵化失敗,motianji-wangyu/魔天記_html1038.html
第五 卷劍氣九霄1000恢復真名,motianji-wangyu/魔天記_html1039.html
第五 卷劍氣九霄1001進入惡鬼道,motianji-wangyu/魔天記_html1040.html
了,motianji-wangyu/魔天記_html1041.html
第五 卷劍氣九霄1001進入惡鬼道,motianji-wangyu/魔天記_html1042.html
關於章節重複的說明,motianji-wangyu/魔天記_html1043.html
第五 卷劍氣九霄1003金光城,motianji-wangyu/魔天記_html1044.html
第五 卷劍氣九霄1004第七小隊,motianji-wangyu/魔天記_html1045.html
第五 卷劍氣九霄1005試探,motianji-wangyu/魔天記_html1046.html
第五 卷劍氣九霄1006陰核,motianji-wangyu/魔天記_html1047.html
第五 卷劍氣九霄1007造化鉢,motianji-wangyu/魔天記_html1048.html
第五 卷劍氣九霄1008尋覓,motianji-wangyu/魔天記_html1049.html
第五 卷劍氣九霄1009幽靈鬼蜥,motianji-wangyu/魔天記_html1050.html
第五 卷劍氣九霄1010七竅鬼,motianji-wangyu/魔天記_html1051.html
第五 卷劍氣九霄1011七竅鬼王的交易,motianji-wangyu/魔天記_html1052.html
第五 卷劍氣九霄1012激鬥陰犬上,motianji-wangyu/魔天記_html1053.html
第五 卷劍氣九霄1013激鬥陰犬下,motianji-wangyu/魔天記_html1054.html
第五 卷劍氣九霄1014鬼牆陣,motianji-wangyu/魔天記_html1055.html
第五 卷劍氣九霄1015困陣,motianji-wangyu/魔天記_html1056.html
第五卷劍氣九霄1106返回,motianji-wangyu/魔天記_html1057.html
第五 卷劍氣九霄1107異動,motianji-wangyu/魔天記_html1058.html
第五 卷劍氣九霄1018潛入任務,motianji-wangyu/魔天記_html1059.html
第五 卷劍氣九霄1019接頭,motianji-wangyu/魔天記_html1060.html
第五 卷劍氣九霄1020一體雙魂,motianji-wangyu/魔天記_html1061.html
第五 卷劍氣九霄1021靈鷲坡,motianji-wangyu/魔天記_html1062.html
第五 卷劍氣九霄1022破軍籃,motianji-wangyu/魔天記_html1063.html
第五 卷劍氣九霄1023潛入,motianji-wangyu/魔天記_html1064.html
第五 卷劍氣九霄1024再見曉五,motianji-wangyu/魔天記_html1065.html
第五 卷劍氣九霄1025逃出生天,motianji-wangyu/魔天記_html1066.html
第五 卷劍氣九霄1026風雨欲來,motianji-wangyu/魔天記_html1067.html
第五 卷劍氣九霄1027襲擊與被伏,motianji-wangyu/魔天記_html1068.html
第五 卷劍氣九霄1028陰魅和鬼血石,motianji-wangyu/魔天記_html1069.html
第五 卷劍氣九霄1029泰天要塞,motianji-wangyu/魔天記_html1070.html
第五 卷劍氣九霄1030硝煙四起,motianji-wangyu/魔天記_html1071.html
第五 卷劍氣九霄1031反常,motianji-wangyu/魔天記_html1072.html
第五 卷劍氣九霄1032措手不及,motianji-wangyu/魔天記_html1073.html
第五 卷劍氣九霄1033撲朔迷離,motianji-wangyu/魔天記_html1074.html
第五 卷劍氣九霄1033兵臨城下,motianji-wangyu/魔天記_html1075.html
第五 卷劍氣九霄1035廝殺,motianji-wangyu/魔天記_html1076.html
第五 卷劍氣九霄1036岌岌可危,motianji-wangyu/魔天記_html1077.html
第五 卷劍氣九霄1037泰天陣,motianji-wangyu/魔天記_html1078.html
第五 卷劍氣九霄1038惡戰再起,motianji-wangyu/魔天記_html1079.html
第五 卷劍氣九霄1039玄門鬼葬陣,motianji-wangyu/魔天記_html1080.html
第五 卷劍氣九霄1040玄鬼古魁,motianji-wangyu/魔天記_html1081.html
第五 卷劍氣九霄1041信物,motianji-wangyu/魔天記_html1082.html
第五 卷劍氣九霄1042突圍,motianji-wangyu/魔天記_html1083.html
第五 卷劍氣九霄1043半途劫殺,motianji-wangyu/魔天記_html1084.html
第五 卷劍氣九霄1044城下之戰,motianji-wangyu/魔天記_html1085.html
第五 卷劍氣九霄1045蓄勢待發,motianji-wangyu/魔天記_html1086.html
第五 卷劍氣九霄1046底牌盡出,motianji-wangyu/魔天記_html1087.html
第五 卷劍氣九霄1047金光天兵,motianji-wangyu/魔天記_html1088.html
第五 卷劍氣九霄1048混戰,motianji-wangyu/魔天記_html1089.html
第五 卷劍氣九霄1049羅剎巨鬼,motianji-wangyu/魔天記_html1090.html
第五 卷劍氣九霄1050羅剎誅仙陣,motianji-wangyu/魔天記_html1091.html
第五 卷劍氣九霄1051追殺與血冥丹,motianji-wangyu/魔天記_html1092.html
五一雙倍月票開始了求票票了哦,motianji-wangyu/魔天記_html1093.html
第五 卷劍氣九霄1052通道,motianji-wangyu/魔天記_html1094.html
第五 卷劍氣九霄1053意外之敵,motianji-wangyu/魔天記_html1095.html
第五 卷劍氣九霄1054九幽冥界,motianji-wangyu/魔天記_html1096.html
第五 卷劍氣九霄1055冷月城,motianji-wangyu/魔天記_html1097.html
第五 卷劍氣九霄1056千凝化水決,motianji-wangyu/魔天記_html1098.html
第五 卷劍氣九霄1057進獻,motianji-wangyu/魔天記_html1099.html
五一快樂求支持,motianji-wangyu/魔天記_html1100.html
第五 卷劍氣九霄1058選拔賽,motianji-wangyu/魔天記_html1101.html
第五 卷劍氣九霄1059嗜冥環,motianji-wangyu/魔天記_html1102.html
第五 卷劍氣九霄1060隊伍,motianji-wangyu/魔天記_html1103.html
第五 卷劍氣九霄1061絕冥谷,motianji-wangyu/魔天記_html1104.html
第五 卷劍氣九霄1062襲擊,motianji-wangyu/魔天記_html1105.html
第五 卷劍氣九霄1063圍攻,motianji-wangyu/魔天記_html1106.html
第五 卷劍氣九霄1064骸骨傀儡,motianji-wangyu/魔天記_html1107.html
第五 卷劍氣九霄1065混戰,motianji-wangyu/魔天記_html1108.html
第五 卷劍氣九霄1066壓殺,motianji-wangyu/魔天記_html1109.html
手遊公開測試了哦,motianji-wangyu/魔天記_html1110.html
第五 卷劍氣九霄1067血冥子,motianji-wangyu/魔天記_html1111.html
魔天手遊衝榜感言,motianji-wangyu/魔天記_html1112.html
第五 卷劍氣九霄1068藍庚寒氣,motianji-wangyu/魔天記_html1113.html
第五 卷劍氣九霄1069追殺,motianji-wangyu/魔天記_html1114.html
第五 卷劍氣九霄1070神秘人影,motianji-wangyu/魔天記_html1115.html
手遊蘋果榜第一明天將五更,motianji-wangyu/魔天記_html1116.html
第五 卷劍氣九霄1071青嵐,motianji-wangyu/魔天記_html1117.html
第五 卷劍氣九霄1072車患分身,motianji-wangyu/魔天記_html1118.html
第五 卷劍氣九霄1073冥河重水,motianji-wangyu/魔天記_html1119.html
第五 卷劍氣九霄1074激戰巨獸,motianji-wangyu/魔天記_html1120.html
第五 卷劍氣九霄1075寶珠終成,motianji-wangyu/魔天記_html1121.html
第五 卷劍氣九霄1076契機,motianji-wangyu/魔天記_html1122.html
第五 卷劍氣九霄1077結丹上,motianji-wangyu/魔天記_html1123.html
第五 卷劍氣九霄1078結丹中,motianji-wangyu/魔天記_html1124.html
第五 卷劍氣九霄1079結丹下,motianji-wangyu/魔天記_html1125.html
第五 卷劍氣九霄1080十三竅,motianji-wangyu/魔天記_html1126.html
第五 卷劍氣九霄1081幻魔心焰與灌靈,motianji-wangyu/魔天記_html1127.html
第五 卷劍氣九霄1082真丹中期,motianji-wangyu/魔天記_html1128.html
第五 卷劍氣九霄1083碧幽城,motianji-wangyu/魔天記_html1129.html
安卓版手遊今天開始公測了一章已更,motianji-wangyu/魔天記_html1130.html
第五 卷劍氣九霄1084故人,motianji-wangyu/魔天記_html1131.html
第五 卷劍氣九霄1085幽王任務,motianji-wangyu/魔天記_html1132.html
第五 卷劍氣九霄1086冥獄手札,motianji-wangyu/魔天記_html1133.html
第五 卷劍氣九霄1087冥河巨鬼,motianji-wangyu/魔天記_html1134.html
第五 卷劍氣九霄1088虛鬼族長,motianji-wangyu/魔天記_html1135.html
第五 卷劍氣九霄1089赤鬼,motianji-wangyu/魔天記_html1136.html
第五 卷劍氣九霄1090虛靈,motianji-wangyu/魔天記_html1137.html
第五 卷劍氣九霄1091圍剿,motianji-wangyu/魔天記_html1138.html
第五 卷劍氣九霄1092虛靈之威,motianji-wangyu/魔天記_html1139.html
第五 卷劍氣九霄1093墨晶林書友新服明天開啓,motianji-wangyu/魔天記_html1140.html
第五 卷劍氣九霄1094神秘傀儡,motianji-wangyu/魔天記_html1141.html
第五 卷劍氣九霄1095匯合,motianji-wangyu/魔天記_html1142.html
第五 卷劍氣九霄1096反噬,motianji-wangyu/魔天記_html1143.html
第五 卷劍氣九霄1097青靈再現,motianji-wangyu/魔天記_html1144.html
第五 卷劍氣九霄1098九轉幽核,motianji-wangyu/魔天記_html1145.html
第五 卷劍氣九霄1099洞毫,motianji-wangyu/魔天記_html1146.html
第五 卷劍氣九霄1100陰流,motianji-wangyu/魔天記_html1147.html
第五 卷劍氣九霄1101潮汐寒流,motianji-wangyu/魔天記_html1148.html
第五 卷劍氣九霄1102血葉迷林極陽陣,motianji-wangyu/魔天記_html1149.html
第五 卷劍氣九霄1103地炎鼠,motianji-wangyu/魔天記_html1150.html
晚上請假,motianji-wangyu/魔天記_html1151.html
第五 卷劍氣九霄1104磔風峪,motianji-wangyu/魔天記_html1152.html
第五 卷劍氣九霄1105混沌往生陣,motianji-wangyu/魔天記_html1153.html
第五 卷劍氣九霄1106前世今生,motianji-wangyu/魔天記_html1154.html
第五 卷劍氣九霄1107鏡像之戰上,motianji-wangyu/魔天記_html1155.html
第五 卷劍氣九霄1108鏡像之戰下,motianji-wangyu/魔天記_html1156.html
第五 卷劍氣九霄1109怒魔之目,motianji-wangyu/魔天記_html1157.html
第五 卷劍氣九霄1110坦誠,motianji-wangyu/魔天記_html1158.html
第五 卷劍氣九霄1111幽王荒寒,motianji-wangyu/魔天記_html1159.html
第五 卷劍氣九霄1112飛顱之劫,motianji-wangyu/魔天記_html1160.html
第五 卷劍氣九霄1113飛祖,motianji-wangyu/魔天記_html1161.html
第五 卷劍氣九霄1114蠍王內丹,motianji-wangyu/魔天記_html1162.html
第五 卷劍氣九霄1115警告,motianji-wangyu/魔天記_html1163.html
第五 卷劍氣九霄1116再入囚籠,motianji-wangyu/魔天記_html1164.html
第五 卷劍氣九霄1117蠍兒結丹,motianji-wangyu/魔天記_html1165.html
第五卷劍氣九霄1118返回 中天,motianji-wangyu/魔天記_html1166.html
第五 卷劍氣九霄1119巨蟲,motianji-wangyu/魔天記_html1167.html
第五 卷劍氣九霄1120碾壓,motianji-wangyu/魔天記_html1168.html
第五 卷劍氣九霄1121徹地山,motianji-wangyu/魔天記_html1169.html
第五 卷劍氣九霄1122再見金蠻,motianji-wangyu/魔天記_html1170.html
第五 卷劍氣九霄1123螟族入侵,motianji-wangyu/魔天記_html1171.html
第五 卷劍氣九霄1124黑沙日,motianji-wangyu/魔天記_html1172.html
第五 卷劍氣九霄1125荒漠潛行,motianji-wangyu/魔天記_html1173.html
第五 卷劍氣九霄1126佈陣,motianji-wangyu/魔天記_html1174.html
第五 卷劍氣九霄1126險象環生,motianji-wangyu/魔天記_html1175.html
第五 卷劍氣九霄1128岌岌可危,motianji-wangyu/魔天記_html1176.html
第五 卷劍氣九霄1129山河大陣,motianji-wangyu/魔天記_html1177.html
第五 卷劍氣九霄1130大展神威,motianji-wangyu/魔天記_html1178.html
第五 卷劍氣九霄1131接連擊殺,motianji-wangyu/魔天記_html1179.html
第五 卷劍氣九霄1132大功告成,motianji-wangyu/魔天記_html1180.html
第五 卷劍氣九霄1133遭遇,motianji-wangyu/魔天記_html1181.html
第五 卷劍氣九霄1134解圍,motianji-wangyu/魔天記_html1182.html
第五 卷劍氣九霄1135重返宗門,motianji-wangyu/魔天記_html1183.html
第五 卷劍氣九霄1136玄魚太上,motianji-wangyu/魔天記_html1184.html
第五 卷劍氣九霄1137落霞峰,motianji-wangyu/魔天記_html1185.html
第五 卷劍氣九霄1138斷神木,motianji-wangyu/魔天記_html1186.html
第五 卷劍氣九霄1139大戰將啓,motianji-wangyu/魔天記_html1187.html
第五 卷劍氣九霄1140落霞之戰上,motianji-wangyu/魔天記_html1188.html
第五 卷劍氣九霄1141落霞之戰中,motianji-wangyu/魔天記_html1189.html
第五 卷劍氣九霄1142落霞之戰下,motianji-wangyu/魔天記_html1190.html
第五 卷劍氣九霄1143上官煙雨與凌依依,motianji-wangyu/魔天記_html1191.html
第五 卷劍氣九霄1144天門遺患,motianji-wangyu/魔天記_html1192.html
第五 卷劍氣九霄1145螟蟲之母,motianji-wangyu/魔天記_html1193.html
第五 卷劍氣九霄1146再見珈藍上,motianji-wangyu/魔天記_html1194.html
第五 卷劍氣九霄1147再見珈藍下,motianji-wangyu/魔天記_html1195.html
第五 卷劍氣九霄1148螟母分身,motianji-wangyu/魔天記_html1196.html
第五 卷劍氣九霄1149進階秘傳,motianji-wangyu/魔天記_html1197.html
第五 卷劍氣九霄1150浮屠山,motianji-wangyu/魔天記_html1198.html
第五 卷劍氣九霄1151太宗聯盟,motianji-wangyu/魔天記_html1199.html
第五 卷劍氣九霄1152昆玉,motianji-wangyu/魔天記_html1200.html
第五 卷劍氣九霄1153青桑山脈,motianji-wangyu/魔天記_html1201.html
第五 卷劍氣九霄1154強援,motianji-wangyu/魔天記_html1202.html
第五 卷劍氣九霄1155,motianji-wangyu/魔天記_html1203.html
第五 卷劍氣九霄1156戰蟲,motianji-wangyu/魔天記_html1204.html
第五 卷劍氣九霄1157鎮壓天象,motianji-wangyu/魔天記_html1205.html
第五 卷劍氣九霄1158神秘石板,motianji-wangyu/魔天記_html1206.html
第五 卷劍氣九霄1159烽煙四起,motianji-wangyu/魔天記_html1207.html
第五 卷劍氣九霄1160萬象秘境,motianji-wangyu/魔天記_html1208.html
第五 卷劍氣九霄1161劍氣衝九霄,motianji-wangyu/魔天記_html1209.html
第五 卷劍氣九霄1162再戰天象上,motianji-wangyu/魔天記_html1210.html
第五 卷劍氣九霄1163再戰天象下,motianji-wangyu/魔天記_html1211.html
第五 卷劍氣九霄1164暗流,motianji-wangyu/魔天記_html1212.html
第五 卷劍氣九霄1165決戰之前,motianji-wangyu/魔天記_html1213.html
第五 卷劍氣九霄1166窺天鏡,motianji-wangyu/魔天記_html1214.html
第五 卷劍氣九霄1167大決戰一,motianji-wangyu/魔天記_html1215.html
第五 卷劍氣九霄1168大決戰二,motianji-wangyu/魔天記_html1216.html
第五 卷劍氣九霄1169大決戰三,motianji-wangyu/魔天記_html1217.html
第五 卷劍氣九霄1170大決戰四,motianji-wangyu/魔天記_html1218.html
第五 卷劍氣九霄1171大決戰五,motianji-wangyu/魔天記_html1219.html
第五 卷劍氣九霄1172螟母本體,motianji-wangyu/魔天記_html1220.html
第五 卷劍氣九霄1173四大邪修,motianji-wangyu/魔天記_html1221.html
第五 卷劍氣九霄1174舊恨,motianji-wangyu/魔天記_html1222.html
第五 卷劍氣九霄1175奪路而逃,motianji-wangyu/魔天記_html1223.html
第五 卷劍氣九霄1176血祖斷指,motianji-wangyu/魔天記_html1224.html
第五 卷劍氣九霄1177螟母之威,motianji-wangyu/魔天記_html1225.html
第六 卷羣魔亂舞1178血河真經,motianji-wangyu/魔天記_html1226.html
第六 卷羣魔亂舞1179雙鰲島,motianji-wangyu/魔天記_html1227.html
第六 卷羣魔亂舞1180精絕族,motianji-wangyu/魔天記_html1228.html
第六 卷羣魔亂舞1181以一敵三,motianji-wangyu/魔天記_html1229.html
第六 卷羣魔亂舞1182現身,motianji-wangyu/魔天記_html1230.html
六卷羣魔亂舞1183下落不明,motianji-wangyu/魔天記_html1231.html
第六 卷羣魔亂舞1184海淵罩與聖獸,motianji-wangyu/魔天記_html1232.html
第六 卷羣魔亂舞1185威震四方,motianji-wangyu/魔天記_html1233.html
第六 卷羣魔亂舞1186風燭殘年,motianji-wangyu/魔天記_html1234.html
第六 卷羣魔亂舞1187飛天銀屍,motianji-wangyu/魔天記_html1235.html
第六 卷羣魔亂舞1188物是人非,motianji-wangyu/魔天記_html1236.html
第六 卷羣魔亂舞1189照拂,motianji-wangyu/魔天記_html1237.html
第六 卷羣魔亂舞1190太上長老,motianji-wangyu/魔天記_html1238.html
第六 卷羣魔亂舞1191記名弟子,motianji-wangyu/魔天記_html1239.html
第六 卷羣魔亂舞1192陣法大師,motianji-wangyu/魔天記_html1240.html
第六 卷羣魔亂舞1193反攻,motianji-wangyu/魔天記_html1241.html
第六 卷羣魔亂舞1194交易,motianji-wangyu/魔天記_html1242.html
第六 卷羣魔亂舞1195攻打,motianji-wangyu/魔天記_html1243.html
第六 卷羣魔亂舞1196鋌而走險,motianji-wangyu/魔天記_html1244.html
第六 卷羣魔亂舞1197雙鏈島,motianji-wangyu/魔天記_html1245.html
第六 卷羣魔亂舞1198臨陣反戈,motianji-wangyu/魔天記_html1246.html
第六 卷羣魔亂舞1199九真涅龍陣,motianji-wangyu/魔天記_html1247.html
第六 卷羣魔亂舞1200冥妖,motianji-wangyu/魔天記_html1248.html
第六 卷羣魔亂舞1201奪舍,motianji-wangyu/魔天記_html1249.html
第六 卷羣魔亂舞1202海中激戰,motianji-wangyu/魔天記_html1250.html
第六 卷羣魔亂舞1202以陣破陣,motianji-wangyu/魔天記_html1251.html
第六 卷羣魔亂舞1204海皇現身,motianji-wangyu/魔天記_html1252.html
第六 卷羣魔亂舞1205一敗塗地,motianji-wangyu/魔天記_html1253.html
第六 卷羣魔亂舞1206舊地重遊,motianji-wangyu/魔天記_html1254.html
第六 卷羣魔亂舞1207重返深淵,motianji-wangyu/魔天記_html1255.html
第六 卷羣魔亂舞1208上古傳送陣,motianji-wangyu/魔天記_html1256.html
第六 卷羣魔亂舞1209魂蛭牌,motianji-wangyu/魔天記_html1257.html
第六 卷羣魔亂舞1210盤蠱真經,motianji-wangyu/魔天記_html1258.html
第六 卷羣魔亂舞1211黑色葫蘆,motianji-wangyu/魔天記_html1259.html
第六 卷羣魔亂舞v1212化陰葫蘆,motianji-wangyu/魔天記_html1260.html
第六 卷羣魔亂舞1213兇島海底,motianji-wangyu/魔天記_html1261.html
第六 卷羣魔亂舞1214陌生之地,motianji-wangyu/魔天記_html1262.html
第六 卷羣魔亂舞1215落日部落,motianji-wangyu/魔天記_html1263.html
第六 卷羣魔亂舞1216蠻荒八族,motianji-wangyu/魔天記_html1264.html
六卷羣魔亂舞1217獸襲,motianji-wangyu/魔天記_html1265.html
第六 卷羣魔亂舞1218妙手施爲,motianji-wangyu/魔天記_html1266.html
第六 卷羣魔亂舞1219獸潮,motianji-wangyu/魔天記_html1267.html
第六 卷羣魔亂舞1220洛城與跨海巨舟,motianji-wangyu/魔天記_html1268.html
第六 卷羣魔亂舞1221黑水城,motianji-wangyu/魔天記_html1269.html
第六 卷羣魔亂舞1222一路向東,motianji-wangyu/魔天記_html1270.html
第六 卷羣魔亂舞1223蠻荒異聞,motianji-wangyu/魔天記_html1271.html
第六 卷羣魔亂舞1224妖盜,motianji-wangyu/魔天記_html1272.html
第六 卷羣魔亂舞1225偶遇藍思,motianji-wangyu/魔天記_html1273.html
第六 卷羣魔亂舞1226天狐公主,motianji-wangyu/魔天記_html1274.html
第六 卷羣魔亂舞1227小寰園,motianji-wangyu/魔天記_html1275.html
第六 卷羣魔亂舞1228天價,motianji-wangyu/魔天記_html1276.html
第六 卷羣魔亂舞1229骷陰島,motianji-wangyu/魔天記_html1277.html
第六 卷羣魔亂舞1230交易,motianji-wangyu/魔天記_html1278.html
第六 卷羣魔亂舞1231真丹圓滿,motianji-wangyu/魔天記_html1279.html
第六 卷羣魔亂舞1232寒淵香,motianji-wangyu/魔天記_html1280.html
第六 卷羣魔亂舞1233血瓏,motianji-wangyu/魔天記_html1281.html
第六 卷羣魔亂舞1234煉獄山脈,motianji-wangyu/魔天記_html1282.html
第六 卷羣魔亂舞1235赤炎獸,motianji-wangyu/魔天記_html1283.html
第六 卷羣魔亂舞1236麒麟法相,motianji-wangyu/魔天記_html1284.html
第六 卷羣魔亂舞1237得靈丹,motianji-wangyu/魔天記_html1285.html
第六 卷羣魔亂舞1238如屏結晶,motianji-wangyu/魔天記_html1286.html
第六 卷羣魔亂舞1239青呤族,motianji-wangyu/魔天記_html1287.html
六卷羣魔亂舞1240雌雄化識蟲,motianji-wangyu/魔天記_html1288.html
第六 卷羣魔亂舞1241青呤奇蟲,motianji-wangyu/魔天記_html1289.html
第六 卷羣魔亂舞1242煉蠱,motianji-wangyu/魔天記_html1290.html
第六 卷羣魔亂舞1243無盡海,motianji-wangyu/魔天記_html1291.html
第六 卷羣魔亂舞1244捕鯨,motianji-wangyu/魔天記_html1292.html
第六 卷羣魔亂舞1245陰謀,motianji-wangyu/魔天記_html1293.html
第六 卷羣魔亂舞1246反常,motianji-wangyu/魔天記_html1294.html
第六 卷羣魔亂舞1247三族大戰,motianji-wangyu/魔天記_html1295.html
第六卷羣魔亂舞1248峰迴 路轉,motianji-wangyu/魔天記_html1296.html
第六 卷羣魔亂舞1249魔天,motianji-wangyu/魔天記_html1297.html
第六 卷羣魔亂舞1250真魔印記,motianji-wangyu/魔天記_html1298.html
第六 卷羣魔亂舞1251龍虎法相,motianji-wangyu/魔天記_html1299.html
第六 卷羣魔亂舞1252萬波宮,motianji-wangyu/魔天記_html1300.html
第六 卷羣魔亂舞1253狐魅,motianji-wangyu/魔天記_html1301.html
第六 卷羣魔亂舞1254瑤姬之難,motianji-wangyu/魔天記_html1302.html
第六 卷羣魔亂舞1255再見瑤姬,motianji-wangyu/魔天記_html1303.html
第六 卷羣魔亂舞1256赤水河,motianji-wangyu/魔天記_html1304.html
第六 卷羣魔亂舞1257意外相見,motianji-wangyu/魔天記_html1305.html
第六 卷羣魔亂舞1258狐魅分身,motianji-wangyu/魔天記_html1306.html
第六 卷羣魔亂舞1259大戰,motianji-wangyu/魔天記_html1307.html
第六 卷羣魔亂舞1260獨處,motianji-wangyu/魔天記_html1308.html
六卷羣魔亂舞1261二女,motianji-wangyu/魔天記_html1309.html
第六 卷羣魔亂舞1262青蛇少主,motianji-wangyu/魔天記_html1310.html
第六 卷羣魔亂舞1263摩雲城,motianji-wangyu/魔天記_html1311.html
第六 卷羣魔亂舞1264同行,motianji-wangyu/魔天記_html1312.html
第六 卷羣魔亂舞1265血霓裳,motianji-wangyu/魔天記_html1313.html
第六 卷羣魔亂舞1266死海巨獸,motianji-wangyu/魔天記_html1314.html
第六 卷羣魔亂舞1267白色手骨,motianji-wangyu/魔天記_html1315.html
第六 卷羣魔亂舞1268羅睺之託,motianji-wangyu/魔天記_html1316.html
第六 卷羣魔亂舞1269器靈,motianji-wangyu/魔天記_html1317.html
第六 卷羣魔亂舞1270共生,motianji-wangyu/魔天記_html1318.html
第六 卷羣魔亂舞1271四大豪族,motianji-wangyu/魔天記_html1319.html
第六 卷羣魔亂舞1272崖月城,motianji-wangyu/魔天記_html1320.html
第六 卷羣魔亂舞1273嚴氏家族,motianji-wangyu/魔天記_html1321.html
第六 卷羣魔亂舞1274真魔之血,motianji-wangyu/魔天記_html1322.html
第六 卷羣魔亂舞1275引元之陣,motianji-wangyu/魔天記_html1323.html
第六 卷羣魔亂舞1276紫紋魔瞳,motianji-wangyu/魔天記_html1324.html
第六 卷羣魔亂舞1277幻魔領域,motianji-wangyu/魔天記_html1325.html
第六 卷羣魔亂舞1278覬覦,motianji-wangyu/魔天記_html1326.html
第六 卷羣魔亂舞1279激戰兩強,motianji-wangyu/魔天記_html1327.html
第六 卷羣魔亂舞1280天象骨蠍,motianji-wangyu/魔天記_html1328.html
第六 卷羣魔亂舞1281藏州,motianji-wangyu/魔天記_html1329.html
第六 卷羣魔亂舞1282青家,motianji-wangyu/魔天記_html1330.html
第六 卷羣魔亂舞1283青家長老,motianji-wangyu/魔天記_html1331.html
第六 卷羣魔亂舞1284幻力種子,motianji-wangyu/魔天記_html1332.html
第六 卷羣魔亂舞1285秘境開啓,motianji-wangyu/魔天記_html1333.html
第六 卷羣魔亂舞1286天幻秘境,motianji-wangyu/魔天記_html1334.html
第六 卷羣魔亂舞1287三光之水,motianji-wangyu/魔天記_html1335.html
第六 卷羣魔亂舞1288三光,motianji-wangyu/魔天記_html1336.html
第六 卷羣魔亂舞1289黑星蛾,motianji-wangyu/魔天記_html1337.html
第六 卷羣魔亂舞1290圍殺,motianji-wangyu/魔天記_html1338.html
第六 卷羣魔亂舞1291激戰,motianji-wangyu/魔天記_html1339.html
第六 卷羣魔亂舞1292領域,motianji-wangyu/魔天記_html1340.html
第六 卷羣魔亂舞1293滅二妖,motianji-wangyu/魔天記_html1341.html
第六 卷羣魔亂舞1294魔淵谷,motianji-wangyu/魔天記_html1342.html
第六 卷羣魔亂舞1295脫離險境,motianji-wangyu/魔天記_html1343.html
第六 卷羣魔亂舞1296繼任大典,motianji-wangyu/魔天記_html1344.html
第六 卷羣魔亂舞1297三光殿,motianji-wangyu/魔天記_html1345.html
第六 卷羣魔亂舞1298魔手,motianji-wangyu/魔天記_html1346.html
第六 卷羣魔亂舞1299調令,motianji-wangyu/魔天記_html1347.html
第六 卷羣魔亂舞1299大朔王朝,motianji-wangyu/魔天記_html1348.html
第六卷羣魔亂舞1231柳回 風,motianji-wangyu/魔天記_html1349.html
第六 卷羣魔亂舞1232朔風王朝,motianji-wangyu/魔天記_html1350.html
第六 卷羣魔亂舞1233前夕,motianji-wangyu/魔天記_html1351.html
第六 卷羣魔亂舞1234大戰爆發,motianji-wangyu/魔天記_html1352.html
第六 卷羣魔亂舞1235哄搶,motianji-wangyu/魔天記_html1353.html
第六 卷羣魔亂舞1236大混沌魔羅陣,motianji-wangyu/魔天記_html1354.html
第六 卷羣魔亂舞1237陰謀,motianji-wangyu/魔天記_html1355.html
第六 卷羣魔亂舞1238魔淵之鑰,motianji-wangyu/魔天記_html1356.html
第六 卷羣魔亂舞1239真魔灌體,motianji-wangyu/魔天記_html1357.html
第六 卷羣魔亂舞1240魔淵秘境,motianji-wangyu/魔天記_html1358.html
第六 卷羣魔亂舞1311中央皇城,motianji-wangyu/魔天記_html1359.html
第六 卷羣魔亂舞1312寒州,motianji-wangyu/魔天記_html1360.html
第六 卷羣魔亂舞1313廣寒城,motianji-wangyu/魔天記_html1361.html
第六 卷羣魔亂舞1314臨時住所,motianji-wangyu/魔天記_html1362.html
第六 卷羣魔亂舞1315孔翔家族,motianji-wangyu/魔天記_html1363.html
第六 卷羣魔亂舞1316神秘男子,motianji-wangyu/魔天記_html1364.html
第六 卷羣魔亂舞1317陳年往事,motianji-wangyu/魔天記_html1365.html
第六 卷羣魔亂舞1318另一把鑰匙,motianji-wangyu/魔天記_html1366.html
第六 卷羣魔亂舞1319凝聚元神,motianji-wangyu/魔天記_html1367.html
第六 卷羣魔亂舞1320蒙面少女,motianji-wangyu/魔天記_html1368.html
第六 卷羣魔亂舞1321黃雀在後,motianji-wangyu/魔天記_html1369.html
第六 卷羣魔亂舞1322綁架公主,motianji-wangyu/魔天記_html1370.html
第六 卷羣魔亂舞1323黑木血心,motianji-wangyu/魔天記_html1371.html
第六 卷羣魔亂舞1323光門,motianji-wangyu/魔天記_html1372.html
第六 卷羣魔亂舞1325進入魔淵,motianji-wangyu/魔天記_html1373.html
第六 卷羣魔亂舞1326陰穢蛛,motianji-wangyu/魔天記_html1374.html
第六 卷羣魔亂舞1327清醒,motianji-wangyu/魔天記_html1375.html
第六 卷羣魔亂舞1328魔淵塔,motianji-wangyu/魔天記_html1376.html
第六 卷羣魔亂舞1329古魔界,motianji-wangyu/魔天記_html1377.html
第六 卷羣魔亂舞1330遺蹟,motianji-wangyu/魔天記_html1378.html
第六 卷羣魔亂舞1331煞魂藍光,motianji-wangyu/魔天記_html1379.html
第六 卷羣魔亂舞1332魔屍骷髏,motianji-wangyu/魔天記_html1380.html
第六 卷羣魔亂舞1333並肩抗敵,motianji-wangyu/魔天記_html1381.html
第六 卷羣魔亂舞1334魔屍滅,motianji-wangyu/魔天記_html1382.html
第六 卷羣魔亂舞1335諦聽天賦,motianji-wangyu/魔天記_html1383.html
第六 卷羣魔亂舞1336內淵,motianji-wangyu/魔天記_html1384.html
第六 卷羣魔亂舞1337融靈秘法,motianji-wangyu/魔天記_html1385.html
第六 卷羣魔亂舞1338追殺,motianji-wangyu/魔天記_html1386.html
第六 卷羣魔亂舞1339梵聖玄冥功,motianji-wangyu/魔天記_html1387.html
第六 卷羣魔亂舞1340天哭魔君,motianji-wangyu/魔天記_html1388.html
第六 卷羣魔亂舞1341無常風,motianji-wangyu/魔天記_html1389.html
第六 卷羣魔亂舞1342潛入,motianji-wangyu/魔天記_html1390.html
第六 卷羣魔亂舞1343洞中冥河,motianji-wangyu/魔天記_html1391.html
第六 卷羣魔亂舞1344守島冥獸,motianji-wangyu/魔天記_html1392.html
第六 卷羣魔亂舞1345奪寶,motianji-wangyu/魔天記_html1393.html
第六 卷羣魔亂舞1346青魔金,motianji-wangyu/魔天記_html1394.html
第六 卷羣魔亂舞1347魔髓青魔刃,motianji-wangyu/魔天記_html1395.html
第六 卷羣魔亂舞1348神秘女子,motianji-wangyu/魔天記_html1396.html
第六 卷羣魔亂舞1349莽古魔蛇,motianji-wangyu/魔天記_html1397.html
第六 卷羣魔亂舞1350黑色怪樹,motianji-wangyu/魔天記_html1398.html
第六 卷羣魔亂舞1351陵園,motianji-wangyu/魔天記_html1399.html
第六 卷羣魔亂舞1352匯聚中秋快樂,motianji-wangyu/魔天記_html1400.html
第六 卷羣魔亂舞1253上古魔屍,motianji-wangyu/魔天記_html1401.html
第六 卷羣魔亂舞1354力斬古魔屍,motianji-wangyu/魔天記_html1402.html
第六 卷羣魔亂舞1355魔屍珠,motianji-wangyu/魔天記_html1403.html
第六 卷羣魔亂舞1356重逢,motianji-wangyu/魔天記_html1404.html
第六 卷羣魔亂舞1357傀儡,motianji-wangyu/魔天記_html1405.html
第六 卷羣魔亂舞1358山窮水盡,motianji-wangyu/魔天記_html1406.html
第六 卷羣魔亂舞1359冤家路窄,motianji-wangyu/魔天記_html1407.html
力斬通玄1360力斬通玄國慶快樂,motianji-wangyu/魔天記_html1408.html
第六 卷羣魔亂舞1361魔淵塔,motianji-wangyu/魔天記_html1409.html
第六 卷羣魔亂舞1362上古秘辛,motianji-wangyu/魔天記_html1410.html
第六 卷羣魔亂舞1363尾隨,motianji-wangyu/魔天記_html1411.html
第六 卷羣魔亂舞1364狹路相逢,motianji-wangyu/魔天記_html1412.html
第六 卷羣魔亂舞1365六壬盤,motianji-wangyu/魔天記_html1413.html
第六 卷羣魔亂舞1366金色魔屍,motianji-wangyu/魔天記_html1414.html
第六 卷羣魔亂舞1367柳耀,motianji-wangyu/魔天記_html1415.html
第六 卷羣魔亂舞1368天極魔火,motianji-wangyu/魔天記_html1416.html
第六 卷羣魔亂舞1369苦毒,motianji-wangyu/魔天記_html1417.html
第六 卷羣魔亂舞1370驅毒,motianji-wangyu/魔天記_html1418.html
第六 卷羣魔亂舞1371入塔,motianji-wangyu/魔天記_html1419.html
第六 卷羣魔亂舞1372魔屍守衛,motianji-wangyu/魔天記_html1420.html
第六 卷羣魔亂舞1373古怪黑藤,motianji-wangyu/魔天記_html1421.html
第六 卷羣魔亂舞1374骷髏,motianji-wangyu/魔天記_html1422.html
第六 卷羣魔亂舞1375石門,motianji-wangyu/魔天記_html1423.html
第六 卷羣魔亂舞1376收穫,motianji-wangyu/魔天記_html1424.html
第六 卷羣魔亂舞1377祭煉,motianji-wangyu/魔天記_html1425.html
請假,motianji-wangyu/魔天記_html1426.html
第六 卷羣魔亂舞1378攝心勾魂鈴,motianji-wangyu/魔天記_html1427.html
第六 卷羣魔亂舞1379半截魔軀,motianji-wangyu/魔天記_html1428.html
第六 卷羣魔亂舞1380捷徑,motianji-wangyu/魔天記_html1429.html
第六 卷羣魔亂舞1381妄州趙氏,motianji-wangyu/魔天記_html1430.html
第六 卷羣魔亂舞1382昇仙丹,motianji-wangyu/魔天記_html1431.html
第六 卷羣魔亂舞1383第九層,motianji-wangyu/魔天記_html1432.html
六卷羣魔亂舞1384亓曜之心,motianji-wangyu/魔天記_html1433.html
第六 卷羣魔亂舞1385遭遇,motianji-wangyu/魔天記_html1434.html
第六 卷羣魔亂舞1386靈寵負傷,motianji-wangyu/魔天記_html1435.html
第六 卷羣魔亂舞1387全面受制,motianji-wangyu/魔天記_html1436.html
第六 卷羣魔亂舞1388局勢逆轉,motianji-wangyu/魔天記_html1437.html
第六 卷羣魔亂舞1389青靈再現,motianji-wangyu/魔天記_html1438.html
第六 卷羣魔亂舞1390魔魂轉世,motianji-wangyu/魔天記_html1439.html
第六 卷羣魔亂舞1391血色晶石,motianji-wangyu/魔天記_html1440.html
第六 卷羣魔亂舞1392反轉,motianji-wangyu/魔天記_html1441.html
第六 卷羣魔亂舞1393再遇巨手,motianji-wangyu/魔天記_html1442.html
第六 卷羣魔亂舞1394幽谷煉丹,motianji-wangyu/魔天記_html1443.html
第六 卷羣魔亂舞1395春風一度,motianji-wangyu/魔天記_html1444.html
第六 卷羣魔亂舞1396研究雷環,motianji-wangyu/魔天記_html1445.html
第六 卷羣魔亂舞1397甦醒,motianji-wangyu/魔天記_html1446.html
第六 卷羣魔亂舞1398水落石出,motianji-wangyu/魔天記_html1447.html
第六 卷羣魔亂舞1399離開,motianji-wangyu/魔天記_html1448.html
第六 卷羣魔亂舞1340黑海,motianji-wangyu/魔天記_html1449.html
第六 卷羣魔亂舞1401摩雲谷之爭,motianji-wangyu/魔天記_html1450.html
第六 卷羣魔亂舞1402青琮出關,motianji-wangyu/魔天記_html1451.html
第六 卷羣魔亂舞1403蓋家醜漢,motianji-wangyu/魔天記_html1452.html
第六 卷羣魔亂舞1404天幻領域,motianji-wangyu/魔天記_html1453.html
第六 卷羣魔亂舞1405最後關頭,motianji-wangyu/魔天記_html1454.html
第六 卷羣魔亂舞1406以一敵二,motianji-wangyu/魔天記_html1455.html
第六 卷羣魔亂舞1407碾殺,motianji-wangyu/魔天記_html1456.html
第六 卷羣魔亂舞1408皆大歡喜,motianji-wangyu/魔天記_html1457.html
第六 卷羣魔亂舞1409賜丹,motianji-wangyu/魔天記_html1458.html
第六卷羣魔亂舞1410建章 立制,motianji-wangyu/魔天記_html1459.html
第六 卷羣魔亂舞1411朝貢,motianji-wangyu/魔天記_html1460.html
第六 卷羣魔亂舞1412臻辛園,motianji-wangyu/魔天記_html1461.html
第六 卷羣魔亂舞1413入住,motianji-wangyu/魔天記_html1462.html
第六 卷羣魔亂舞1414真相,motianji-wangyu/魔天記_html1463.html
第六 卷羣魔亂舞1415世家聯盟,motianji-wangyu/魔天記_html1464.html
第六 卷羣魔亂舞1416劍意,motianji-wangyu/魔天記_html1465.html
第六 卷羣魔亂舞1417破月劍訣,motianji-wangyu/魔天記_html1466.html
第六 卷羣魔亂舞1418大典,motianji-wangyu/魔天記_html1467.html
第六 卷羣魔亂舞1419玉魄之約,motianji-wangyu/魔天記_html1468.html
第六 卷羣魔亂舞1420嘉元樓,motianji-wangyu/魔天記_html1469.html
第六 卷羣魔亂舞1421皇儲,motianji-wangyu/魔天記_html1470.html
第六 卷羣魔亂舞1422趙真,motianji-wangyu/魔天記_html1471.html
第六 卷羣魔亂舞1423虛魔鼎,motianji-wangyu/魔天記_html1472.html
第六 卷羣魔亂舞1424虛央境,motianji-wangyu/魔天記_html1473.html
第六 卷羣魔亂舞1425大元血池,motianji-wangyu/魔天記_html1474.html
第六 卷羣魔亂舞1426淬體,motianji-wangyu/魔天記_html1475.html
第六 卷羣魔亂舞1427鑄劍,motianji-wangyu/魔天記_html1476.html
第六 卷羣魔亂舞1428封魔策,motianji-wangyu/魔天記_html1477.html
第六 卷羣魔亂舞1429直面魔皇,motianji-wangyu/魔天記_html1478.html
第六 卷羣魔亂舞1430隨軍出征,motianji-wangyu/魔天記_html1479.html
第六 卷羣魔亂舞1431請戰,motianji-wangyu/魔天記_html1480.html
第六 卷羣魔亂舞1432血獅軍團,motianji-wangyu/魔天記_html1481.html
第六 卷羣魔亂舞1433不速之客,motianji-wangyu/魔天記_html1482.html
第六 卷羣魔亂舞1434戰局突變,motianji-wangyu/魔天記_html1483.html
第六 卷羣魔亂舞1435出征,motianji-wangyu/魔天記_html1484.html
第六 卷羣魔亂舞1436魔魘衛,motianji-wangyu/魔天記_html1485.html
第六 卷羣魔亂舞1437直接出擊,motianji-wangyu/魔天記_html1486.html
第六 卷羣魔亂舞1438埋伏,motianji-wangyu/魔天記_html1487.html
第六 卷羣魔亂舞1439圈套,motianji-wangyu/魔天記_html1488.html
第六 卷羣魔亂舞1440八龍金鎖陣,motianji-wangyu/魔天記_html1489.html
第六 卷羣魔亂舞1441陰謀得逞,motianji-wangyu/魔天記_html1490.html
第六 卷羣魔亂舞1442出其不意,motianji-wangyu/魔天記_html1491.html
第六 卷羣魔亂舞1443破陣,motianji-wangyu/魔天記_html1492.html
第六 卷羣魔亂舞1444逆轉,motianji-wangyu/魔天記_html1493.html
第六 卷羣魔亂舞1445合作,motianji-wangyu/魔天記_html1494.html
第六 卷羣魔亂舞1446尋根溯源,motianji-wangyu/魔天記_html1495.html
第六 卷羣魔亂舞1447中伏,motianji-wangyu/魔天記_html1496.html
第六 卷羣魔亂舞1448五行七絕陣,motianji-wangyu/魔天記_html1497.html
第六 卷羣魔亂舞1449天鳳城,motianji-wangyu/魔天記_html1498.html
第六卷羣魔亂舞1450潛回,motianji-wangyu/魔天記_html1499.html
第六 卷羣魔亂舞1451重返峽谷,motianji-wangyu/魔天記_html1500.html
第六 卷羣魔亂舞1452第三者,motianji-wangyu/魔天記_html1501.html
第六 卷羣魔亂舞1453法則之戰,motianji-wangyu/魔天記_html1502.html
第六 卷羣魔亂舞1454漁翁得利,motianji-wangyu/魔天記_html1503.html
第六 卷羣魔亂舞1455隕魔之威,motianji-wangyu/魔天記_html1504.html
第六 卷羣魔亂舞1456魔皇親臨,motianji-wangyu/魔天記_html1505.html
第六 卷羣魔亂舞1457聯手,motianji-wangyu/魔天記_html1506.html
第六 卷羣魔亂舞1458還施彼身,motianji-wangyu/魔天記_html1507.html
第六 卷羣魔亂舞1459神秘空間,motianji-wangyu/魔天記_html1508.html
第七卷原始輪迴 1460囚籠再現,motianji-wangyu/魔天記_html1509.html
第七卷原始輪迴 1461爭鬥,motianji-wangyu/魔天記_html1510.html
第七卷原始輪迴 1462古魔界,motianji-wangyu/魔天記_html1511.html
第七卷原始輪迴 1463熟悉身影,motianji-wangyu/魔天記_html1512.html
第七卷原始輪迴 1464超越永生,motianji-wangyu/魔天記_html1513.html
第七卷原始輪迴 1464輪迴秘辛,motianji-wangyu/魔天記_html1514.html
第七卷原始輪迴 1466九重風劫,motianji-wangyu/魔天記_html1515.html
第七卷原始輪迴 1467渡劫,motianji-wangyu/魔天記_html1516.html
第七卷原始輪迴 1468金色巨龍,motianji-wangyu/魔天記_html1517.html
第七卷原始輪迴 1469以身化劍,motianji-wangyu/魔天記_html1518.html
第七卷原始輪迴 1470五爪金龍,motianji-wangyu/魔天記_html1519.html
第七卷原始輪迴 1471屠龍,motianji-wangyu/魔天記_html1520.html
第七卷原始輪迴 1472合作,motianji-wangyu/魔天記_html1521.html
第七卷原始輪迴 1473,motianji-wangyu/魔天記_html1522.html
第七卷原始輪迴 1474迷魂峽谷,motianji-wangyu/魔天記_html1523.html
第七卷原始輪迴 1475藍蛉族,motianji-wangyu/魔天記_html1524.html
第七卷原始輪迴 1476赤霞道,motianji-wangyu/魔天記_html1525.html
第七卷原始輪迴 1477破禁,motianji-wangyu/魔天記_html1526.html
第七卷原始輪迴 1478無盡泥潭,motianji-wangyu/魔天記_html1527.html
第七卷原始輪迴 1479古城,motianji-wangyu/魔天記_html1528.html
第七卷原始輪迴 1480寶鏡守衛,motianji-wangyu/魔天記_html1529.html
第七卷原始輪迴 1481聯手禦敵,motianji-wangyu/魔天記_html1530.html
第七卷原始輪迴 1482古魔亓耀,motianji-wangyu/魔天記_html1531.html
第七卷原始輪迴 1483一波又起,motianji-wangyu/魔天記_html1532.html
第七卷原始輪迴 1484決定,motianji-wangyu/魔天記_html1533.html
第七卷原始輪迴 1485金門再現,motianji-wangyu/魔天記_html1534.html
第七卷原始輪迴 1486古怪空間,motianji-wangyu/魔天記_html1535.html
第七卷原始輪迴 1487天罰地劫,motianji-wangyu/魔天記_html1536.html
新書試閱,motianji-wangyu/魔天記_html1537.html
第七卷原始輪迴 1488天洞,motianji-wangyu/魔天記_html1538.html
第七卷原始輪迴 1489太庚劍訣,motianji-wangyu/魔天記_html1539.html
第七卷原始輪迴 1490汐土二相陣,motianji-wangyu/魔天記_html1540.html
第七卷原始輪迴 1491認可,motianji-wangyu/魔天記_html1541.html
第七卷原始輪迴 1492九天尊上,motianji-wangyu/魔天記_html1542.html
第七卷原始輪迴 1493天洞潰滅,motianji-wangyu/魔天記_html1543.html
第七卷原始輪迴 1494法則圓滿,motianji-wangyu/魔天記_html1544.html
第七卷原始輪迴 1495永生劫上,motianji-wangyu/魔天記_html1545.html
第七卷原始輪迴 1496永生劫下,motianji-wangyu/魔天記_html1546.html
第七卷原始輪迴 1497永生,motianji-wangyu/魔天記_html1547.html
第七卷原始輪迴 1498魔主之威,motianji-wangyu/魔天記_html1548.html
第七卷原始輪迴 1499生死一線,motianji-wangyu/魔天記_html1549.html
第七卷原始輪迴 1500絕處逢生,motianji-wangyu/魔天記_html1550.html
第七卷原始輪迴 1501蒼穹一指,motianji-wangyu/魔天記_html1551.html
第七卷原始輪迴 1502羅睺重生,motianji-wangyu/魔天記_html1552.html
第七卷原始輪迴 1503螣蛇之目,motianji-wangyu/魔天記_html1553.html
第七卷原始輪迴 1504重返萬魔,motianji-wangyu/魔天記_html1554.html
第七卷原始輪迴 1505排斥,motianji-wangyu/魔天記_html1555.html
第七卷原始輪迴 1506柳家餘孽,motianji-wangyu/魔天記_html1556.html
第七卷原始輪迴 1507內憂外患,motianji-wangyu/魔天記_html1557.html
第七卷原始輪迴 1508傾巢而出,motianji-wangyu/魔天記_html1558.html
第七卷原始輪迴 1509暗潮洶涌,motianji-wangyu/魔天記_html1559.html
第七卷原始輪迴 1510瀕臨絕境,motianji-wangyu/魔天記_html1560.html
第七卷原始輪迴 1511虐殺,motianji-wangyu/魔天記_html1561.html
第七卷原始輪迴 1512重逢已是百年身,motianji-wangyu/魔天記_html1562.html
第七卷原始輪迴 1513圍困,motianji-wangyu/魔天記_html1563.html
第七卷原始輪迴 1514足智多謀,motianji-wangyu/魔天記_html1564.html
第七卷原始輪迴 1515誅殺賊首,motianji-wangyu/魔天記_html1565.html
第七卷原始輪迴 1516投降,motianji-wangyu/魔天記_html1566.html
第七卷原始輪迴 1517凱旋,motianji-wangyu/魔天記_html1567.html
第七卷原始輪迴 1518問天石板,motianji-wangyu/魔天記_html1568.html
第七卷原始輪迴 1519遺址尋仇,motianji-wangyu/魔天記_html1569.html
第七卷原始輪迴 1520舊仇新恨,motianji-wangyu/魔天記_html1570.html
第七卷原始輪迴 1521覓跡尋蹤,motianji-wangyu/魔天記_html1571.html
第七卷原始輪迴 1522失之交臂,motianji-wangyu/魔天記_html1572.html
第七卷原始輪迴 1523靈寵甦醒,motianji-wangyu/魔天記_html1573.html
第七卷原始輪迴 1524中天遇故人,motianji-wangyu/魔天記_html1574.html
第七卷原始輪迴 1525孤注一擲,motianji-wangyu/魔天記_html1575.html
第七卷原始輪迴 1526再見伊人,motianji-wangyu/魔天記_html1576.html
第七卷原始輪迴 1527相逢,motianji-wangyu/魔天記_html1577.html
第七卷原始輪迴 1528決定,motianji-wangyu/魔天記_html1578.html
第七卷原始輪迴 1529託月掩日石,motianji-wangyu/魔天記_html1579.html
第七卷原始輪迴 1530決戰爆發,motianji-wangyu/魔天記_html1580.html
第七卷原始輪迴 1531曲皇與曲尺,motianji-wangyu/魔天記_html1581.html
第七卷原始輪迴 1532任信,motianji-wangyu/魔天記_html1582.html
第七卷原始輪迴 1533熟悉身影,motianji-wangyu/魔天記_html1583.html
第七卷原始輪迴 1534千鈞一髮,motianji-wangyu/魔天記_html1584.html
第七卷原始輪迴 1535永生曲堯,motianji-wangyu/魔天記_html1585.html
第七卷原始輪迴 1536出人意料,motianji-wangyu/魔天記_html1586.html
第七卷原始輪迴 1537顧慮,motianji-wangyu/魔天記_html1587.html
第七卷原始輪迴 1538化魔屠永生,motianji-wangyu/魔天記_html1588.html
第七卷原始輪迴 1539極陰至陽陣,motianji-wangyu/魔天記_html1589.html
第七卷原始輪迴 1540永生大典,motianji-wangyu/魔天記_html1590.html
第七卷原始輪迴 1541達成共識兄弟姐妹們元旦快樂,motianji-wangyu/魔天記_html1591.html
元旦快樂,motianji-wangyu/魔天記_html1592.html
第七卷原始輪迴 1542鶴鳴谷,motianji-wangyu/魔天記_html1593.html
第七卷原始輪迴 1543古魔秘辛,motianji-wangyu/魔天記_html1594.html
第七卷原始輪迴 1544魔仙一念,motianji-wangyu/魔天記_html1595.html
第七卷原始輪迴 1545圖窮匕見,motianji-wangyu/魔天記_html1596.html
第七卷原始輪迴 1546處置,motianji-wangyu/魔天記_html1597.html
第七卷原始輪迴 1547裁決,motianji-wangyu/魔天記_html1598.html
第七卷原始輪迴 1548留情,motianji-wangyu/魔天記_html1599.html
第七卷原始輪迴 1549彈指千年,motianji-wangyu/魔天記_html1600.html
第七卷原始輪迴 1550故人依稀,motianji-wangyu/魔天記_html1601.html
第七卷原始輪迴 1551戀戀凡塵,motianji-wangyu/魔天記_html1602.html
第七卷原始輪迴 1552聞啼頓悟,motianji-wangyu/魔天記_html1603.html
《魔天記》完本感言,motianji-wangyu/魔天記_html1604.html
