魔序,qiumo-ergen/求魔_html1.html
第1章 蘇銘,qiumo-ergen/求魔_html2.html
第2章 蠻啓,qiumo-ergen/求魔_html3.html
第3章 刺幽,qiumo-ergen/求魔_html4.html
第4章 異變,qiumo-ergen/求魔_html5.html
第5章 夢呢,qiumo-ergen/求魔_html6.html
第6章 恩澤,qiumo-ergen/求魔_html7.html
第7章 荒！,qiumo-ergen/求魔_html8.html
第8章 紅泥,qiumo-ergen/求魔_html9.html
第9章 淬散,qiumo-ergen/求魔_html10.html
第10章 血燃,qiumo-ergen/求魔_html11.html
第11章 蘇銘之怒,qiumo-ergen/求魔_html12.html
第12章 殺機！,qiumo-ergen/求魔_html13.html
第13章 邪蠻,qiumo-ergen/求魔_html14.html
第14章 蛻變,qiumo-ergen/求魔_html15.html
第15章 阿公,qiumo-ergen/求魔_html16.html
第16章 蠻紋,qiumo-ergen/求魔_html17.html
第17章 先蠻之術,qiumo-ergen/求魔_html18.html
第18章 第二門,qiumo-ergen/求魔_html19.html
第19章 北凌,qiumo-ergen/求魔_html20.html
第20章 寒酸,qiumo-ergen/求魔_html21.html
第21章 我們會變麼……,qiumo-ergen/求魔_html22.html
第22章 若初遇,qiumo-ergen/求魔_html23.html
第23章 現在，它死了,qiumo-ergen/求魔_html24.html
第24章 她叫白靈,qiumo-ergen/求魔_html25.html
第25章 血月初始,qiumo-ergen/求魔_html26.html
第26章 火蠻傳說！,qiumo-ergen/求魔_html27.html
第27章 淚空,qiumo-ergen/求魔_html28.html
第28章 萬古前的部落,qiumo-ergen/求魔_html29.html
第29章 悲吟,qiumo-ergen/求魔_html30.html
第30章 彼蒼天者，爾獨何泣,qiumo-ergen/求魔_html31.html
第31章 那段美好……,qiumo-ergen/求魔_html32.html
第32章 年華里誰在嘆息……,qiumo-ergen/求魔_html33.html
第33章 火蠻之術,qiumo-ergen/求魔_html34.html
第34章 火月出雲,qiumo-ergen/求魔_html35.html
第35章 萬古前的嘲諷,qiumo-ergen/求魔_html36.html
第37章 小紅的陶醉……,qiumo-ergen/求魔_html37.html
第37章 血火疊燃！！,qiumo-ergen/求魔_html38.html
第38章 我要變強！,qiumo-ergen/求魔_html39.html
第39章 敵意！,qiumo-ergen/求魔_html40.html
第40章 司空,qiumo-ergen/求魔_html41.html
第41章 欠債還錢,qiumo-ergen/求魔_html42.html
第42章 教導,qiumo-ergen/求魔_html43.html
第43章 墨桑,qiumo-ergen/求魔_html44.html
第44章 你就是蘇銘？,qiumo-ergen/求魔_html45.html
第45章 那一年的十六歲,qiumo-ergen/求魔_html46.html
第46章 阿公的秘密！,qiumo-ergen/求魔_html47.html
第47章 六個數字！,qiumo-ergen/求魔_html48.html
第48章 雷霆一擊！,qiumo-ergen/求魔_html49.html
第49章 第三個方法！,qiumo-ergen/求魔_html50.html
第50章 小哥，我和你有緣！,qiumo-ergen/求魔_html51.html
第51章 邊緣,qiumo-ergen/求魔_html52.html
第52章 開風圳山！,qiumo-ergen/求魔_html53.html
第53章 六個數字的秘密！,qiumo-ergen/求魔_html54.html
第54章 入微薄發！,qiumo-ergen/求魔_html55.html
第55章 月夜，屬於他！,qiumo-ergen/求魔_html56.html
第56章 凝血境第五層！,qiumo-ergen/求魔_html57.html
第57章 你信不信？,qiumo-ergen/求魔_html58.html
第58章 破竹！,qiumo-ergen/求魔_html59.html
第59章 一動驚人！,qiumo-ergen/求魔_html60.html
第60章 他們，怕了！,qiumo-ergen/求魔_html61.html
第61章 解開發繩！,qiumo-ergen/求魔_html62.html
第62章 強大的威脅！,qiumo-ergen/求魔_html63.html
第63章 心煉之階！,qiumo-ergen/求魔_html64.html
第64章 葉望色變！,qiumo-ergen/求魔_html65.html
第65章 這是決戰！,qiumo-ergen/求魔_html66.html
第66章 血火再燃！,qiumo-ergen/求魔_html67.html
第67章 凝血第六層！,qiumo-ergen/求魔_html68.html
第68章 堅持，堅持！！,qiumo-ergen/求魔_html69.html
第69章 可以和我繞圈圈麼？,qiumo-ergen/求魔_html70.html
第70章 阿公的準備,qiumo-ergen/求魔_html71.html
第71章 西盟區域,qiumo-ergen/求魔_html72.html
第72章 界蠻山！,qiumo-ergen/求魔_html73.html
第73章 是他麼……,qiumo-ergen/求魔_html74.html
第74章 橫財！,qiumo-ergen/求魔_html75.html
第75章 族友，請留步,qiumo-ergen/求魔_html76.html
第76章 破損的袋子,qiumo-ergen/求魔_html77.html
第77章 一起繞圈圈吧,qiumo-ergen/求魔_html78.html
第78章 那約定裡誰在嘆息,qiumo-ergen/求魔_html79.html
第79章 我要回去！！,qiumo-ergen/求魔_html80.html
第80章 無悔的瘋狂！,qiumo-ergen/求魔_html81.html
第81章 不能！,qiumo-ergen/求魔_html82.html
第82章 蘇銘、葉望！,qiumo-ergen/求魔_html83.html
第83章 風圳山之變！,qiumo-ergen/求魔_html84.html
第84章 看到了部落……,qiumo-ergen/求魔_html85.html
第85章 不捨的家園,qiumo-ergen/求魔_html86.html
第86章 來自黑山的追殺！,qiumo-ergen/求魔_html87.html
第87章 叛徒是誰！！,qiumo-ergen/求魔_html88.html
第88章 葬歌,qiumo-ergen/求魔_html89.html
第89章 過去的，就過去吧,qiumo-ergen/求魔_html90.html
第90章 殉與殤,qiumo-ergen/求魔_html91.html
第91章 黑山畢圖！,qiumo-ergen/求魔_html92.html
第92章 血月！！,qiumo-ergen/求魔_html93.html
第93章 第四支箭！,qiumo-ergen/求魔_html94.html
第94章 誰殺我肅兒！,qiumo-ergen/求魔_html95.html
第95章 覺醒！,qiumo-ergen/求魔_html96.html
第96章 風圳平原！,qiumo-ergen/求魔_html97.html
第97章 叛徒是他！,qiumo-ergen/求魔_html98.html
第98章 雷辰的抉擇！,qiumo-ergen/求魔_html99.html
第99章 追殺！！,qiumo-ergen/求魔_html100.html
第100章 當面取頭！,qiumo-ergen/求魔_html101.html
第101章 爲什麼。,qiumo-ergen/求魔_html102.html
第102章 山痕,qiumo-ergen/求魔_html103.html
第103章 最接近天的地方,qiumo-ergen/求魔_html104.html
第105106章 踏月而戰,qiumo-ergen/求魔_html105.html
第107章 邪蠻降臨！,qiumo-ergen/求魔_html106.html
第108章 阿公之秘！,qiumo-ergen/求魔_html107.html
第109章 刑！,qiumo-ergen/求魔_html108.html
第110章 一杆幡！！,qiumo-ergen/求魔_html109.html
第110章 風掃初痕,qiumo-ergen/求魔_html110.html
第111章 甦醒於陌生,qiumo-ergen/求魔_html111.html
第112章 雷擊木生火,qiumo-ergen/求魔_html112.html
第113章 遇生,qiumo-ergen/求魔_html113.html
第114章 南晨之地！,qiumo-ergen/求魔_html114.html
第115章 不犯往過！,qiumo-ergen/求魔_html115.html
第116章 奪靈散,qiumo-ergen/求魔_html116.html
第117章 走出,qiumo-ergen/求魔_html117.html
第118章 邯山城,qiumo-ergen/求魔_html118.html
第119章 是他！,qiumo-ergen/求魔_html119.html
第120章 和風,qiumo-ergen/求魔_html120.html
第121章 寒菲子,qiumo-ergen/求魔_html121.html
第122章 蘇銘的試探,qiumo-ergen/求魔_html122.html
第123章 來自安東族長的禮物,qiumo-ergen/求魔_html123.html
第124章 許兄，快走！,qiumo-ergen/求魔_html124.html
第125章 和風，許某來了！,qiumo-ergen/求魔_html125.html
第126章 最後一個問題,qiumo-ergen/求魔_html126.html
第127章 邯山城的絕密！,qiumo-ergen/求魔_html127.html
第128章 大收穫,qiumo-ergen/求魔_html128.html
第129章 一張獸皮,qiumo-ergen/求魔_html129.html
第130章 紅色草地,qiumo-ergen/求魔_html130.html
第131章 安逸中的驚變,qiumo-ergen/求魔_html131.html
第132章 寒菲子！,qiumo-ergen/求魔_html132.html
第133章 學詐,qiumo-ergen/求魔_html133.html
第134章 它叫儲物袋！,qiumo-ergen/求魔_html134.html
第135章 凝血第八層！,qiumo-ergen/求魔_html135.html
第136章 邯山重寶,qiumo-ergen/求魔_html136.html
第137章 區別的待遇,qiumo-ergen/求魔_html137.html
第138章 凝血後期,qiumo-ergen/求魔_html138.html
第139章 出關,qiumo-ergen/求魔_html139.html
第140章 拜訪安東,qiumo-ergen/求魔_html140.html
第141章 客家,qiumo-ergen/求魔_html141.html
第142章 消失的……那些年,qiumo-ergen/求魔_html142.html
第143章 我忘了什麼……,qiumo-ergen/求魔_html143.html
第144章 給方某一看,qiumo-ergen/求魔_html144.html
第145章 他！,qiumo-ergen/求魔_html145.html
第146章 再見玄輪,qiumo-ergen/求魔_html146.html
第147章 那片星空,qiumo-ergen/求魔_html147.html
第148章 走向目中,qiumo-ergen/求魔_html148.html
第149章 邯山老祖，沒死！,qiumo-ergen/求魔_html149.html
第150章 追臨,qiumo-ergen/求魔_html150.html
第151章 反擊,qiumo-ergen/求魔_html151.html
第152章 看不懂這女子,qiumo-ergen/求魔_html152.html
第153章 墨蘇大人,qiumo-ergen/求魔_html153.html
第154章 蠻神！！,qiumo-ergen/求魔_html154.html
第155章 有些話，不能聽,qiumo-ergen/求魔_html155.html
第156章 有些話，不能說,qiumo-ergen/求魔_html156.html
第157章 冷漠的目,qiumo-ergen/求魔_html157.html
第158章 宿命！,qiumo-ergen/求魔_html158.html
第159章 傳送破禁,qiumo-ergen/求魔_html159.html
第160章 邯空！,qiumo-ergen/求魔_html160.html
第161章 丟失的記憶！,qiumo-ergen/求魔_html161.html
第162章 帶我走……,qiumo-ergen/求魔_html162.html
第163章 若不死，則造化,qiumo-ergen/求魔_html163.html
第164章 我是誰……,qiumo-ergen/求魔_html164.html
第165章 序看,qiumo-ergen/求魔_html165.html
第166章 凝血境圓滿！,qiumo-ergen/求魔_html166.html
第167章 貪一次大的！,qiumo-ergen/求魔_html167.html
第168章 三大神像！,qiumo-ergen/求魔_html168.html
第169章 叔，這裡……,qiumo-ergen/求魔_html169.html
第170章 司馬信！,qiumo-ergen/求魔_html170.html
第171章 又一個約定……,qiumo-ergen/求魔_html171.html
第172章 雨中邯山鏈,qiumo-ergen/求魔_html172.html
第173章 欲鳴驚人！,qiumo-ergen/求魔_html173.html
第174章 背山龜玄,qiumo-ergen/求魔_html174.html
第175章 至寶！,qiumo-ergen/求魔_html175.html
第176章 九嬰,qiumo-ergen/求魔_html176.html
第177章 未必麼,qiumo-ergen/求魔_html177.html
第178章 邯山鏈,qiumo-ergen/求魔_html178.html
第179章 性格的改變,qiumo-ergen/求魔_html179.html
第180章 邯山鏈的秘密,qiumo-ergen/求魔_html180.html
第181章 雷辰！！,qiumo-ergen/求魔_html181.html
第182章 失敗,qiumo-ergen/求魔_html182.html
第183章 甦醒！,qiumo-ergen/求魔_html183.html
第184章 阿公，出現吧,qiumo-ergen/求魔_html184.html
第185章 不同意！,qiumo-ergen/求魔_html185.html
第186章 沉默中的爆發,qiumo-ergen/求魔_html186.html
第187章 是他！！,qiumo-ergen/求魔_html187.html
第188章 大圓滿！,qiumo-ergen/求魔_html188.html
第189章 天寒來使,qiumo-ergen/求魔_html189.html
第190章 定是師妹了！,qiumo-ergen/求魔_html190.html
第191章 煉和風！,qiumo-ergen/求魔_html191.html
第192章 念起！,qiumo-ergen/求魔_html192.html
第193章 開塵！！,qiumo-ergen/求魔_html193.html
第194章 封神將！,qiumo-ergen/求魔_html194.html
第195章 開塵之寶！,qiumo-ergen/求魔_html195.html
第196章 雷霆之力,qiumo-ergen/求魔_html196.html
第197章 好久不見，方師妹,qiumo-ergen/求魔_html197.html
第198章 司馬信！,qiumo-ergen/求魔_html198.html
第199章 離去,qiumo-ergen/求魔_html199.html
第200章 天邪子！,qiumo-ergen/求魔_html200.html
第201章 蠻紋……,qiumo-ergen/求魔_html201.html
第202章 原來，是我在嘆息……,qiumo-ergen/求魔_html202.html
第203章 蘇銘的紋！,qiumo-ergen/求魔_html203.html
第204章 我的蠻紋，我的魂,qiumo-ergen/求魔_html204.html
第205章 你來選擇,qiumo-ergen/求魔_html205.html
第206章 我知道,qiumo-ergen/求魔_html206.html
第207章 兩天！,qiumo-ergen/求魔_html207.html
第208章 人，如山！,qiumo-ergen/求魔_html208.html
第209章 你的規則,qiumo-ergen/求魔_html209.html
第210章 此山，名烏！,qiumo-ergen/求魔_html210.html
第211章 好一張絕美的臉,qiumo-ergen/求魔_html211.html
第212章 神將大人！,qiumo-ergen/求魔_html212.html
第213章 一路走好,qiumo-ergen/求魔_html213.html
第214章 前輩高人,qiumo-ergen/求魔_html214.html
第215章 水、酒,qiumo-ergen/求魔_html215.html
第216章 天嵐壁障！,qiumo-ergen/求魔_html216.html
第217章 祭骨神將！,qiumo-ergen/求魔_html217.html
第218章 你家虎爺爺！,qiumo-ergen/求魔_html218.html
第219章 第九峰,qiumo-ergen/求魔_html219.html
第220章 小師弟,qiumo-ergen/求魔_html220.html
第221章 家……,qiumo-ergen/求魔_html221.html
第222章 何爲造化,qiumo-ergen/求魔_html222.html
第223章 三師兄的怪癖,qiumo-ergen/求魔_html223.html
第224章 明悟,qiumo-ergen/求魔_html224.html
第225章 風雪中來人,qiumo-ergen/求魔_html225.html
第226章 造化之手,qiumo-ergen/求魔_html226.html
第227章 明悟了,qiumo-ergen/求魔_html227.html
第228章 大膽小娃！,qiumo-ergen/求魔_html228.html
第229章 血月烏山圖！,qiumo-ergen/求魔_html229.html
第230章 不能浪費,qiumo-ergen/求魔_html230.html
第231章 天寒窟,qiumo-ergen/求魔_html231.html
第232章 看到了……,qiumo-ergen/求魔_html232.html
第233章 你，叫做什麼名字……,qiumo-ergen/求魔_html233.html
第234章 不是白靈！,qiumo-ergen/求魔_html234.html
第235章 天寒第一戰！,qiumo-ergen/求魔_html235.html
第236章 蠻紋之戰！,qiumo-ergen/求魔_html236.html
第237章 一樣的相似！,qiumo-ergen/求魔_html237.html
第238章 臨摹,qiumo-ergen/求魔_html238.html
第239章 初顯造畫,qiumo-ergen/求魔_html239.html
第240章 我叫白素,qiumo-ergen/求魔_html240.html
第241章 陳相,qiumo-ergen/求魔_html241.html
第242章 陳相的請求……,qiumo-ergen/求魔_html242.html
第243章 奇異棍蟲,qiumo-ergen/求魔_html243.html
第244章 以情爲種！,qiumo-ergen/求魔_html244.html
第245章 他不要你，我要你！,qiumo-ergen/求魔_html245.html
第246章 你懂不？,qiumo-ergen/求魔_html246.html
第247章 姐……,qiumo-ergen/求魔_html247.html
第248章 我爲你作畫,qiumo-ergen/求魔_html248.html
第249章 紫衣？,qiumo-ergen/求魔_html249.html
第250章 和風之變,qiumo-ergen/求魔_html250.html
第251章 天嵐夢的邀請,qiumo-ergen/求魔_html251.html
第252章 何爲神,qiumo-ergen/求魔_html252.html
第253章 那道門檻！,qiumo-ergen/求魔_html253.html
第254章 徵兆,qiumo-ergen/求魔_html254.html
第255章 你會與人鬥法麼,qiumo-ergen/求魔_html255.html
第256章 喀嚓……,qiumo-ergen/求魔_html256.html
第257章 曲終人散,qiumo-ergen/求魔_html257.html
第258章 巫族的大地,qiumo-ergen/求魔_html258.html
第259章 那一句……金鵬！,qiumo-ergen/求魔_html259.html
第260章 三天！,qiumo-ergen/求魔_html260.html
第261章 狩巫之戰！,qiumo-ergen/求魔_html261.html
第262章 少年,qiumo-ergen/求魔_html262.html
第263章 最強一擊！,qiumo-ergen/求魔_html263.html
第264章 三個方法,qiumo-ergen/求魔_html264.html
第265章 生死追殺！,qiumo-ergen/求魔_html265.html
第266章 戰巫老！,qiumo-ergen/求魔_html266.html
第267章 白常在！,qiumo-ergen/求魔_html267.html
第268章 蜥巫部！,qiumo-ergen/求魔_html268.html
第269章 蠻神歌！,qiumo-ergen/求魔_html269.html
第270章 師尊,qiumo-ergen/求魔_html270.html
第271章 這是我的造,qiumo-ergen/求魔_html271.html
第272章 一場遊戲,qiumo-ergen/求魔_html272.html
第273章 一個要求,qiumo-ergen/求魔_html273.html
第274章 恍惚,qiumo-ergen/求魔_html274.html
第275章 她們沒有道德,qiumo-ergen/求魔_html275.html
第276章 第一天，我贏了,qiumo-ergen/求魔_html276.html
第277章 因,qiumo-ergen/求魔_html277.html
第278章 夢,qiumo-ergen/求魔_html278.html
第279章 雨前的風,qiumo-ergen/求魔_html279.html
第280章 懵,qiumo-ergen/求魔_html280.html
第281章 鵬！,qiumo-ergen/求魔_html281.html
第282章 煞！,qiumo-ergen/求魔_html282.html
第283章 鬼！,qiumo-ergen/求魔_html283.html
第284章 第九峰的集結號！,qiumo-ergen/求魔_html284.html
第285章 鬼方的傳聞,qiumo-ergen/求魔_html285.html
第286章 北疆部！,qiumo-ergen/求魔_html286.html
第287章 九峰之人闖北疆！,qiumo-ergen/求魔_html287.html
第288章 入夢！,qiumo-ergen/求魔_html288.html
第289章 天寒風初起……,qiumo-ergen/求魔_html289.html
第290章 天黑了,qiumo-ergen/求魔_html290.html
第291章 二師兄的隱秘！,qiumo-ergen/求魔_html291.html
第292章 我不是天邪子！,qiumo-ergen/求魔_html292.html
第293章 妥協,qiumo-ergen/求魔_html293.html
第294章 鬼方！,qiumo-ergen/求魔_html294.html
第295章 雷辰！,qiumo-ergen/求魔_html295.html
第296章 請柬,qiumo-ergen/求魔_html296.html
第297章 鬼叉儡,qiumo-ergen/求魔_html297.html
第298章 第九峰，蘇銘！,qiumo-ergen/求魔_html298.html
第299章 不好意思,qiumo-ergen/求魔_html299.html
第300章 素(上),qiumo-ergen/求魔_html300.html
第301章 素(下),qiumo-ergen/求魔_html301.html
第302章 二公子！,qiumo-ergen/求魔_html302.html
第303章 護犢！,qiumo-ergen/求魔_html303.html
第304章 拍賣,qiumo-ergen/求魔_html304.html
第305章 海東之序,qiumo-ergen/求魔_html305.html
第306章 鶴！,qiumo-ergen/求魔_html306.html
第307章 蘇銘的反擊！,qiumo-ergen/求魔_html307.html
第308章 那鼎，那歌，那歲月……,qiumo-ergen/求魔_html308.html
第309章 收鼎,qiumo-ergen/求魔_html309.html
第310章 石中魂！,qiumo-ergen/求魔_html310.html
第311章 子車，取來,qiumo-ergen/求魔_html311.html
第312章 心靈的風暴！,qiumo-ergen/求魔_html312.html
第313章 火猿！,qiumo-ergen/求魔_html313.html
第314章 又一物！,qiumo-ergen/求魔_html314.html
第315章 迴歸,qiumo-ergen/求魔_html315.html
第316章 小紅,qiumo-ergen/求魔_html316.html
第317章 熟悉……,qiumo-ergen/求魔_html317.html
第318章 月下的影！,qiumo-ergen/求魔_html318.html
第319章 黎明的雷！！,qiumo-ergen/求魔_html319.html
第320章 東荒之災！,qiumo-ergen/求魔_html320.html
第321章 不捨的第九峰,qiumo-ergen/求魔_html321.html
第322章 出戰！,qiumo-ergen/求魔_html322.html
第323章 桑相的翅！,qiumo-ergen/求魔_html323.html
第324章 不服氣？,qiumo-ergen/求魔_html324.html
第325章 新的淬體,qiumo-ergen/求魔_html325.html
第326章 老人,qiumo-ergen/求魔_html326.html
第327章 逃兵,qiumo-ergen/求魔_html327.html
第328章 背後有什麼！,qiumo-ergen/求魔_html328.html
第329章 和風的念！,qiumo-ergen/求魔_html329.html
第330章 懲罰！！,qiumo-ergen/求魔_html330.html
第331章 鄔多,qiumo-ergen/求魔_html331.html
第332章 攝魂,qiumo-ergen/求魔_html332.html
第333章 童子！,qiumo-ergen/求魔_html333.html
第334章 那聲音……,qiumo-ergen/求魔_html334.html
第335章 十二祖巫陰,qiumo-ergen/求魔_html335.html
第336章 近在天嵐！,qiumo-ergen/求魔_html336.html
第337章 戰爭！,qiumo-ergen/求魔_html337.html
第338章 參戰！,qiumo-ergen/求魔_html338.html
第339章 歡迎來到天嵐城！,qiumo-ergen/求魔_html339.html
第340章 首戰！,qiumo-ergen/求魔_html340.html
第341章 隨行！,qiumo-ergen/求魔_html341.html
第342章 詐！,qiumo-ergen/求魔_html342.html
第343章 夜令！,qiumo-ergen/求魔_html343.html
第344章 子車！,qiumo-ergen/求魔_html344.html
第345章 獵巫！,qiumo-ergen/求魔_html345.html
第346章 戰巫！,qiumo-ergen/求魔_html346.html
第347章 勇者！,qiumo-ergen/求魔_html347.html
第348章 獵之面具,qiumo-ergen/求魔_html348.html
第349章 獵者蘇銘！,qiumo-ergen/求魔_html349.html
第350章 一次天嵐矚目的表演！,qiumo-ergen/求魔_html350.html
第351章 關注！(一),qiumo-ergen/求魔_html351.html
第352章 關注！(二),qiumo-ergen/求魔_html352.html
第353章 我是蘇銘！,qiumo-ergen/求魔_html353.html
第354章 祭骨的徵兆！,qiumo-ergen/求魔_html354.html
第355章 碎片起幽！,qiumo-ergen/求魔_html355.html
第356章 天生異變！,qiumo-ergen/求魔_html356.html
第357章 茹爲風蠻！,qiumo-ergen/求魔_html357.html
第358章 祭骨！,qiumo-ergen/求魔_html358.html
第359章 那一千條血線！,qiumo-ergen/求魔_html359.html
第360章 氣化液！,qiumo-ergen/求魔_html360.html
第361章 蠻神之力！,qiumo-ergen/求魔_html361.html
第362章 離開戰場！,qiumo-ergen/求魔_html362.html
第363章 追殺！,qiumo-ergen/求魔_html363.html
第364章 蠻魂殺機！,qiumo-ergen/求魔_html364.html
第365章 蠻神之力！,qiumo-ergen/求魔_html365.html
第366章 糾結！,qiumo-ergen/求魔_html366.html
第367章 走不成啊！,qiumo-ergen/求魔_html367.html
第368章 海秋,qiumo-ergen/求魔_html368.html
第369章 巫族血,qiumo-ergen/求魔_html369.html
第370章 九黎巫族,qiumo-ergen/求魔_html370.html
第371章 那秋魚的女子,qiumo-ergen/求魔_html371.html
第372章 逼迫！,qiumo-ergen/求魔_html372.html
第373章 一隻紙鶴！,qiumo-ergen/求魔_html373.html
第374章 奇脈之山,qiumo-ergen/求魔_html374.html
第375章 開山立府！,qiumo-ergen/求魔_html375.html
第376章 自家門前,qiumo-ergen/求魔_html376.html
第377章 啥子聲？,qiumo-ergen/求魔_html377.html
第378章 此山兒……,qiumo-ergen/求魔_html378.html
第379章 九嬰南皇通形殺！,qiumo-ergen/求魔_html379.html
第380章 第六頭！,qiumo-ergen/求魔_html380.html
第381章 姬夫人！,qiumo-ergen/求魔_html381.html
第382章 黑鶴部,qiumo-ergen/求魔_html382.html
第383章 攝魂之聲！,qiumo-ergen/求魔_html383.html
第384章 初子哥哥,qiumo-ergen/求魔_html384.html
第385章 姬夫人的夫君,qiumo-ergen/求魔_html385.html
第386章 姬雲海,qiumo-ergen/求魔_html386.html
第387章 詛咒之術！,qiumo-ergen/求魔_html387.html
第388章 詛咒的猜測,qiumo-ergen/求魔_html388.html
第389章 你說我惡毒？,qiumo-ergen/求魔_html389.html
第390章 姬夫人亡！,qiumo-ergen/求魔_html390.html
第391章 爆發,qiumo-ergen/求魔_html391.html
第392章 我喜歡紅色,qiumo-ergen/求魔_html392.html
第393章 紅羅老祖,qiumo-ergen/求魔_html393.html
第394章 強大！,qiumo-ergen/求魔_html394.html
第395章 我爲她來！,qiumo-ergen/求魔_html395.html
第396章 他是宿命！,qiumo-ergen/求魔_html396.html
第397章 藏龍道,qiumo-ergen/求魔_html397.html
第398章 天之長戟！,qiumo-ergen/求魔_html398.html
第399章 蠻族聖器！,qiumo-ergen/求魔_html399.html
第400章 帝天！,qiumo-ergen/求魔_html400.html
第401章 戰帝天！,qiumo-ergen/求魔_html401.html
第402章 龔行天罰,qiumo-ergen/求魔_html402.html
第403章 大地龍脈！,qiumo-ergen/求魔_html403.html
第404章 不做仙！,qiumo-ergen/求魔_html404.html
第405章 哥哥,qiumo-ergen/求魔_html405.html
第406章 虛無之門,qiumo-ergen/求魔_html406.html
第407章 白日飛昇！,qiumo-ergen/求魔_html407.html
第408章 死海冰川,qiumo-ergen/求魔_html408.html
第409章 傳送門,qiumo-ergen/求魔_html409.html
第410章 煉傀,qiumo-ergen/求魔_html410.html
第411章 毒屍與分身,qiumo-ergen/求魔_html411.html
第412章 黑鶴,qiumo-ergen/求魔_html412.html
第413章 小雞……,qiumo-ergen/求魔_html413.html
第414章 融晶！,qiumo-ergen/求魔_html414.html
第415章 離風三式！,qiumo-ergen/求魔_html415.html
第416章 三頭玄龜！,qiumo-ergen/求魔_html416.html
第417章 搶寶！,qiumo-ergen/求魔_html417.html
第418章 九陰界！,qiumo-ergen/求魔_html418.html
第419章 是它！！,qiumo-ergen/求魔_html419.html
第420章 少男少女,qiumo-ergen/求魔_html420.html
第421章 九陰界！,qiumo-ergen/求魔_html421.html
第422章 樹林,qiumo-ergen/求魔_html422.html
第423章 故人,qiumo-ergen/求魔_html423.html
第424章 賭寶大會,qiumo-ergen/求魔_html424.html
第425章 巫城,qiumo-ergen/求魔_html425.html
第426章 我懂他的,qiumo-ergen/求魔_html426.html
第427章 寒起,qiumo-ergen/求魔_html427.html
第428章 一句誤會，不夠！,qiumo-ergen/求魔_html428.html
第429章 億魂噬天！,qiumo-ergen/求魔_html429.html
第430章 一棒之威！,qiumo-ergen/求魔_html430.html
第431章 初戰後巫,qiumo-ergen/求魔_html431.html
第432章 七術神通！,qiumo-ergen/求魔_html432.html
第433章 退也是進！,qiumo-ergen/求魔_html433.html
第434章 邪靈骸骨,qiumo-ergen/求魔_html434.html
第435章 陰靈,qiumo-ergen/求魔_html435.html
第436章 暗陰戰將！,qiumo-ergen/求魔_html436.html
第437章 老傢伙！,qiumo-ergen/求魔_html437.html
第438章 有眼光！,qiumo-ergen/求魔_html438.html
第439章 赤石,qiumo-ergen/求魔_html439.html
第440章 賣東西！,qiumo-ergen/求魔_html440.html
第441章 蘇銘的震動,qiumo-ergen/求魔_html441.html
第442章 龍葉,qiumo-ergen/求魔_html442.html
第443章 一摸一樣！,qiumo-ergen/求魔_html443.html
第444章 九聖界？,qiumo-ergen/求魔_html444.html
第445章 賭寶大會！,qiumo-ergen/求魔_html445.html
第446章 異芒,qiumo-ergen/求魔_html446.html
第447章 陰影,qiumo-ergen/求魔_html447.html
第448章 六九七！,qiumo-ergen/求魔_html448.html
第449章 鬼靈花！,qiumo-ergen/求魔_html449.html
第450章 不知現在，你開價多少？,qiumo-ergen/求魔_html450.html
第451452453章 封神起,qiumo-ergen/求魔_html451.html
第454章 陰靈現！,qiumo-ergen/求魔_html452.html
第455章 戰！,qiumo-ergen/求魔_html453.html
第456章 無與倫比！,qiumo-ergen/求魔_html454.html
第457章 魯莽？,qiumo-ergen/求魔_html455.html
第458章 離去！,qiumo-ergen/求魔_html456.html
第459章 埋骨之地,qiumo-ergen/求魔_html457.html
第460章 燭九陰之屍！,qiumo-ergen/求魔_html458.html
第461章 燭陰一脈,qiumo-ergen/求魔_html459.html
第462章 完成承諾,qiumo-ergen/求魔_html460.html
第463章 獨闖！,qiumo-ergen/求魔_html461.html
第464章 無邊無際,qiumo-ergen/求魔_html462.html
第465章 六、七！,qiumo-ergen/求魔_html463.html
第466章 一句話！,qiumo-ergen/求魔_html464.html
第467章 九陰九嬰！,qiumo-ergen/求魔_html465.html
第468章 天與地，冰與火,qiumo-ergen/求魔_html466.html
第469章 第十月！,qiumo-ergen/求魔_html467.html
第470章 不死不滅界,qiumo-ergen/求魔_html468.html
第471章 甦醒,qiumo-ergen/求魔_html469.html
第472章 一按，一抓！,qiumo-ergen/求魔_html470.html
第473章 沉淪,qiumo-ergen/求魔_html471.html
第474章 一樣麼？,qiumo-ergen/求魔_html472.html
第475章 不吞,qiumo-ergen/求魔_html473.html
第476章 不滅魂！,qiumo-ergen/求魔_html474.html
第477章 宿命！！！,qiumo-ergen/求魔_html475.html
第478章 不死不滅……開！,qiumo-ergen/求魔_html476.html
第479章 此如人生,qiumo-ergen/求魔_html477.html
第480章 燭九陰的祝福！,qiumo-ergen/求魔_html478.html
第481章 祝福、詛咒？,qiumo-ergen/求魔_html479.html
第482章 衆生因何而修？因何而強？,qiumo-ergen/求魔_html480.html
第483章 走出！,qiumo-ergen/求魔_html481.html
第484章 陣法！,qiumo-ergen/求魔_html482.html
第485章 命族(上),qiumo-ergen/求魔_html483.html
第486章 命族(下),qiumo-ergen/求魔_html484.html
第487章 我也是外族！,qiumo-ergen/求魔_html485.html
第488章 墨蘇！,qiumo-ergen/求魔_html486.html
第489章 煞弓！,qiumo-ergen/求魔_html487.html
第490章 拜月？,qiumo-ergen/求魔_html488.html
第491章 萬黎山！,qiumo-ergen/求魔_html489.html
第492章 歡迎你回來！,qiumo-ergen/求魔_html490.html
第493章 十五年前,qiumo-ergen/求魔_html491.html
第494章 赤龍的線索,qiumo-ergen/求魔_html492.html
第495章 收毒屍！,qiumo-ergen/求魔_html493.html
第496章 闖陰靈！,qiumo-ergen/求魔_html494.html
第497章 仄隆申,qiumo-ergen/求魔_html495.html
第498章 蠻神，烈山修！,qiumo-ergen/求魔_html496.html
第499章 你爲何也在這裡,qiumo-ergen/求魔_html497.html
第500章 界靈初,qiumo-ergen/求魔_html498.html
第501章 只屬於你的宿女,qiumo-ergen/求魔_html499.html
第502章 修命之路！,qiumo-ergen/求魔_html500.html
第503章 鏡子的世界,qiumo-ergen/求魔_html501.html
第504章 界靈之醒！,qiumo-ergen/求魔_html502.html
第505章 缺口！,qiumo-ergen/求魔_html503.html
第506章 右側！,qiumo-ergen/求魔_html504.html
第507章 嬰兒與那一眼！,qiumo-ergen/求魔_html505.html
第508章 歸來,qiumo-ergen/求魔_html506.html
第509章 死海蔓延,qiumo-ergen/求魔_html507.html
第510章 七彩……,qiumo-ergen/求魔_html508.html
第511章 撞擊！,qiumo-ergen/求魔_html509.html
第512章 南晨浩劫！！,qiumo-ergen/求魔_html510.html
第513章 十五年的等待,qiumo-ergen/求魔_html511.html
第514章 葬邪甲！,qiumo-ergen/求魔_html512.html
第515章 黑色小人,qiumo-ergen/求魔_html513.html
第516章 大虞天宮！,qiumo-ergen/求魔_html514.html
第517章 祭壇上的老者,qiumo-ergen/求魔_html515.html
第518章 外界,qiumo-ergen/求魔_html516.html
第519章 命族！,qiumo-ergen/求魔_html517.html
第520章 命族的榮耀！,qiumo-ergen/求魔_html518.html
第521章 那一聲師侄……,qiumo-ergen/求魔_html519.html
第522章 侍妾,qiumo-ergen/求魔_html520.html
第523章 南澤島,qiumo-ergen/求魔_html521.html
第524章 那是假的……,qiumo-ergen/求魔_html522.html
第525章 方滄蘭！,qiumo-ergen/求魔_html523.html
第526章 她說不願,qiumo-ergen/求魔_html524.html
第527章 不講道理,qiumo-ergen/求魔_html525.html
第528章 做一事,qiumo-ergen/求魔_html526.html
第529章 大師兄的去向！,qiumo-ergen/求魔_html527.html
第530章 阿公，你……是誰？,qiumo-ergen/求魔_html528.html
第531章 何惜一命逆滄桑！,qiumo-ergen/求魔_html529.html
第532章 滅島！(一),qiumo-ergen/求魔_html530.html
第533章 滅島！(二),qiumo-ergen/求魔_html531.html
第534章 滅島！(三),qiumo-ergen/求魔_html532.html
第535章 滅島！(四),qiumo-ergen/求魔_html533.html
第536章 摩羅的誤會,qiumo-ergen/求魔_html534.html
第537章 最強的一槍！,qiumo-ergen/求魔_html535.html
第538章 蘇銘！,qiumo-ergen/求魔_html536.html
第539章 是誰打擾老夫修行！,qiumo-ergen/求魔_html537.html
第540章 怎麼會這樣,qiumo-ergen/求魔_html538.html
第541章 離去！,qiumo-ergen/求魔_html539.html
第542章 南晨三大島,qiumo-ergen/求魔_html540.html
第543章 第九峰！,qiumo-ergen/求魔_html541.html
第544章 虎子，不哭！,qiumo-ergen/求魔_html542.html
第545章 海底下的家……,qiumo-ergen/求魔_html543.html
第546章 寒天門！,qiumo-ergen/求魔_html544.html
第547章 一家？,qiumo-ergen/求魔_html545.html
第548章 不共戴天,qiumo-ergen/求魔_html546.html
第549章 發財了！,qiumo-ergen/求魔_html547.html
第550章 塔牧部,qiumo-ergen/求魔_html548.html
第551章 二代蠻神左手！,qiumo-ergen/求魔_html549.html
第552章 什麼是命！,qiumo-ergen/求魔_html550.html
第553章 和風！,qiumo-ergen/求魔_html551.html
第554章 自由！,qiumo-ergen/求魔_html552.html
第555章 司馬信！,qiumo-ergen/求魔_html553.html
第556章 賭注！,qiumo-ergen/求魔_html554.html
第557章 交鋒！,qiumo-ergen/求魔_html555.html
第558章 不同的傲！,qiumo-ergen/求魔_html556.html
第559章 此扇，歸我了!,qiumo-ergen/求魔_html557.html
第560章 少女！,qiumo-ergen/求魔_html558.html
第561章 蠻神左手！,qiumo-ergen/求魔_html559.html
第562章 司馬之變！,qiumo-ergen/求魔_html560.html
第563章 戰！,qiumo-ergen/求魔_html561.html
第564章 奪刀！,qiumo-ergen/求魔_html562.html
第565章 納神！,qiumo-ergen/求魔_html563.html
第566章 不同的傳承！,qiumo-ergen/求魔_html564.html
第567章 司馬之亡！,qiumo-ergen/求魔_html565.html
第568章 造化,qiumo-ergen/求魔_html566.html
第569章 溫暖,qiumo-ergen/求魔_html567.html
第570章 契機！,qiumo-ergen/求魔_html568.html
第571章 大圓滿！,qiumo-ergen/求魔_html569.html
第572章 天河落石之命,qiumo-ergen/求魔_html570.html
第573章 命！,qiumo-ergen/求魔_html571.html
第574章 敵臨！,qiumo-ergen/求魔_html572.html
第575章 仙族天驕！,qiumo-ergen/求魔_html573.html
第576章 北陵！,qiumo-ergen/求魔_html574.html
第577章 甦醒！,qiumo-ergen/求魔_html575.html
第578章 山陵的陵！,qiumo-ergen/求魔_html576.html
第579章 答案是假的……,qiumo-ergen/求魔_html577.html
第580章 篡命！,qiumo-ergen/求魔_html578.html
第581章 煙火,qiumo-ergen/求魔_html579.html
第582章 拉蘇哥哥……,qiumo-ergen/求魔_html580.html
第583章 帝天降臨！,qiumo-ergen/求魔_html581.html
第584章 夢裡可知身是客,qiumo-ergen/求魔_html582.html
第585章 天上，人間！,qiumo-ergen/求魔_html583.html
第586章 曲終人散,qiumo-ergen/求魔_html584.html
第587章 伏殺！,qiumo-ergen/求魔_html585.html
第588章 帝天分身！,qiumo-ergen/求魔_html586.html
第589章 慘烈！,qiumo-ergen/求魔_html587.html
第590章 第九道大禮！,qiumo-ergen/求魔_html588.html
第591章 艱難！,qiumo-ergen/求魔_html589.html
第592章 強大！,qiumo-ergen/求魔_html590.html
第593章 冥劍！,qiumo-ergen/求魔_html591.html
第594章 貴人！,qiumo-ergen/求魔_html592.html
第595章 宿命天罰！,qiumo-ergen/求魔_html593.html
第596章 小丑兒,qiumo-ergen/求魔_html594.html
第597章 玩偶,qiumo-ergen/求魔_html595.html
第598章 七天,qiumo-ergen/求魔_html596.html
第599章 草結記事,qiumo-ergen/求魔_html597.html
第600章 離別,qiumo-ergen/求魔_html598.html
第601章 邪宗！,qiumo-ergen/求魔_html599.html
第602章 外宗,qiumo-ergen/求魔_html600.html
第603章 趙長老,qiumo-ergen/求魔_html601.html
第604章 療傷,qiumo-ergen/求魔_html602.html
第605章 獠牙,qiumo-ergen/求魔_html603.html
第606章 前輩饒命！,qiumo-ergen/求魔_html604.html
第607章 邪鬼萬魂道,qiumo-ergen/求魔_html605.html
第608章 調查,qiumo-ergen/求魔_html606.html
第609章 陳師弟，你要去哪？,qiumo-ergen/求魔_html607.html
第610章 錢辰,qiumo-ergen/求魔_html608.html
第611章 髮結！,qiumo-ergen/求魔_html609.html
第612章 錢辰的憤怒,qiumo-ergen/求魔_html610.html
第613章 短暫與美好,qiumo-ergen/求魔_html611.html
第614章 懲治,qiumo-ergen/求魔_html612.html
第615章 十一結！,qiumo-ergen/求魔_html613.html
第616章 見面,qiumo-ergen/求魔_html614.html
第617章 蠻劫！,qiumo-ergen/求魔_html615.html
第618章 劫臨！,qiumo-ergen/求魔_html616.html
第619章 山河、黃沙！,qiumo-ergen/求魔_html617.html
第620章 渡劫！,qiumo-ergen/求魔_html618.html
第621章 獲印！,qiumo-ergen/求魔_html619.html
第622章 狠辣！,qiumo-ergen/求魔_html620.html
第623章 自信,qiumo-ergen/求魔_html621.html
第624章 千水谷,qiumo-ergen/求魔_html622.html
第625章 血祭,qiumo-ergen/求魔_html623.html
第626章 掃蕩,qiumo-ergen/求魔_html624.html
第627章 皓陽石！,qiumo-ergen/求魔_html625.html
第628章 三步殺！,qiumo-ergen/求魔_html626.html
第629章 強者的尊重！,qiumo-ergen/求魔_html627.html
第630章 悟,qiumo-ergen/求魔_html628.html
第631章 惺,qiumo-ergen/求魔_html629.html
第632章 被賣掉……,qiumo-ergen/求魔_html630.html
第633章 來自冥皇真界的期待！,qiumo-ergen/求魔_html631.html
第634章 八符門！,qiumo-ergen/求魔_html632.html
第635章 逆轉四季死生路！,qiumo-ergen/求魔_html633.html
第636章 皓陽之懸,qiumo-ergen/求魔_html634.html
第637章 門前弄斧！,qiumo-ergen/求魔_html635.html
第638章 強勢！,qiumo-ergen/求魔_html636.html
第639章 撲火的飛蛾！,qiumo-ergen/求魔_html637.html
第640章 小小皓陽石！！,qiumo-ergen/求魔_html638.html
第641章 大圓滿！！,qiumo-ergen/求魔_html639.html
第642章 魂在人間！,qiumo-ergen/求魔_html640.html
第643章 邪與仙,qiumo-ergen/求魔_html641.html
第644章 此戰，絕無敗！,qiumo-ergen/求魔_html642.html
第645章 三皇五帝！,qiumo-ergen/求魔_html643.html
第646章 仙族降臨之地！,qiumo-ergen/求魔_html644.html
第647章 宸衝、烏拉！,qiumo-ergen/求魔_html645.html
第648章 司空、畢圖！,qiumo-ergen/求魔_html646.html
第649章 開戰！！,qiumo-ergen/求魔_html647.html
第650章 陰！,qiumo-ergen/求魔_html648.html
第651章 不要惹我！,qiumo-ergen/求魔_html649.html
第652章 大葉仙宗之人！,qiumo-ergen/求魔_html650.html
第653章 大師兄的痕跡！,qiumo-ergen/求魔_html651.html
第654章 巧合麼,qiumo-ergen/求魔_html652.html
第655章 挑撥！,qiumo-ergen/求魔_html653.html
第656章 喝止！,qiumo-ergen/求魔_html654.html
第657章 紫袍……帝天！,qiumo-ergen/求魔_html655.html
第658章 陷阱又何妨！,qiumo-ergen/求魔_html656.html
第659章 青冥印開！,qiumo-ergen/求魔_html657.html
第660章 草結之偶！,qiumo-ergen/求魔_html658.html
第661章 我詛咒……,qiumo-ergen/求魔_html659.html
第662章 詛咒之應！,qiumo-ergen/求魔_html660.html
第663章 蠻族的氣運！,qiumo-ergen/求魔_html661.html
第664章 蠻族的傳說！,qiumo-ergen/求魔_html662.html
第665章 這一天！,qiumo-ergen/求魔_html663.html
第666章 初臨蠻魂！,qiumo-ergen/求魔_html664.html
第667章 蠻魂之力！,qiumo-ergen/求魔_html665.html
第668章 將開！,qiumo-ergen/求魔_html666.html
第669章 蠻魂中期！,qiumo-ergen/求魔_html667.html
第670章 蠻神誓歌！,qiumo-ergen/求魔_html668.html
第671章 汲黯出手！,qiumo-ergen/求魔_html669.html
第672章 吞天！,qiumo-ergen/求魔_html670.html
第673章 棺中人！！,qiumo-ergen/求魔_html671.html
第674章 悲痛！,qiumo-ergen/求魔_html672.html
第675章 來自皇宮的雕像,qiumo-ergen/求魔_html673.html
第676章 蠻魂後期！,qiumo-ergen/求魔_html674.html
第677章 這一戰！,qiumo-ergen/求魔_html675.html
第678章 巫殉！,qiumo-ergen/求魔_html676.html
第679章 仙族降臨！,qiumo-ergen/求魔_html677.html
第680章 詛追！,qiumo-ergen/求魔_html678.html
第681章 蠻魂大圓滿！,qiumo-ergen/求魔_html679.html
第682章 第三十七次！,qiumo-ergen/求魔_html680.html
第683章 蠻族到來,qiumo-ergen/求魔_html681.html
第684章 浩陽、陰死,qiumo-ergen/求魔_html682.html
第685章 與爾共死！,qiumo-ergen/求魔_html683.html
第686章 阿公！,qiumo-ergen/求魔_html684.html
第687章 一個點！,qiumo-ergen/求魔_html685.html
第688章 甲子,qiumo-ergen/求魔_html686.html
第689章 此後命修！,qiumo-ergen/求魔_html687.html
第690章 那個點,qiumo-ergen/求魔_html688.html
第691章 崛起！,qiumo-ergen/求魔_html689.html
第692章 踏命修！,qiumo-ergen/求魔_html690.html
第693章 大虞，現！！,qiumo-ergen/求魔_html691.html
第694章 蠻族進階！,qiumo-ergen/求魔_html692.html
第695章 意魂離體！,qiumo-ergen/求魔_html693.html
第696章 肉身！,qiumo-ergen/求魔_html694.html
第697章 與記憶之別！,qiumo-ergen/求魔_html695.html
第698章 仙族最後的手段！,qiumo-ergen/求魔_html696.html
第699章 劫，主殺之劍！,qiumo-ergen/求魔_html697.html
第700章 該死的……,qiumo-ergen/求魔_html698.html
第701章 追殺！,qiumo-ergen/求魔_html699.html
第702章 吞了你！,qiumo-ergen/求魔_html700.html
第703章 東荒塔！,qiumo-ergen/求魔_html701.html
第704章 肥羊來了,qiumo-ergen/求魔_html702.html
第705章 修行之路,qiumo-ergen/求魔_html703.html
第706章 東荒塔第八層,qiumo-ergen/求魔_html704.html
第707章 塔光東荒,qiumo-ergen/求魔_html705.html
第708章 我的秋天！,qiumo-ergen/求魔_html706.html
第709章 冥之覺醒！,qiumo-ergen/求魔_html707.html
第710章 出塔！,qiumo-ergen/求魔_html708.html
第711章 滅宗！,qiumo-ergen/求魔_html709.html
第712章 一鍋香肉……,qiumo-ergen/求魔_html710.html
第713章 總有犧牲，總有貪生,qiumo-ergen/求魔_html711.html
第714章 一個不留,qiumo-ergen/求魔_html712.html
第715章 大葉劍陣,qiumo-ergen/求魔_html713.html
第716章 握在手中的劍,qiumo-ergen/求魔_html714.html
第717章 偏執的兩個極端,qiumo-ergen/求魔_html715.html
第718章 久違的微笑,qiumo-ergen/求魔_html716.html
第719章 抓癢癢,qiumo-ergen/求魔_html717.html
第720章 命運的相見,qiumo-ergen/求魔_html718.html
第721章 婚事……,qiumo-ergen/求魔_html719.html
第722章 道破來歷,qiumo-ergen/求魔_html720.html
第723章 雨萱，給我一根頭髮好麼,qiumo-ergen/求魔_html721.html
第724章 再臨南澤,qiumo-ergen/求魔_html722.html
第725章 二師兄與子煙,qiumo-ergen/求魔_html723.html
第726章 是誰的？,qiumo-ergen/求魔_html724.html
第727章 小師弟，你真要看？,qiumo-ergen/求魔_html725.html
第728章 道晨宗！,qiumo-ergen/求魔_html726.html
第729章 二師兄與虎子的來歷,qiumo-ergen/求魔_html727.html
第730章 九黎之血,qiumo-ergen/求魔_html728.html
第731章 巫神島,qiumo-ergen/求魔_html729.html
第732章 記得蘇某麼,qiumo-ergen/求魔_html730.html
第733章 九死之命,qiumo-ergen/求魔_html731.html
第734章 點命,qiumo-ergen/求魔_html732.html
第735章 海東,qiumo-ergen/求魔_html733.html
第736章 護法,qiumo-ergen/求魔_html734.html
第737章 快樂的微笑,qiumo-ergen/求魔_html735.html
第738章 敵臨！,qiumo-ergen/求魔_html736.html
第739章 出手！,qiumo-ergen/求魔_html737.html
第740章 逼迫！,qiumo-ergen/求魔_html738.html
第741章 滅十九！,qiumo-ergen/求魔_html739.html
第742章 星辰聖袍！,qiumo-ergen/求魔_html740.html
第743章 慘烈！,qiumo-ergen/求魔_html741.html
第744章 三道封印！,qiumo-ergen/求魔_html742.html
第745章 忘憂草,qiumo-ergen/求魔_html743.html
第746章 秋意,qiumo-ergen/求魔_html744.html
第747章 陰死之子！,qiumo-ergen/求魔_html745.html
第748章 道原之死！,qiumo-ergen/求魔_html746.html
第749章 人生若只如初見,qiumo-ergen/求魔_html747.html
第750章 神源廢地,qiumo-ergen/求魔_html748.html
第751章 祭祀,qiumo-ergen/求魔_html749.html
第752章 血肉身軀！,qiumo-ergen/求魔_html750.html
第753章 火赤星,qiumo-ergen/求魔_html751.html
第754章 會吃人？,qiumo-ergen/求魔_html752.html
第755章 異族重犯！,qiumo-ergen/求魔_html753.html
第756章 來犯！,qiumo-ergen/求魔_html754.html
第757章 破印而出！,qiumo-ergen/求魔_html755.html
第758章 赤火侯！,qiumo-ergen/求魔_html756.html
第759章 鶴爺爺有賞,qiumo-ergen/求魔_html757.html
第760章 立足火赤！,qiumo-ergen/求魔_html758.html
第761章 亮劍,qiumo-ergen/求魔_html759.html
第762章 狠辣,qiumo-ergen/求魔_html760.html
第763章 一生一世！,qiumo-ergen/求魔_html761.html
第764章 一星、一月、一陽,qiumo-ergen/求魔_html762.html
第765章 第三次心變之初,qiumo-ergen/求魔_html763.html
第766章 機會！,qiumo-ergen/求魔_html764.html
第767章 火赤星之變！,qiumo-ergen/求魔_html765.html
第768章 封神毒蜂,qiumo-ergen/求魔_html766.html
第769章 肉絲,qiumo-ergen/求魔_html767.html
第770章 一劫三羅六道封,qiumo-ergen/求魔_html768.html
第771章 來自異族的感應,qiumo-ergen/求魔_html769.html
第772章 小麻煩,qiumo-ergen/求魔_html770.html
第773章 震懾,qiumo-ergen/求魔_html771.html
第774章 京南子,qiumo-ergen/求魔_html772.html
第775章 撿到葫蘆,qiumo-ergen/求魔_html773.html
第776章 寶葫蘆,qiumo-ergen/求魔_html774.html
第777章 請寶葫蘆殺人,qiumo-ergen/求魔_html775.html
第778章 界石,qiumo-ergen/求魔_html776.html
第779章 京南子降臨,qiumo-ergen/求魔_html777.html
第780章 計殺,qiumo-ergen/求魔_html778.html
第781章 滅分身,qiumo-ergen/求魔_html779.html
第782章 第五冥約,qiumo-ergen/求魔_html780.html
第783章 幻威,qiumo-ergen/求魔_html781.html
第784章 神源印念,qiumo-ergen/求魔_html782.html
第785章 拖延,qiumo-ergen/求魔_html783.html
第786章 霸氣禿毛,qiumo-ergen/求魔_html784.html
第787章 京南子，亡,qiumo-ergen/求魔_html785.html
第788章 離開火赤星,qiumo-ergen/求魔_html786.html
第789章 百年,qiumo-ergen/求魔_html787.html
第790章 都給你……,qiumo-ergen/求魔_html788.html
第791章 認血珠,qiumo-ergen/求魔_html789.html
第792章 一戰！,qiumo-ergen/求魔_html790.html
第793章 西環追殺,qiumo-ergen/求魔_html791.html
第794章 天寶星,qiumo-ergen/求魔_html792.html
第795章 殺你者墨蘇,qiumo-ergen/求魔_html793.html
第796章 風眼,qiumo-ergen/求魔_html794.html
第797章 滅殺,qiumo-ergen/求魔_html795.html
第798章 我要此戰揚名,qiumo-ergen/求魔_html796.html
第799章 血色之名,qiumo-ergen/求魔_html797.html
第800章 九劍,qiumo-ergen/求魔_html798.html
第801章 地文,qiumo-ergen/求魔_html799.html
第802章 一戰成名,qiumo-ergen/求魔_html800.html
第803章 故人,qiumo-ergen/求魔_html801.html
第804章 鎖神大陣,qiumo-ergen/求魔_html802.html
第805章 破陣,qiumo-ergen/求魔_html803.html
第806章 神空界,qiumo-ergen/求魔_html804.html
第807章 異地,qiumo-ergen/求魔_html805.html
第808章 陣壓,qiumo-ergen/求魔_html806.html
第809章 肉身成尊,qiumo-ergen/求魔_html807.html
第810章 封神陣閉,qiumo-ergen/求魔_html808.html
第811章 趙家老祖,qiumo-ergen/求魔_html809.html
第812章 報復,qiumo-ergen/求魔_html810.html
第813章 衆動,qiumo-ergen/求魔_html811.html
第814章 劫陽之眼,qiumo-ergen/求魔_html812.html
第815章 逼入異地,qiumo-ergen/求魔_html813.html
第816章 異地！,qiumo-ergen/求魔_html814.html
第817章 異地的秘密,qiumo-ergen/求魔_html815.html
第818章 大漢,qiumo-ergen/求魔_html816.html
第819章 殺妻之仇,qiumo-ergen/求魔_html817.html
第820章 五重,qiumo-ergen/求魔_html818.html
第821章 那一年的淚珠,qiumo-ergen/求魔_html819.html
第822章 珍惜,qiumo-ergen/求魔_html820.html
第823章 如此簡單,qiumo-ergen/求魔_html821.html
第824章 渴望最強的執念,qiumo-ergen/求魔_html822.html
第825章 九萬九千丈,qiumo-ergen/求魔_html823.html
第826章 金色修真星,qiumo-ergen/求魔_html824.html
第827章 瘋狂的念頭,qiumo-ergen/求魔_html825.html
第828章 執着,qiumo-ergen/求魔_html826.html
第829章 厄蒼分身(一),qiumo-ergen/求魔_html827.html
第830章 厄蒼分身(二),qiumo-ergen/求魔_html828.html
第831章 厄蒼分身(三),qiumo-ergen/求魔_html829.html
第832章 厄蒼分身(四),qiumo-ergen/求魔_html830.html
第833章 厄蒼分身(五),qiumo-ergen/求魔_html831.html
第834章 厄蒼分身(六),qiumo-ergen/求魔_html832.html
第835章 厄蒼分身(七),qiumo-ergen/求魔_html833.html
第836章 厄蒼分身(八),qiumo-ergen/求魔_html834.html
第837章 厄蒼分身,qiumo-ergen/求魔_html835.html
第838章 重生前的沉睡,qiumo-ergen/求魔_html836.html
第839章 我爲此地蒼穹之主,qiumo-ergen/求魔_html837.html
第840章 極限,qiumo-ergen/求魔_html838.html
第841章 十萬石碑,qiumo-ergen/求魔_html839.html
第842章 石碑之秘,qiumo-ergen/求魔_html840.html
第843章 抹去,qiumo-ergen/求魔_html841.html
第844章 你是什麼東西,qiumo-ergen/求魔_html842.html
第845章 離開異地,qiumo-ergen/求魔_html843.html
第846章 孔環,qiumo-ergen/求魔_html844.html
第847章 青色的羽毛,qiumo-ergen/求魔_html845.html
第848章 無惡不作的鶴,qiumo-ergen/求魔_html846.html
第849章 厄蒼分身，出！,qiumo-ergen/求魔_html847.html
第850章 封空墜落,qiumo-ergen/求魔_html848.html
第851章 你不是他,qiumo-ergen/求魔_html849.html
第852章 厄衆蒼生,qiumo-ergen/求魔_html850.html
第853章 掌緣生滅,qiumo-ergen/求魔_html851.html
第854章 不可言,qiumo-ergen/求魔_html852.html
第855章 我需要刺激……,qiumo-ergen/求魔_html853.html
第856章 重回火赤星,qiumo-ergen/求魔_html854.html
第857章 嶽宏邦的主上,qiumo-ergen/求魔_html855.html
第858章 喜怒無常,qiumo-ergen/求魔_html856.html
第859章 是誰？,qiumo-ergen/求魔_html857.html
第860章 小黃,qiumo-ergen/求魔_html858.html
第861章 任何事情,qiumo-ergen/求魔_html859.html
第862章 禿毛鶴的激動,qiumo-ergen/求魔_html860.html
第863章 客卿可好？,qiumo-ergen/求魔_html861.html
第864章 主持公道,qiumo-ergen/求魔_html862.html
第865章 巫族再現,qiumo-ergen/求魔_html863.html
第866章 飛燕的羽毛,qiumo-ergen/求魔_html864.html
第867章 道馗之音,qiumo-ergen/求魔_html865.html
第868章 蝙蝠,qiumo-ergen/求魔_html866.html
第869章 只要信,qiumo-ergen/求魔_html867.html
第870章 日月同輝,qiumo-ergen/求魔_html868.html
第871章 信奉我,qiumo-ergen/求魔_html869.html
第872章 日神像碎,qiumo-ergen/求魔_html870.html
第873章 衆靈隕落的年代,qiumo-ergen/求魔_html871.html
第874章 位界後期,qiumo-ergen/求魔_html872.html
第875章 太平有象,qiumo-ergen/求魔_html873.html
第876章 承諾,qiumo-ergen/求魔_html874.html
第877章 螢火之光！,qiumo-ergen/求魔_html875.html
第878章 恭迎老祖出關！,qiumo-ergen/求魔_html876.html
第879章 牙棒……,qiumo-ergen/求魔_html877.html
第880章 厲鬼秤象,qiumo-ergen/求魔_html878.html
第881章 殘留,qiumo-ergen/求魔_html879.html
第882章 邪惡,qiumo-ergen/求魔_html880.html
第883章 方知烈山,qiumo-ergen/求魔_html881.html
第884章 烈山之思,qiumo-ergen/求魔_html882.html
第885章 拍賣風雲起,qiumo-ergen/求魔_html883.html
第886章 風老,qiumo-ergen/求魔_html884.html
第887章 我要見，烈山修,qiumo-ergen/求魔_html885.html
第888章 風老的開懷,qiumo-ergen/求魔_html886.html
第889章 授業之師,qiumo-ergen/求魔_html887.html
第890章 四代蠻神,qiumo-ergen/求魔_html888.html
第891章 烈山家族的真正實力,qiumo-ergen/求魔_html889.html
第892章 黑墨令,qiumo-ergen/求魔_html890.html
第893章 暗中的王者,qiumo-ergen/求魔_html891.html
第894章 爲了崛起,qiumo-ergen/求魔_html892.html
第895章 我們的蠻族,qiumo-ergen/求魔_html893.html
第896章 一號,qiumo-ergen/求魔_html894.html
第897章 苦澀的背後,qiumo-ergen/求魔_html895.html
第898章 道空,qiumo-ergen/求魔_html896.html
第899章 來臨,qiumo-ergen/求魔_html897.html
第900章 鶴黑雙煞,qiumo-ergen/求魔_html898.html
第901章 故人,qiumo-ergen/求魔_html899.html
第902章 改變,qiumo-ergen/求魔_html900.html
第903章 準備,qiumo-ergen/求魔_html901.html
第904章 來自道晨之物,qiumo-ergen/求魔_html902.html
第905章 發狂的道空,qiumo-ergen/求魔_html903.html
第906章 奪舍道空,qiumo-ergen/求魔_html904.html
第907章 許慧，我沒事,qiumo-ergen/求魔_html905.html
第908章 修爲分身,qiumo-ergen/求魔_html906.html
第909章 只要九九九……,qiumo-ergen/求魔_html907.html
第910章 厚積薄發,qiumo-ergen/求魔_html908.html
第911章 封神花蜜！,qiumo-ergen/求魔_html909.html
第912章 也是造化，也是毒藥,qiumo-ergen/求魔_html910.html
第913章 爲何要走,qiumo-ergen/求魔_html911.html
第914章 淡藍,qiumo-ergen/求魔_html912.html
第915章 古老的歌謠,qiumo-ergen/求魔_html913.html
第916章 靈朽之丹,qiumo-ergen/求魔_html914.html
第917章 啼濤丹,qiumo-ergen/求魔_html915.html
第918章 歸來,qiumo-ergen/求魔_html916.html
第919章 勢令山崩！,qiumo-ergen/求魔_html917.html
第920章 要麼拜，要麼亡,qiumo-ergen/求魔_html918.html
第921章 挖坑……,qiumo-ergen/求魔_html919.html
第922章 巨人上的那個身影！,qiumo-ergen/求魔_html920.html
第923章 你的大巫公是誰！,qiumo-ergen/求魔_html921.html
第924章 更精純,qiumo-ergen/求魔_html922.html
第925章 謝謝,qiumo-ergen/求魔_html923.html
第926章 模糊……,qiumo-ergen/求魔_html924.html
第927章 沙靈惡,qiumo-ergen/求魔_html925.html
第928章 沙土族,qiumo-ergen/求魔_html926.html
第929章 名義上的男人！,qiumo-ergen/求魔_html927.html
第930章 蠻神之掌,qiumo-ergen/求魔_html928.html
第931章 是誰……在召喚吾,qiumo-ergen/求魔_html929.html
第932章 歲運圳常林,qiumo-ergen/求魔_html930.html
第933章 一首歌謠的時間,qiumo-ergen/求魔_html931.html
第934章 第五烘爐,qiumo-ergen/求魔_html932.html
第935章 常識,qiumo-ergen/求魔_html933.html
第936章 沉淪黑暗的花朵,qiumo-ergen/求魔_html934.html
第937章 聞人族,qiumo-ergen/求魔_html935.html
第938章 邪眼,qiumo-ergen/求魔_html936.html
第939章 你的命！,qiumo-ergen/求魔_html937.html
第940章 被風吹起的青絲,qiumo-ergen/求魔_html938.html
第941章 誰起的執念……,qiumo-ergen/求魔_html939.html
第942章 遲了千百年的嘆息,qiumo-ergen/求魔_html940.html
第943章 道晨之變,qiumo-ergen/求魔_html941.html
第944章 有得有失,qiumo-ergen/求魔_html942.html
第945章 你已是我師弟,qiumo-ergen/求魔_html943.html
第946章 途中,qiumo-ergen/求魔_html944.html
第947章 他們……,qiumo-ergen/求魔_html945.html
第948章 橫天族,qiumo-ergen/求魔_html946.html
第949章 踏外天,qiumo-ergen/求魔_html947.html
第950章 詛咒星辰,qiumo-ergen/求魔_html948.html
第951章 四人,qiumo-ergen/求魔_html949.html
第952章 滅生之路,qiumo-ergen/求魔_html950.html
第953章 淡夏之初,qiumo-ergen/求魔_html951.html
第954章 來臨,qiumo-ergen/求魔_html952.html
第955章 一根釵子與撥浪鼓,qiumo-ergen/求魔_html953.html
第956章 斬緣！,qiumo-ergen/求魔_html954.html
第957章 我要戰！,qiumo-ergen/求魔_html955.html
第958章 它幹了,qiumo-ergen/求魔_html956.html
第959章 引怪……,qiumo-ergen/求魔_html957.html
第960章 崇拜,qiumo-ergen/求魔_html958.html
第961章 風騷的它,qiumo-ergen/求魔_html959.html
第962章 你的道是什麼,qiumo-ergen/求魔_html960.html
第963章 你的主子，叫做雨萱,qiumo-ergen/求魔_html961.html
第964章 他們是一夥的……,qiumo-ergen/求魔_html962.html
第965章 蠍女許慧,qiumo-ergen/求魔_html963.html
第966章 怨魏,qiumo-ergen/求魔_html964.html
第967章 三荒大界,qiumo-ergen/求魔_html965.html
第968章 第五烘爐,qiumo-ergen/求魔_html966.html
第969章 主魂,qiumo-ergen/求魔_html967.html
第970章 戲,qiumo-ergen/求魔_html968.html
第971章 塵焚,qiumo-ergen/求魔_html969.html
第972章 焚靈變,qiumo-ergen/求魔_html970.html
第973章 塵焚老祖,qiumo-ergen/求魔_html971.html
第974章 我要去第五真界,qiumo-ergen/求魔_html972.html
第975章 烘爐之主,qiumo-ergen/求魔_html973.html
第976章 他，是塵焚族人麼？,qiumo-ergen/求魔_html974.html
第977章 他……是否隕落,qiumo-ergen/求魔_html975.html
第978章 烘爐開,qiumo-ergen/求魔_html976.html
第979章 紫龍真人,qiumo-ergen/求魔_html977.html
第980章 怨魏！,qiumo-ergen/求魔_html978.html
第981章 老怪齊臨,qiumo-ergen/求魔_html979.html
第982章 進爐,qiumo-ergen/求魔_html980.html
第983章 打賭,qiumo-ergen/求魔_html981.html
第984章 蘇……,qiumo-ergen/求魔_html982.html
第985章 爐內,qiumo-ergen/求魔_html983.html
第986章 分散,qiumo-ergen/求魔_html984.html
第987章 位於天元,qiumo-ergen/求魔_html985.html
第988章 樹之祖,qiumo-ergen/求魔_html986.html
第989章 伺機,qiumo-ergen/求魔_html987.html
第990章 就是現在,qiumo-ergen/求魔_html988.html
第991章 小小樹苗,qiumo-ergen/求魔_html989.html
第992章 他……沒死？,qiumo-ergen/求魔_html990.html
第993章 蘇銘的緊張,qiumo-ergen/求魔_html991.html
第994章 殺機,qiumo-ergen/求魔_html992.html
第995章 禍水東移,qiumo-ergen/求魔_html993.html
第996章 演一場戲,qiumo-ergen/求魔_html994.html
第997章 真戲？假戲？,qiumo-ergen/求魔_html995.html
第998章 掌境巔峰,qiumo-ergen/求魔_html996.html
第999章 古吳驚世,qiumo-ergen/求魔_html997.html
第1000章 我承諾過,qiumo-ergen/求魔_html998.html
第1001章 站到最後,qiumo-ergen/求魔_html999.html
第1002章 一盤棋,qiumo-ergen/求魔_html1000.html
第1003章 那就戰吧！,qiumo-ergen/求魔_html1001.html
第1004章 朱有財,qiumo-ergen/求魔_html1002.html
第1005章 往事槍,qiumo-ergen/求魔_html1003.html
第1006章 此枉非往,qiumo-ergen/求魔_html1004.html
第1007章 此術移山,qiumo-ergen/求魔_html1005.html
第1008章 十二人,qiumo-ergen/求魔_html1006.html
第1009章 死一人,qiumo-ergen/求魔_html1007.html
第1010章 我……不會死！,qiumo-ergen/求魔_html1008.html
第1011章 入地之門！,qiumo-ergen/求魔_html1009.html
第1012章 你的規則,qiumo-ergen/求魔_html1010.html
第1013章 蘇、軒、衣！,qiumo-ergen/求魔_html1011.html
第1014章 第三分身,qiumo-ergen/求魔_html1012.html
第1015章 話地爲牢,qiumo-ergen/求魔_html1013.html
第1016章 七封陣,qiumo-ergen/求魔_html1014.html
第1017章 請寶葫蘆,qiumo-ergen/求魔_html1015.html
第1018章 你怎麼也有……,qiumo-ergen/求魔_html1016.html
第1019章 三、山！,qiumo-ergen/求魔_html1017.html
第1020章 不動天荒,qiumo-ergen/求魔_html1018.html
第1021章 第一次開眼！,qiumo-ergen/求魔_html1019.html
第1022章 三山映月！,qiumo-ergen/求魔_html1020.html
第1023章 禿毛鶴曾經的惡趣……,qiumo-ergen/求魔_html1021.html
第1024章 雲,qiumo-ergen/求魔_html1022.html
第1025章 塑,qiumo-ergen/求魔_html1023.html
第1026章 灰,qiumo-ergen/求魔_html1024.html
第1027章 約定,qiumo-ergen/求魔_html1025.html
第1028章 一年,qiumo-ergen/求魔_html1026.html
第1029章 長河,qiumo-ergen/求魔_html1027.html
第1030章 散,qiumo-ergen/求魔_html1028.html
第1031章 喜怒哀怨,qiumo-ergen/求魔_html1029.html
第1032章 你試試,qiumo-ergen/求魔_html1030.html
第1033章 一摸一樣,qiumo-ergen/求魔_html1031.html
第1034章 一片廢墟,qiumo-ergen/求魔_html1032.html
第1035章 絕之面具！,qiumo-ergen/求魔_html1033.html
第1036章 我要，回家,qiumo-ergen/求魔_html1034.html
第1037章 再入西環,qiumo-ergen/求魔_html1035.html
第1038章 恭迎主上,qiumo-ergen/求魔_html1036.html
第1039章 給我閉嘴,qiumo-ergen/求魔_html1037.html
第1040章 可以不出來,qiumo-ergen/求魔_html1038.html
第1041章 離間,qiumo-ergen/求魔_html1039.html
第1042章 白、黑、灰,qiumo-ergen/求魔_html1040.html
第1042章 入主異地,qiumo-ergen/求魔_html1041.html
第1044章 我的蒼穹,qiumo-ergen/求魔_html1042.html
第1045章 真的要找死？,qiumo-ergen/求魔_html1043.html
第1046章 毀滅一界又何妨！,qiumo-ergen/求魔_html1044.html
第1047章 第三次笑,qiumo-ergen/求魔_html1045.html
第1048章 道空殿下！,qiumo-ergen/求魔_html1046.html
第1049章 第幾殿下？,qiumo-ergen/求魔_html1047.html
第1050章 燭火,qiumo-ergen/求魔_html1048.html
第1051章 孔摩肉身,qiumo-ergen/求魔_html1049.html
第1052章 神源再見！,qiumo-ergen/求魔_html1050.html
第1053章 道晨真界,qiumo-ergen/求魔_html1051.html
第1054章 掛在舟首！,qiumo-ergen/求魔_html1052.html
第1055章 祖父是條狗？,qiumo-ergen/求魔_html1053.html
第1056章 你，算個什麼東西,qiumo-ergen/求魔_html1054.html
第1057章 星空的血光,qiumo-ergen/求魔_html1055.html
第1058章 北姓，故人,qiumo-ergen/求魔_html1056.html
第1059章 好麼？,qiumo-ergen/求魔_html1057.html
第1060章 一滴血液,qiumo-ergen/求魔_html1058.html
第1061章 來自逆聖,qiumo-ergen/求魔_html1059.html
第1062章 沒有滅，哪來生,qiumo-ergen/求魔_html1060.html
第1063章 歸宗,qiumo-ergen/求魔_html1061.html
第1064章 火魁老友,qiumo-ergen/求魔_html1062.html
第1065章 無視,qiumo-ergen/求魔_html1063.html
第1066章 震名九地,qiumo-ergen/求魔_html1064.html
第1067章 不善之意,qiumo-ergen/求魔_html1065.html
第1068章 祖訓！,qiumo-ergen/求魔_html1066.html
第1069章 引撼之初,qiumo-ergen/求魔_html1067.html
第1070章 冊封大典,qiumo-ergen/求魔_html1068.html
第1071章 七百萬的挑戰……,qiumo-ergen/求魔_html1069.html
第1072章 大家好，我叫德順,qiumo-ergen/求魔_html1070.html
第1073章 現在明白了？,qiumo-ergen/求魔_html1071.html
第1074章 現在明白了！,qiumo-ergen/求魔_html1072.html
第1075章 震名之地(一),qiumo-ergen/求魔_html1073.html
第1076章 震名之地(二),qiumo-ergen/求魔_html1074.html
第1077章 震名之地(三),qiumo-ergen/求魔_html1075.html
第1078章 震名之地(四),qiumo-ergen/求魔_html1076.html
第1079章 震名之地(五),qiumo-ergen/求魔_html1077.html
第1080章 震名之地(六),qiumo-ergen/求魔_html1078.html
第1081章 震名之地(七),qiumo-ergen/求魔_html1079.html
第1082章 他的名字，叫做桑,qiumo-ergen/求魔_html1080.html
第1083章 撼臨！,qiumo-ergen/求魔_html1081.html
第1084章 力壓十強,qiumo-ergen/求魔_html1082.html
第1085章 你說就是,qiumo-ergen/求魔_html1083.html
第1086章 傳奇,qiumo-ergen/求魔_html1084.html
第1087章 那個人，是道空殿下！,qiumo-ergen/求魔_html1085.html
第1088章 立威,qiumo-ergen/求魔_html1086.html
第1089章 道海試煉,qiumo-ergen/求魔_html1087.html
第1090章 虎子！！,qiumo-ergen/求魔_html1088.html
第1091章 戰場,qiumo-ergen/求魔_html1089.html
第1092章 我是道海之先,qiumo-ergen/求魔_html1090.html
第1093章 戰黑袍！,qiumo-ergen/求魔_html1091.html
第1094章 古神現,qiumo-ergen/求魔_html1092.html
第1095章 力之強,qiumo-ergen/求魔_html1093.html
第1096章 誰創造了古神！,qiumo-ergen/求魔_html1094.html
第1097章 那一眼……(一),qiumo-ergen/求魔_html1095.html
第1098章 那一眼……(二),qiumo-ergen/求魔_html1096.html
第1099章 那一眼……(三),qiumo-ergen/求魔_html1097.html
第1100章 那一眼(四),qiumo-ergen/求魔_html1098.html
第1101章 那一眼(五),qiumo-ergen/求魔_html1099.html
第1102章 那一眼(六),qiumo-ergen/求魔_html1100.html
第1103章 我的右手！(一),qiumo-ergen/求魔_html1101.html
第1104章 我的右手！(二),qiumo-ergen/求魔_html1102.html
第1105章 我的右手！(三),qiumo-ergen/求魔_html1103.html
第1106章 我的右手！(四),qiumo-ergen/求魔_html1104.html
第1107章 我的右手！(五),qiumo-ergen/求魔_html1105.html
第1108章 我的右手！(六),qiumo-ergen/求魔_html1106.html
第1109章 我的右手！(七),qiumo-ergen/求魔_html1107.html
第1110章 她不適合你,qiumo-ergen/求魔_html1108.html
第1111章 幽冥劫,qiumo-ergen/求魔_html1109.html
第1112章 我允許！,qiumo-ergen/求魔_html1110.html
第1113章 父與子,qiumo-ergen/求魔_html1111.html
第1114章 家與族,qiumo-ergen/求魔_html1112.html
第1115章 雨萱、菲兒,qiumo-ergen/求魔_html1113.html
第1116章 戰堂,qiumo-ergen/求魔_html1114.html
第1117章 我叫野狗,qiumo-ergen/求魔_html1115.html
第1118章 開冥門,qiumo-ergen/求魔_html1116.html
第1119章 飢渴,qiumo-ergen/求魔_html1117.html
第1120章 邪術,qiumo-ergen/求魔_html1118.html
第1121章 直入,qiumo-ergen/求魔_html1119.html
第1122章 真實黑袍,qiumo-ergen/求魔_html1120.html
第1123章 你是掌座第幾指,qiumo-ergen/求魔_html1121.html
第1124章 神,qiumo-ergen/求魔_html1122.html
第1125章 逆聖與三荒,qiumo-ergen/求魔_html1123.html
第1126章 取代計劃,qiumo-ergen/求魔_html1124.html
第1127章 虛無之下蒼穹之上,qiumo-ergen/求魔_html1125.html
第1128章 滅，寄,qiumo-ergen/求魔_html1126.html
第1129章 此術，倒海！,qiumo-ergen/求魔_html1127.html
第1130章 光源！,qiumo-ergen/求魔_html1128.html
第1131章 請君入彀,qiumo-ergen/求魔_html1129.html
第1132章 貪婪,qiumo-ergen/求魔_html1130.html
第1133章 詐！,qiumo-ergen/求魔_html1131.html
第1134章 至於蘇銘……,qiumo-ergen/求魔_html1132.html
第1135章 撥浪鼓,qiumo-ergen/求魔_html1133.html
第1136章 逆聖之寶！,qiumo-ergen/求魔_html1134.html
第1137章 逆變！！,qiumo-ergen/求魔_html1135.html
第1138章 生有何戀……,qiumo-ergen/求魔_html1136.html
第1139章 三荒之缺！,qiumo-ergen/求魔_html1137.html
第1140章 奪舍！,qiumo-ergen/求魔_html1138.html
第1141章 再次奪舍！,qiumo-ergen/求魔_html1139.html
第1142章 道晨宗劫！,qiumo-ergen/求魔_html1140.html
第1143章 塵埃,qiumo-ergen/求魔_html1141.html
第1144章 滅生脫離,qiumo-ergen/求魔_html1142.html
第1145章 紅顏淚,qiumo-ergen/求魔_html1143.html
第1146章 凡煉之術,qiumo-ergen/求魔_html1144.html
第1147章 帝袍的他！,qiumo-ergen/求魔_html1145.html
第1148章 許慧……,qiumo-ergen/求魔_html1146.html
第1149章 老爺爺，這條魚給我好麼,qiumo-ergen/求魔_html1147.html
第1150章 一場輪迴,qiumo-ergen/求魔_html1148.html
第1151章 葉有幾紋……,qiumo-ergen/求魔_html1149.html
第1152章 天有道，道有輪,qiumo-ergen/求魔_html1150.html
第1153章 七息的記憶,qiumo-ergen/求魔_html1151.html
第1154章 看着人生，默數輪迴,qiumo-ergen/求魔_html1152.html
第1155章 十三顆隕石,qiumo-ergen/求魔_html1153.html
第1156章 黃泉之路,qiumo-ergen/求魔_html1154.html
第1157章 一世九人生,qiumo-ergen/求魔_html1155.html
第1158章 文老怪,qiumo-ergen/求魔_html1156.html
第1159章 手指,qiumo-ergen/求魔_html1157.html
第1160章 吞神,qiumo-ergen/求魔_html1158.html
第1161章 逆聖、晨皇、荒神！,qiumo-ergen/求魔_html1159.html
第1162章 掠天換日,qiumo-ergen/求魔_html1160.html
第1163章 分身動,qiumo-ergen/求魔_html1161.html
第1164章 墨！,qiumo-ergen/求魔_html1162.html
第1165章 暗方,qiumo-ergen/求魔_html1163.html
第1166章 師兄……,qiumo-ergen/求魔_html1164.html
第1167章 暗方之幼！,qiumo-ergen/求魔_html1165.html
第1168章 十萬蝗蟲,qiumo-ergen/求魔_html1166.html
第1169章 大師兄！,qiumo-ergen/求魔_html1167.html
第1170章 重逢！,qiumo-ergen/求魔_html1168.html
第1171章 天香滅,qiumo-ergen/求魔_html1169.html
第1172章 知音……,qiumo-ergen/求魔_html1170.html
第1173章 天香陣,qiumo-ergen/求魔_html1171.html
第1174章 重獲噬空,qiumo-ergen/求魔_html1172.html
第1175章 臨摹,qiumo-ergen/求魔_html1173.html
第1176章 天機！,qiumo-ergen/求魔_html1174.html
第1177章 斷三,qiumo-ergen/求魔_html1175.html
第1178章 一個迷！,qiumo-ergen/求魔_html1176.html
第1179章 衆靈殿(一),qiumo-ergen/求魔_html1177.html
第1180章 衆靈殿(二),qiumo-ergen/求魔_html1178.html
第1181章 衆靈殿(三),qiumo-ergen/求魔_html1179.html
第1182章 衆靈殿(四),qiumo-ergen/求魔_html1180.html
第1183章 四年,qiumo-ergen/求魔_html1181.html
第1184章 吾欲生，唯奪生！,qiumo-ergen/求魔_html1182.html
第1185章 生之路,qiumo-ergen/求魔_html1183.html
第1186章 紅霧降臨,qiumo-ergen/求魔_html1184.html
第1187章 天靈部落,qiumo-ergen/求魔_html1185.html
第1188章 四個時代的猜測！,qiumo-ergen/求魔_html1186.html
第1189章 身後的身影,qiumo-ergen/求魔_html1187.html
第1190章 心靈的勝利,qiumo-ergen/求魔_html1188.html
第1191章 三荒三族！,qiumo-ergen/求魔_html1189.html
第1192章 先靈位！,qiumo-ergen/求魔_html1190.html
第1193章 大冥部,qiumo-ergen/求魔_html1191.html
第1194章 我是蠻族蠻神！！,qiumo-ergen/求魔_html1192.html
第1195章 那六個數字！,qiumo-ergen/求魔_html1193.html
第1196章 滅境蠻身！,qiumo-ergen/求魔_html1194.html
第1197章 它來了,qiumo-ergen/求魔_html1195.html
第1198章 魂變,qiumo-ergen/求魔_html1196.html
第1199章 聖女,qiumo-ergen/求魔_html1197.html
第1200章 靈先與荒獸,qiumo-ergen/求魔_html1198.html
第1201章 荒古一造,qiumo-ergen/求魔_html1199.html
第1202章 我的造,qiumo-ergen/求魔_html1200.html
第1203章 蘇銘的心機,qiumo-ergen/求魔_html1201.html
第1204章 遠古天靈部,qiumo-ergen/求魔_html1202.html
第1205章 真相,qiumo-ergen/求魔_html1203.html
第1206章 迴歸道晨,qiumo-ergen/求魔_html1204.html
第1207章 六年,qiumo-ergen/求魔_html1205.html
第1208章 靈先之意,qiumo-ergen/求魔_html1206.html
第1209章 黑色晶石,qiumo-ergen/求魔_html1207.html
第1210章 成全之恩,qiumo-ergen/求魔_html1208.html
第1211章 聖器荒鼎,qiumo-ergen/求魔_html1209.html
第1212章 南盟,qiumo-ergen/求魔_html1210.html
第1213章 螢火之力,qiumo-ergen/求魔_html1211.html
第1214章 七絕化陰陣,qiumo-ergen/求魔_html1212.html
第1215章 五息黯滅！,qiumo-ergen/求魔_html1213.html
第1216章 偉大的奉獻,qiumo-ergen/求魔_html1214.html
第1217章 魂核,qiumo-ergen/求魔_html1215.html
第1218章 滅龍！,qiumo-ergen/求魔_html1216.html
第1219章 古神塔加,qiumo-ergen/求魔_html1217.html
第1220章 古奴,qiumo-ergen/求魔_html1218.html
第1221章 驚退,qiumo-ergen/求魔_html1219.html
第1222章 獠牙！,qiumo-ergen/求魔_html1220.html
第1223章 奪舍道晨(一),qiumo-ergen/求魔_html1221.html
第1224章 奪舍道晨(二),qiumo-ergen/求魔_html1222.html
第1225章 奪舍道晨(三),qiumo-ergen/求魔_html1223.html
第1226章 奪舍道晨(四),qiumo-ergen/求魔_html1224.html
第1227章 奪舍道晨(五),qiumo-ergen/求魔_html1225.html
第1228章 真界分身,qiumo-ergen/求魔_html1226.html
第1229章 你好,qiumo-ergen/求魔_html1227.html
第1230章 絕意劍！,qiumo-ergen/求魔_html1228.html
第1231章 富貴要還鄉,qiumo-ergen/求魔_html1229.html
第1232章 陰死漩渦,qiumo-ergen/求魔_html1230.html
第1233章 蠻妃,qiumo-ergen/求魔_html1231.html
第1234章 故人……,qiumo-ergen/求魔_html1232.html
第1235章 不落之陽！,qiumo-ergen/求魔_html1233.html
第1236章 南澤島,qiumo-ergen/求魔_html1234.html
第1237章 古箏如月映雙影,qiumo-ergen/求魔_html1235.html
第1238章 夢中可曾又一秋,qiumo-ergen/求魔_html1236.html
第1239章 蠻神歸來！,qiumo-ergen/求魔_html1237.html
第1240章 八方來拜,qiumo-ergen/求魔_html1238.html
第1241章 不堪一擊！,qiumo-ergen/求魔_html1239.html
第1242章 封天一劍,qiumo-ergen/求魔_html1240.html
第1243章 法魂與鼎,qiumo-ergen/求魔_html1241.html
第1245章 歸位與族崛！,qiumo-ergen/求魔_html1242.html
第1246章 撲朔迷離！,qiumo-ergen/求魔_html1243.html
第1247章 滅殺白袍！,qiumo-ergen/求魔_html1244.html
第1248章 灰色的蝴蝶！,qiumo-ergen/求魔_html1245.html
第1249章 來自真界的大手！,qiumo-ergen/求魔_html1246.html
第1250章 陰死逆行,qiumo-ergen/求魔_html1247.html
第1251章 你的升先劫……來了,qiumo-ergen/求魔_html1248.html
第1252章 牢牢封印,qiumo-ergen/求魔_html1249.html
第1253章 它……與你有關,qiumo-ergen/求魔_html1250.html
第1254章 這是，我的劫！,qiumo-ergen/求魔_html1251.html
第1255章 五顏臨,qiumo-ergen/求魔_html1252.html
第1256章 第二劫,qiumo-ergen/求魔_html1253.html
第1257章 蠻神碎劫！,qiumo-ergen/求魔_html1254.html
第1258章 未來的方向！,qiumo-ergen/求魔_html1255.html
第1259章 一牛幾毛,qiumo-ergen/求魔_html1256.html
第1260章 三荒本意！,qiumo-ergen/求魔_html1257.html
第1261章 三荒妥協,qiumo-ergen/求魔_html1258.html
第1262章 深處的界！,qiumo-ergen/求魔_html1259.html
第1263章 契機！,qiumo-ergen/求魔_html1260.html
第1264章 我發誓……,qiumo-ergen/求魔_html1261.html
第1265章 錢辰,qiumo-ergen/求魔_html1262.html
第1266章 還有麼？,qiumo-ergen/求魔_html1263.html
第1267章 滅宗!,qiumo-ergen/求魔_html1264.html
第1268章 別無選擇,qiumo-ergen/求魔_html1265.html
第1269章 天靈悼,qiumo-ergen/求魔_html1266.html
第1270章 它……來了！,qiumo-ergen/求魔_html1267.html
第1271章 長大後，我們會變麼？,qiumo-ergen/求魔_html1268.html
第1272章 雷辰！,qiumo-ergen/求魔_html1269.html
第1273章 宿命之戰！,qiumo-ergen/求魔_html1270.html
第1274章 悼亡族,qiumo-ergen/求魔_html1271.html
第1275章 流放……,qiumo-ergen/求魔_html1272.html
第1276章 破繭成蝶前！,qiumo-ergen/求魔_html1273.html
第1277章 三荒戰事,qiumo-ergen/求魔_html1274.html
第1278章 破繭成蝶！,qiumo-ergen/求魔_html1275.html
第1279章 他的名字，叫……三荒！,qiumo-ergen/求魔_html1276.html
第1280章 真相！,qiumo-ergen/求魔_html1277.html
第1281章 蝶有幾翅！,qiumo-ergen/求魔_html1278.html
第1282章 臨衆靈,qiumo-ergen/求魔_html1279.html
第1283章 晨皇降臨,qiumo-ergen/求魔_html1280.html
第1284章 再升先！,qiumo-ergen/求魔_html1281.html
第1285章 離桑相,qiumo-ergen/求魔_html1282.html
第1286章 命，要自己爭,qiumo-ergen/求魔_html1283.html
第1287章 現在公平了,qiumo-ergen/求魔_html1284.html
第1288章 一宗一族，要自強！,qiumo-ergen/求魔_html1285.html
第1289章 磨刀磨雙刃！,qiumo-ergen/求魔_html1286.html
第1290章 此戰可停！,qiumo-ergen/求魔_html1287.html
第1291章 三件事情,qiumo-ergen/求魔_html1288.html
第1292章 本紀最強,qiumo-ergen/求魔_html1289.html
第1293章 你是大腿,qiumo-ergen/求魔_html1290.html
第1294章 冥皇界顫,qiumo-ergen/求魔_html1291.html
第1295章 一場婚典,qiumo-ergen/求魔_html1292.html
第1296章 歲月之術,qiumo-ergen/求魔_html1293.html
第1297章 我，沒有見證！,qiumo-ergen/求魔_html1294.html
第1298章 卑賤,qiumo-ergen/求魔_html1295.html
第1299章 你陰我,qiumo-ergen/求魔_html1296.html
第1300章 你不該！,qiumo-ergen/求魔_html1297.html
第1301章 我，來了！,qiumo-ergen/求魔_html1298.html
第1302章 五面獸神,qiumo-ergen/求魔_html1299.html
第1303章 換冥皇之天！,qiumo-ergen/求魔_html1300.html
第1304章 一劍的距離,qiumo-ergen/求魔_html1301.html
第1304章 往事隨風,qiumo-ergen/求魔_html1302.html
第1305章 三荒,qiumo-ergen/求魔_html1303.html
第1306章 這蝴蝶，是你……,qiumo-ergen/求魔_html1304.html
第1307章 讓這海與樹，化在一起,qiumo-ergen/求魔_html1305.html
第1308章 第七逆靈！,qiumo-ergen/求魔_html1306.html
第1309章 禿毛鶴的大敵,qiumo-ergen/求魔_html1307.html
第1310章 暗晨逆聖,qiumo-ergen/求魔_html1308.html
第1311章 這氣息，來自外界,qiumo-ergen/求魔_html1309.html
第1312章 嗯？,qiumo-ergen/求魔_html1310.html
第1313章 神不寧！！,qiumo-ergen/求魔_html1311.html
第1314章 靈！,qiumo-ergen/求魔_html1312.html
第1315章 一派胡言,qiumo-ergen/求魔_html1313.html
第1316章 這是誰的界！,qiumo-ergen/求魔_html1314.html
第1317章 滅生殿,qiumo-ergen/求魔_html1315.html
第1318章 蒼三奴的自信,qiumo-ergen/求魔_html1316.html
第1319章 殘片！,qiumo-ergen/求魔_html1317.html
第1320章 滄神族,qiumo-ergen/求魔_html1318.html
第1321章 來自蒼茫！！,qiumo-ergen/求魔_html1319.html
第1322章 坐轎還是步行？,qiumo-ergen/求魔_html1320.html
第1323章 禿毛之怒……,qiumo-ergen/求魔_html1321.html
第1324章 滅生之墓,qiumo-ergen/求魔_html1322.html
第1325章 一桑當滅，必出異相,qiumo-ergen/求魔_html1323.html
第1326章 來了麼……,qiumo-ergen/求魔_html1324.html
第1327章 模擬陰死之路,qiumo-ergen/求魔_html1325.html
第1328章 迷離的眼,qiumo-ergen/求魔_html1326.html
第1329章 殺局,qiumo-ergen/求魔_html1327.html
第1330章 桃花劫,qiumo-ergen/求魔_html1328.html
第1331章 三荒戰,qiumo-ergen/求魔_html1329.html
第1332章 這一次，你敗了！,qiumo-ergen/求魔_html1330.html
第1333章 反噬！,qiumo-ergen/求魔_html1331.html
第1334章 或許是註定……,qiumo-ergen/求魔_html1332.html
第1335章 道，無涯,qiumo-ergen/求魔_html1333.html
第1336章 幽冥,qiumo-ergen/求魔_html1334.html
第1337章 第四界！,qiumo-ergen/求魔_html1335.html
第1338章 塑冥老祖,qiumo-ergen/求魔_html1336.html
第1339章 秋風過,qiumo-ergen/求魔_html1337.html
第1340章 試探！,qiumo-ergen/求魔_html1338.html
第1341章 狠辣！,qiumo-ergen/求魔_html1339.html
第1342章 三言！,qiumo-ergen/求魔_html1340.html
第1343章 傳承的懇求,qiumo-ergen/求魔_html1341.html
第1344章 需要一個錯誤,qiumo-ergen/求魔_html1342.html
第1345章 蒼茫,qiumo-ergen/求魔_html1343.html
第1346章 幽魂之界,qiumo-ergen/求魔_html1344.html
第1347章 一悟蒼穹驚！,qiumo-ergen/求魔_html1345.html
第1348章 道神,qiumo-ergen/求魔_html1346.html
第1349章 神木,qiumo-ergen/求魔_html1347.html
第1350章 人心不足,qiumo-ergen/求魔_html1348.html
第1351章 蘇銘，我很想哭……,qiumo-ergen/求魔_html1349.html
第1352章 只是凋欄在,qiumo-ergen/求魔_html1350.html
第1353章 天邪笑談滅生起,qiumo-ergen/求魔_html1351.html
第1354章 陸壓葬,qiumo-ergen/求魔_html1352.html
第1355章 雪，一直下,qiumo-ergen/求魔_html1353.html
第1356章 一世渡舟人,qiumo-ergen/求魔_html1354.html
第1357章 對面可是彼岸,qiumo-ergen/求魔_html1355.html
第1358章 家……已經不遠,qiumo-ergen/求魔_html1356.html
第1359章 今天鶴爺爺還沒開張,qiumo-ergen/求魔_html1357.html
第1360章 踏過那扇門,qiumo-ergen/求魔_html1358.html
第1361章 再回神源,qiumo-ergen/求魔_html1359.html
第1362章 黑墨星的故人,qiumo-ergen/求魔_html1360.html
第1363章 遺憾,qiumo-ergen/求魔_html1361.html
第1364章 三荒劫前震我名(一),qiumo-ergen/求魔_html1362.html
第1365章 三荒劫前震我名(二),qiumo-ergen/求魔_html1363.html
第1366章 三荒劫前震我名(三),qiumo-ergen/求魔_html1364.html
第1367章 三生相,qiumo-ergen/求魔_html1365.html
第1368章 安五十年之靜,qiumo-ergen/求魔_html1366.html
第1369章 三荒劫(一),qiumo-ergen/求魔_html1367.html
第1370章 三荒劫(二),qiumo-ergen/求魔_html1368.html
第1371章 三荒劫(三),qiumo-ergen/求魔_html1369.html
第1372章 三荒劫(四),qiumo-ergen/求魔_html1370.html
第1373章 三荒劫(五),qiumo-ergen/求魔_html1371.html
第1374章 三荒劫(六),qiumo-ergen/求魔_html1372.html
第1375章 三荒劫(七),qiumo-ergen/求魔_html1373.html
第1376章 三荒劫(八),qiumo-ergen/求魔_html1374.html
第1377章 三荒劫(九),qiumo-ergen/求魔_html1375.html
第1378章 三荒劫(十),qiumo-ergen/求魔_html1376.html
第1379章 絕不放棄！,qiumo-ergen/求魔_html1377.html
第1380章 禿毛鶴的選擇,qiumo-ergen/求魔_html1378.html
第1381章 山是青山樓外樓,qiumo-ergen/求魔_html1379.html
第1382章 水是白水天外天,qiumo-ergen/求魔_html1380.html
第1383章 夢中不知歲已老,qiumo-ergen/求魔_html1381.html
第1384章 朦朧人間誰登高,qiumo-ergen/求魔_html1382.html
第1385章 七月血,qiumo-ergen/求魔_html1383.html
第1386章 展露,qiumo-ergen/求魔_html1384.html
第1387章 蘭長老,qiumo-ergen/求魔_html1385.html
第1388章 黑夜裡的身影,qiumo-ergen/求魔_html1386.html
第1389章 我叫德順,qiumo-ergen/求魔_html1387.html
第1390章 是誰將我喚醒！,qiumo-ergen/求魔_html1388.html
第1391章 命師之機,qiumo-ergen/求魔_html1389.html
第1392章 七命術,qiumo-ergen/求魔_html1390.html
第1393章 師兄，請留步,qiumo-ergen/求魔_html1391.html
第1394章 此人是惡徒！,qiumo-ergen/求魔_html1392.html
第1395章 門規,qiumo-ergen/求魔_html1393.html
第1396章 你是蘇銘！,qiumo-ergen/求魔_html1394.html
第1397章 一次鬥法！,qiumo-ergen/求魔_html1395.html
第1398章 二重道神！,qiumo-ergen/求魔_html1396.html
第1399章 道神降影陣(一),qiumo-ergen/求魔_html1397.html
第1400章 道神降影陣(二),qiumo-ergen/求魔_html1398.html
第1401章 道神降影陣(二),qiumo-ergen/求魔_html1399.html
第1402章 道神降影陣(四),qiumo-ergen/求魔_html1400.html
第1403章 道神降影陣(五),qiumo-ergen/求魔_html1401.html
第1404章 道神降影陣(六),qiumo-ergen/求魔_html1402.html
第1405章 冬，天之影！,qiumo-ergen/求魔_html1403.html
第1406章 黑夜之春！,qiumo-ergen/求魔_html1404.html
第1407章 一道宗！,qiumo-ergen/求魔_html1405.html
第1408章 否則……戰！,qiumo-ergen/求魔_html1406.html
第1409章 森木大道尊！,qiumo-ergen/求魔_html1407.html
第1410章 殺你者……田河！,qiumo-ergen/求魔_html1408.html
第1411章 不破不立！,qiumo-ergen/求魔_html1409.html
第1412章 準道靈境！！,qiumo-ergen/求魔_html1410.html
第1413章 代價！,qiumo-ergen/求魔_html1411.html
第1414章 我已知你是誰！,qiumo-ergen/求魔_html1412.html
第1415章 逆靈珠！,qiumo-ergen/求魔_html1413.html
第1416章 請叫我蘇銘,qiumo-ergen/求魔_html1414.html
第1417章 道靈音！,qiumo-ergen/求魔_html1415.html
第1418章 三爲盛！,qiumo-ergen/求魔_html1416.html
第1419章 道音震古葬！,qiumo-ergen/求魔_html1417.html
第1420章 命格之音！,qiumo-ergen/求魔_html1418.html
第1421章 一鳴驚人！,qiumo-ergen/求魔_html1419.html
第1422章 小的，留下。,qiumo-ergen/求魔_html1420.html
第1423章 柴悟,qiumo-ergen/求魔_html1421.html
第1424章 道尊襲！,qiumo-ergen/求魔_html1422.html
第1425章 兩條大白狗,qiumo-ergen/求魔_html1423.html
第1426章 你瞧不起我！,qiumo-ergen/求魔_html1424.html
第1427章 姑娘，我愛你！,qiumo-ergen/求魔_html1425.html
第1428章 深意,qiumo-ergen/求魔_html1426.html
第1429章 斬下時，我將道無涯！,qiumo-ergen/求魔_html1427.html
第1430章 修羅！,qiumo-ergen/求魔_html1428.html
第1431章 他的道！,qiumo-ergen/求魔_html1429.html
第1432章 玄葬府,qiumo-ergen/求魔_html1430.html
第1433章 我不是你,qiumo-ergen/求魔_html1431.html
第1434章 四甲子,qiumo-ergen/求魔_html1432.html
第1435章 晚輩許慧,qiumo-ergen/求魔_html1433.html
第1436章 謝謝你，你不是她,qiumo-ergen/求魔_html1434.html
第1437章 欲斬無痕,qiumo-ergen/求魔_html1435.html
第1438章 古葬大帝的傳說,qiumo-ergen/求魔_html1436.html
第1439章 證道界開,qiumo-ergen/求魔_html1437.html
第1440章 奪祭壇,qiumo-ergen/求魔_html1438.html
第1441章 斬道尊(上),qiumo-ergen/求魔_html1439.html
第1442章 斬道尊(下),qiumo-ergen/求魔_html1440.html
第1443章 第二層,qiumo-ergen/求魔_html1441.html
第1444章 只殺一道宗！,qiumo-ergen/求魔_html1442.html
第1445章 四重道靈境,qiumo-ergen/求魔_html1443.html
第1446章 驚道尊,qiumo-ergen/求魔_html1444.html
第1447章 二皇子一戰,qiumo-ergen/求魔_html1445.html
第1448章 各有方法,qiumo-ergen/求魔_html1446.html
第1449章 九重天,qiumo-ergen/求魔_html1447.html
第1450章 古葬道宗,qiumo-ergen/求魔_html1448.html
第1451章 證道第三層,qiumo-ergen/求魔_html1449.html
第1452章 精算,qiumo-ergen/求魔_html1450.html
第1453章 我叫浩浩,qiumo-ergen/求魔_html1451.html
第1454章 空間滅！,qiumo-ergen/求魔_html1452.html
第1455章 撕天路,qiumo-ergen/求魔_html1453.html
第1456章 不滅意,qiumo-ergen/求魔_html1454.html
第1457章 我幫你！,qiumo-ergen/求魔_html1455.html
第1458章 此南，是難！,qiumo-ergen/求魔_html1456.html
第1459章 我，沒有眼淚,qiumo-ergen/求魔_html1457.html
第1460章 爲了什麼,qiumo-ergen/求魔_html1458.html
第1461章 今生一場酒,qiumo-ergen/求魔_html1459.html
第1462章 你，還是不懂麼？,qiumo-ergen/求魔_html1460.html
第1463章 有的人,qiumo-ergen/求魔_html1461.html
第1464章 種下一個承諾,qiumo-ergen/求魔_html1462.html
第1465章 浩浩的選擇,qiumo-ergen/求魔_html1463.html
第1466章 大哥哥，再見,qiumo-ergen/求魔_html1464.html
第1467章 歲月後的七月宗,qiumo-ergen/求魔_html1465.html
第1468章 臨一道宗！,qiumo-ergen/求魔_html1466.html
第1469章 第一大道尊！,qiumo-ergen/求魔_html1467.html
第1470章 古葬規則,qiumo-ergen/求魔_html1468.html
第1471章 擊殺大道尊！,qiumo-ergen/求魔_html1469.html
第1472章 古葬蠻神起,qiumo-ergen/求魔_html1470.html
第1473章 白鹿亡,qiumo-ergen/求魔_html1471.html
第1474章 一道氣數斷,qiumo-ergen/求魔_html1472.html
第1475章 回首凡塵，不做仙,qiumo-ergen/求魔_html1473.html
第1476章 輪迴幾多道無涯,qiumo-ergen/求魔_html1474.html
第1477章 古葬三十三天,qiumo-ergen/求魔_html1475.html
第1478章 孤鴻,qiumo-ergen/求魔_html1476.html
第1479章 我的三十天,qiumo-ergen/求魔_html1477.html
第1480章 古葬天外,qiumo-ergen/求魔_html1478.html
第1481章 睜開眼,qiumo-ergen/求魔_html1479.html
第1482章 不等蒼天何時寂,qiumo-ergen/求魔_html1480.html
第1483章 此番執念，只爲相見,qiumo-ergen/求魔_html1481.html
終章幾多輪迴少一人輪迴幾多到凡塵,qiumo-ergen/求魔_html1482.html
寫在完本之後，心言。,qiumo-ergen/求魔_html1483.html
