第一章 精神力二十的“天才”,dafuzhuanshi-xiaodaofengli/大符篆師_html1.html
第二章 老頭子,dafuzhuanshi-xiaodaofengli/大符篆師_html2.html
第三章 街頭畫家,dafuzhuanshi-xiaodaofengli/大符篆師_html3.html
第四章 符篆師寶典,dafuzhuanshi-xiaodaofengli/大符篆師_html4.html
第五章 我叫白牧野,dafuzhuanshi-xiaodaofengli/大符篆師_html5.html
第六章 同學們,dafuzhuanshi-xiaodaofengli/大符篆師_html6.html
第七章 這個世界,dafuzhuanshi-xiaodaofengli/大符篆師_html7.html
第八章 團隊,dafuzhuanshi-xiaodaofengli/大符篆師_html8.html
第九章 虛擬世界,dafuzhuanshi-xiaodaofengli/大符篆師_html9.html
第十章 城際副本,dafuzhuanshi-xiaodaofengli/大符篆師_html10.html
第十一章 姚謙,dafuzhuanshi-xiaodaofengli/大符篆師_html11.html
第十二章 時間有點短,dafuzhuanshi-xiaodaofengli/大符篆師_html12.html
第十三章 這就是符篆師,dafuzhuanshi-xiaodaofengli/大符篆師_html13.html
第十四章 他們怎麼也來了？,dafuzhuanshi-xiaodaofengli/大符篆師_html14.html
第十五章 你的任務最艱鉅！,dafuzhuanshi-xiaodaofengli/大符篆師_html15.html
第十六章 成功了,dafuzhuanshi-xiaodaofengli/大符篆師_html16.html
第十七章 暴擊術,dafuzhuanshi-xiaodaofengli/大符篆師_html17.html
第十八章 例如白牧野同學,dafuzhuanshi-xiaodaofengli/大符篆師_html18.html
第十九章 出名了,dafuzhuanshi-xiaodaofengli/大符篆師_html19.html
第二十章 拒絕,dafuzhuanshi-xiaodaofengli/大符篆師_html20.html
第二十一章 第一堂符篆課,dafuzhuanshi-xiaodaofengli/大符篆師_html21.html
第二十二章 小白老師,dafuzhuanshi-xiaodaofengli/大符篆師_html22.html
第二十三章 次元生物襲擊,dafuzhuanshi-xiaodaofengli/大符篆師_html23.html
第二十四章 合夥人,dafuzhuanshi-xiaodaofengli/大符篆師_html24.html
第二十五章 烈火之毒,dafuzhuanshi-xiaodaofengli/大符篆師_html25.html
第二十六章 孫恆,dafuzhuanshi-xiaodaofengli/大符篆師_html26.html
第二十七章 夜談,dafuzhuanshi-xiaodaofengli/大符篆師_html27.html
第二十八章 我需要換一頂帽子,dafuzhuanshi-xiaodaofengli/大符篆師_html28.html
第二十九章 一個月,dafuzhuanshi-xiaodaofengli/大符篆師_html29.html
第三十章 除厄,dafuzhuanshi-xiaodaofengli/大符篆師_html30.html
第三十一章 兩個宗師鳴翠柳,dafuzhuanshi-xiaodaofengli/大符篆師_html31.html
第三十二章 不許拒絕,dafuzhuanshi-xiaodaofengli/大符篆師_html32.html
第三十三章 百花盃賽,dafuzhuanshi-xiaodaofengli/大符篆師_html33.html
第三十四章 衝突,dafuzhuanshi-xiaodaofengli/大符篆師_html34.html
第三十五章 風波之後,dafuzhuanshi-xiaodaofengli/大符篆師_html35.html
第三十六章 國寶級天才遇刺事件,dafuzhuanshi-xiaodaofengli/大符篆師_html36.html
第三十七章 林子衿,dafuzhuanshi-xiaodaofengli/大符篆師_html37.html
第三十八章 我是你的小媳婦呀,dafuzhuanshi-xiaodaofengli/大符篆師_html38.html
第三十九章 盃賽開始,dafuzhuanshi-xiaodaofengli/大符篆師_html39.html
第四十章 輸的女裝,dafuzhuanshi-xiaodaofengli/大符篆師_html40.html
第四十一章 他負責帥就行,dafuzhuanshi-xiaodaofengli/大符篆師_html41.html
第四十二章 你可真煩人,dafuzhuanshi-xiaodaofengli/大符篆師_html42.html
第四十三章 他來聽我的演唱會,dafuzhuanshi-xiaodaofengli/大符篆師_html43.html
第四十四章 哥，你火了,dafuzhuanshi-xiaodaofengli/大符篆師_html44.html
第四十五章 我給您放個片兒吧,dafuzhuanshi-xiaodaofengli/大符篆師_html45.html
第四十六章 我賭一中贏,dafuzhuanshi-xiaodaofengli/大符篆師_html46.html
第四十七章 三秒結束,dafuzhuanshi-xiaodaofengli/大符篆師_html47.html
第四十八章 打你們一秒就夠,dafuzhuanshi-xiaodaofengli/大符篆師_html48.html
第四十九章 兩連勝,dafuzhuanshi-xiaodaofengli/大符篆師_html49.html
第五十章 放學別走,dafuzhuanshi-xiaodaofengli/大符篆師_html50.html
第五十一章 給你補補,dafuzhuanshi-xiaodaofengli/大符篆師_html51.html
第五十二章 城北的大佬,dafuzhuanshi-xiaodaofengli/大符篆師_html52.html
第五十三章 你問我？,dafuzhuanshi-xiaodaofengli/大符篆師_html53.html
第五十四章 苦哭了,dafuzhuanshi-xiaodaofengli/大符篆師_html54.html
第五十五章 風乍起,dafuzhuanshi-xiaodaofengli/大符篆師_html55.html
第五十六章 全勝晉級,dafuzhuanshi-xiaodaofengli/大符篆師_html56.html
第五十七章 你唱歌要命啊,dafuzhuanshi-xiaodaofengli/大符篆師_html57.html
第五十八章 補刀小能手,dafuzhuanshi-xiaodaofengli/大符篆師_html58.html
第五十九章 可怕的防禦符,dafuzhuanshi-xiaodaofengli/大符篆師_html59.html
第六十章 不，你需要,dafuzhuanshi-xiaodaofengli/大符篆師_html60.html
第六十一章 我是你的偶像,dafuzhuanshi-xiaodaofengli/大符篆師_html61.html
第六十二章 咱們的態度就一個字,dafuzhuanshi-xiaodaofengli/大符篆師_html62.html
第六十三章 闖入八強,dafuzhuanshi-xiaodaofengli/大符篆師_html63.html
第六十四章 鳥哥紅了,dafuzhuanshi-xiaodaofengli/大符篆師_html64.html
第六十五章 開門，送快遞的,dafuzhuanshi-xiaodaofengli/大符篆師_html65.html
第六十六章 我果然是天才,dafuzhuanshi-xiaodaofengli/大符篆師_html66.html
第六十七章 黑域,dafuzhuanshi-xiaodaofengli/大符篆師_html67.html
第六十八章 我是你叔爺,dafuzhuanshi-xiaodaofengli/大符篆師_html68.html
第六十九章 你急什麼,dafuzhuanshi-xiaodaofengli/大符篆師_html69.html
第七十章 超級天才的歷練之地,dafuzhuanshi-xiaodaofengli/大符篆師_html70.html
第七十一章 你確定？,dafuzhuanshi-xiaodaofengli/大符篆師_html71.html
第七十二章 水漫金山,dafuzhuanshi-xiaodaofengli/大符篆師_html72.html
第七十三章 太優秀也不好,dafuzhuanshi-xiaodaofengli/大符篆師_html73.html
第七十四章 黑域第一戰,dafuzhuanshi-xiaodaofengli/大符篆師_html74.html
第七十五章 大魔王,dafuzhuanshi-xiaodaofengli/大符篆師_html75.html
第七十六章 不要臉,dafuzhuanshi-xiaodaofengli/大符篆師_html76.html
第七十七章 十二張符,dafuzhuanshi-xiaodaofengli/大符篆師_html77.html
第七十八章 照樣打爆你,dafuzhuanshi-xiaodaofengli/大符篆師_html78.html
第七十九章 拒絕,dafuzhuanshi-xiaodaofengli/大符篆師_html79.html
第八十章 你礙事兒,dafuzhuanshi-xiaodaofengli/大符篆師_html80.html
第八十一章 見面就動手,dafuzhuanshi-xiaodaofengli/大符篆師_html81.html
第八十二章 這就是真正的戰鬥,dafuzhuanshi-xiaodaofengli/大符篆師_html82.html
第八十三章 司音,dafuzhuanshi-xiaodaofengli/大符篆師_html83.html
第八十四章 郭姐,dafuzhuanshi-xiaodaofengli/大符篆師_html84.html
第八十五章 新規則,dafuzhuanshi-xiaodaofengli/大符篆師_html85.html
第八十六章 憤怒,dafuzhuanshi-xiaodaofengli/大符篆師_html86.html
第八十七章 遠古遺蹟地形,dafuzhuanshi-xiaodaofengli/大符篆師_html87.html
第八十八章 誰在帷幄中運籌,dafuzhuanshi-xiaodaofengli/大符篆師_html88.html
第八十九章 百花城不是他家的,dafuzhuanshi-xiaodaofengli/大符篆師_html89.html
第九十章 麻爺,dafuzhuanshi-xiaodaofengli/大符篆師_html90.html
第九十一章 半決賽,dafuzhuanshi-xiaodaofengli/大符篆師_html91.html
第九十二章 危機四伏,dafuzhuanshi-xiaodaofengli/大符篆師_html92.html
第九十三章 完美隊友,dafuzhuanshi-xiaodaofengli/大符篆師_html93.html
第九十四章 少年熱血正當時,dafuzhuanshi-xiaodaofengli/大符篆師_html94.html
第九十五章 宋星雨,dafuzhuanshi-xiaodaofengli/大符篆師_html95.html
第九十六章 小白是個大金礦,dafuzhuanshi-xiaodaofengli/大符篆師_html96.html
第九十七章 感謝王爺打賞,dafuzhuanshi-xiaodaofengli/大符篆師_html97.html
第九十八章 齊王,dafuzhuanshi-xiaodaofengli/大符篆師_html98.html
第九十九章 認慫的麻爺,dafuzhuanshi-xiaodaofengli/大符篆師_html99.html
第一百章 混江湖，沒出息的,dafuzhuanshi-xiaodaofengli/大符篆師_html100.html
第一百零一章 小叔叔和小姑姑,dafuzhuanshi-xiaodaofengli/大符篆師_html101.html
第一百零二章 你是魔鬼嗎？,dafuzhuanshi-xiaodaofengli/大符篆師_html102.html
第一百零三章 好吧，就是我說的,dafuzhuanshi-xiaodaofengli/大符篆師_html103.html
第一百零四章 我也想低調來着,dafuzhuanshi-xiaodaofengli/大符篆師_html104.html
第一百零五章 釣魚,dafuzhuanshi-xiaodaofengli/大符篆師_html105.html
第一百零六章 我隨便說說的,dafuzhuanshi-xiaodaofengli/大符篆師_html106.html
第一百零七章 定風波,dafuzhuanshi-xiaodaofengli/大符篆師_html107.html
第一百零八章 沼澤地形,dafuzhuanshi-xiaodaofengli/大符篆師_html108.html
第一百零九章 都很懵,dafuzhuanshi-xiaodaofengli/大符篆師_html109.html
第一百一十章 決賽,dafuzhuanshi-xiaodaofengli/大符篆師_html110.html
第一百一十一章 兇險,dafuzhuanshi-xiaodaofengli/大符篆師_html111.html
第一百一十二章 蟻羣,dafuzhuanshi-xiaodaofengli/大符篆師_html112.html
第一百一十三章 艱難推進,dafuzhuanshi-xiaodaofengli/大符篆師_html113.html
第一百一十四章 穆錫的三劍符,dafuzhuanshi-xiaodaofengli/大符篆師_html114.html
第一百一十五章 淒厲的破空聲,dafuzhuanshi-xiaodaofengli/大符篆師_html115.html
第一百一十六章 拋刀術（求月票）,dafuzhuanshi-xiaodaofengli/大符篆師_html116.html
第一百一十七章 心理戰,dafuzhuanshi-xiaodaofengli/大符篆師_html117.html
第一百一十八章 小白太能吹了！,dafuzhuanshi-xiaodaofengli/大符篆師_html118.html
第一百一十九章 短兵相接,dafuzhuanshi-xiaodaofengli/大符篆師_html119.html
第一百二十章 唬誰呢？,dafuzhuanshi-xiaodaofengli/大符篆師_html120.html
第一百二十一章 誰輸誰贏？,dafuzhuanshi-xiaodaofengli/大符篆師_html121.html
第一百二十二章 我們是冠軍！,dafuzhuanshi-xiaodaofengli/大符篆師_html122.html
第一百二十三章 頒獎禮（八更兩萬一千字，求月票！）,dafuzhuanshi-xiaodaofengli/大符篆師_html123.html
第一百二十四章 別被他帶跑偏了,dafuzhuanshi-xiaodaofengli/大符篆師_html124.html
第一百二十五章 重視,dafuzhuanshi-xiaodaofengli/大符篆師_html125.html
第一百二十六章 暴利（盟主飄蕩墨爾本加更1/12）,dafuzhuanshi-xiaodaofengli/大符篆師_html126.html
第一百二十七章 店紅是非多（盟主飄蕩墨爾本加更2/12）,dafuzhuanshi-xiaodaofengli/大符篆師_html127.html
第一百二十八章 我們沒發生衝突（盟主飄蕩墨爾本加更3/12）,dafuzhuanshi-xiaodaofengli/大符篆師_html128.html
第一百二十九章 換一面打行嗎？（盟主飄蕩墨爾本加更4/12）,dafuzhuanshi-xiaodaofengli/大符篆師_html129.html
第一百三十章 你太無恥了！（盟主飄蕩墨爾本加更5/12）,dafuzhuanshi-xiaodaofengli/大符篆師_html130.html
第一百三十一章 手段（盟主飄蕩墨爾本加更6/12）,dafuzhuanshi-xiaodaofengli/大符篆師_html131.html
第一百三十二章 呵，女人,dafuzhuanshi-xiaodaofengli/大符篆師_html132.html
第一百三十三章 林哥？,dafuzhuanshi-xiaodaofengli/大符篆師_html133.html
第一百三十四章 心理學家·白（盟主墨爾本加更7/12）,dafuzhuanshi-xiaodaofengli/大符篆師_html134.html
第一百三十五章 漂亮老師（盟主飄蕩墨爾本加更8/12）,dafuzhuanshi-xiaodaofengli/大符篆師_html135.html
第一百三十六章 我怕我犯錯（盟主飄蕩墨爾本加更9/12）,dafuzhuanshi-xiaodaofengli/大符篆師_html136.html
第一百三十七章 我只想讓你明白（盟主飄蕩墨爾本加更10/12）,dafuzhuanshi-xiaodaofengli/大符篆師_html137.html
第一百三十八章 三十億（盟主飄蕩墨爾本加更11/12）,dafuzhuanshi-xiaodaofengli/大符篆師_html138.html
第一百三十九章 這裡面有事（盟主飄蕩墨爾本加更12/12）,dafuzhuanshi-xiaodaofengli/大符篆師_html139.html
再次八更兩萬字，求月票！,dafuzhuanshi-xiaodaofengli/大符篆師_html140.html
第一百四十章 我不拿自己的命開玩笑,dafuzhuanshi-xiaodaofengli/大符篆師_html141.html
第一百四十一章 十億富豪（萬字更新求訂閱月票）,dafuzhuanshi-xiaodaofengli/大符篆師_html142.html
第一百四十二章 找茬,dafuzhuanshi-xiaodaofengli/大符篆師_html143.html
第一百四十三章 夏侯紫月（兩更一萬一求月票）,dafuzhuanshi-xiaodaofengli/大符篆師_html144.html
第五百四十四章 生在壞人堆裡的好人,dafuzhuanshi-xiaodaofengli/大符篆師_html145.html
第一百四十五章 如果有一天（萬字更新求月票）,dafuzhuanshi-xiaodaofengli/大符篆師_html146.html
第一百四十六章 變數,dafuzhuanshi-xiaodaofengli/大符篆師_html147.html
第一百四十七章 攤牌,dafuzhuanshi-xiaodaofengli/大符篆師_html148.html
第一百四十八章 蛇吞象,dafuzhuanshi-xiaodaofengli/大符篆師_html149.html
第一百四十九章 老奸巨猾,dafuzhuanshi-xiaodaofengli/大符篆師_html150.html
第一百五十章 我是你爸爸,dafuzhuanshi-xiaodaofengli/大符篆師_html151.html
第一百五十一章 真的嗎？,dafuzhuanshi-xiaodaofengli/大符篆師_html152.html
第一百五十二章 很傻很好騙的姑娘？,dafuzhuanshi-xiaodaofengli/大符篆師_html153.html
第一百五十三章 閒庭信步,dafuzhuanshi-xiaodaofengli/大符篆師_html154.html
第一百五十四章 趙璐,dafuzhuanshi-xiaodaofengli/大符篆師_html155.html
第一百五十五章 長得還湊合,dafuzhuanshi-xiaodaofengli/大符篆師_html156.html
第一百五十六章 小白老師回來了！,dafuzhuanshi-xiaodaofengli/大符篆師_html157.html
第一百五十七章 禮物（求訂閱月票）,dafuzhuanshi-xiaodaofengli/大符篆師_html158.html
第一百五十八章 再進黑域,dafuzhuanshi-xiaodaofengli/大符篆師_html159.html
第一百五十九章 大傻妞,dafuzhuanshi-xiaodaofengli/大符篆師_html160.html
第一百六十章 不倔強的青銅,dafuzhuanshi-xiaodaofengli/大符篆師_html161.html
第一百六十一章 被察覺了（求月票）,dafuzhuanshi-xiaodaofengli/大符篆師_html162.html
第一百六十二章 不要讓那一天出現,dafuzhuanshi-xiaodaofengli/大符篆師_html163.html
第一百六十三章 地宮,dafuzhuanshi-xiaodaofengli/大符篆師_html164.html
第一百六十四章 陷阱,dafuzhuanshi-xiaodaofengli/大符篆師_html165.html
第一百六十五章 下品靈珠,dafuzhuanshi-xiaodaofengli/大符篆師_html166.html
第一百六十六章 大漂亮升級,dafuzhuanshi-xiaodaofengli/大符篆師_html167.html
第一百六十七章 防禦符立功,dafuzhuanshi-xiaodaofengli/大符篆師_html168.html
第一百六十八章 坑殺宗師,dafuzhuanshi-xiaodaofengli/大符篆師_html169.html
第一百六十九章 大蚯蚓,dafuzhuanshi-xiaodaofengli/大符篆師_html170.html
第一百七十章 搶生源,dafuzhuanshi-xiaodaofengli/大符篆師_html171.html
第一百七十一章 寒冰巨鱷,dafuzhuanshi-xiaodaofengli/大符篆師_html172.html
第一百七十二章 保平安的,dafuzhuanshi-xiaodaofengli/大符篆師_html173.html
第一百七十三章 落入次元空間,dafuzhuanshi-xiaodaofengli/大符篆師_html174.html
第一百七十四章 幻影族,dafuzhuanshi-xiaodaofengli/大符篆師_html175.html
第一百七十五章 尋求突破,dafuzhuanshi-xiaodaofengli/大符篆師_html176.html
第一百七十六章 爆發的司小音,dafuzhuanshi-xiaodaofengli/大符篆師_html177.html
第一百七十七章 不給揉，不給掐！,dafuzhuanshi-xiaodaofengli/大符篆師_html178.html
第一百七十八章 神族日記,dafuzhuanshi-xiaodaofengli/大符篆師_html179.html
第一百七十九章 本命影分身,dafuzhuanshi-xiaodaofengli/大符篆師_html180.html
第一百八十章 第七層？,dafuzhuanshi-xiaodaofengli/大符篆師_html181.html
第一百八十一章 自己打自己？,dafuzhuanshi-xiaodaofengli/大符篆師_html182.html
第一百八十二章 寫作業最快樂,dafuzhuanshi-xiaodaofengli/大符篆師_html183.html
第一百八十三章 九等獎,dafuzhuanshi-xiaodaofengli/大符篆師_html184.html
第一百八十四章 這個小白有經驗,dafuzhuanshi-xiaodaofengli/大符篆師_html185.html
第一百八十五章 歸來,dafuzhuanshi-xiaodaofengli/大符篆師_html186.html
第一百八十六章 系統哥牛逼,dafuzhuanshi-xiaodaofengli/大符篆師_html187.html
第一百八十七章 霸氣的漂亮姐,dafuzhuanshi-xiaodaofengli/大符篆師_html188.html
第一百八十八章 流光月仙子,dafuzhuanshi-xiaodaofengli/大符篆師_html189.html
第一百八十九章 是不是有點低了？,dafuzhuanshi-xiaodaofengli/大符篆師_html190.html
第一百九十章 大魔王和小妖女,dafuzhuanshi-xiaodaofengli/大符篆師_html191.html
第一百九十一章 戲精附體的少年們,dafuzhuanshi-xiaodaofengli/大符篆師_html192.html
第一百九十二章 終相見,dafuzhuanshi-xiaodaofengli/大符篆師_html193.html
第一百九十三章 姓白的你給我滾,dafuzhuanshi-xiaodaofengli/大符篆師_html194.html
第一百九十四章 莫名的敵意,dafuzhuanshi-xiaodaofengli/大符篆師_html195.html
第一百九十五章 朱老師，你好。,dafuzhuanshi-xiaodaofengli/大符篆師_html196.html
第一百九十六章 陰魂不散（求保底月票）,dafuzhuanshi-xiaodaofengli/大符篆師_html197.html
第一百九十七章 你就是龍傲天？,dafuzhuanshi-xiaodaofengli/大符篆師_html198.html
第一百九十八章 倒黴的龍哥,dafuzhuanshi-xiaodaofengli/大符篆師_html199.html
第一百九十九章 新的賽制規則（求月票）,dafuzhuanshi-xiaodaofengli/大符篆師_html200.html
第二百章 這裡看風景角度好,dafuzhuanshi-xiaodaofengli/大符篆師_html201.html
第二百零一章 羅笑笑,dafuzhuanshi-xiaodaofengli/大符篆師_html202.html
第二百零二章 白嶽城,dafuzhuanshi-xiaodaofengli/大符篆師_html203.html
第二百零三章 殿下的生日禮物,dafuzhuanshi-xiaodaofengli/大符篆師_html204.html
第二百零四章 放他們過來,dafuzhuanshi-xiaodaofengli/大符篆師_html205.html
第二百零五章 首勝,dafuzhuanshi-xiaodaofengli/大符篆師_html206.html
第二百零六章 綵衣,dafuzhuanshi-xiaodaofengli/大符篆師_html207.html
第二百零七章 飛,dafuzhuanshi-xiaodaofengli/大符篆師_html208.html
第二百零八章 佈局和破局,dafuzhuanshi-xiaodaofengli/大符篆師_html209.html
第二百零九章 晉級三十五強,dafuzhuanshi-xiaodaofengli/大符篆師_html210.html
第二百一十章 選擇,dafuzhuanshi-xiaodaofengli/大符篆師_html211.html
第二百一十一章 老劉,dafuzhuanshi-xiaodaofengli/大符篆師_html212.html
第二百一十二章 釋疑,dafuzhuanshi-xiaodaofengli/大符篆師_html213.html
第二百一十三章 歡迎光臨無憂莊園,dafuzhuanshi-xiaodaofengli/大符篆師_html214.html
第二百一十四章 簡單粗暴漂亮姐,dafuzhuanshi-xiaodaofengli/大符篆師_html215.html
第二百一十五章 讓孤開開眼,dafuzhuanshi-xiaodaofengli/大符篆師_html216.html
第二百一十六章 打獵歸來,dafuzhuanshi-xiaodaofengli/大符篆師_html217.html
第二百一十七章 妖精,dafuzhuanshi-xiaodaofengli/大符篆師_html218.html
第二百一十八章 太陽神戰隊,dafuzhuanshi-xiaodaofengli/大符篆師_html219.html
第二百一十九章 一箭,dafuzhuanshi-xiaodaofengli/大符篆師_html220.html
第二百二十章 兄弟，別奶！,dafuzhuanshi-xiaodaofengli/大符篆師_html221.html
第二百二十一章 符龍戰隊,dafuzhuanshi-xiaodaofengli/大符篆師_html222.html
第二百二十二章 子衿要來,dafuzhuanshi-xiaodaofengli/大符篆師_html223.html
第二百二十三章 盤外招,dafuzhuanshi-xiaodaofengli/大符篆師_html224.html
第二百二十四章 戰黃金屋！,dafuzhuanshi-xiaodaofengli/大符篆師_html225.html
第二百二十五章 二次閃現,dafuzhuanshi-xiaodaofengli/大符篆師_html226.html
第二百二十六章 不是我乾的,dafuzhuanshi-xiaodaofengli/大符篆師_html227.html
第二百二十七章 請你當老師,dafuzhuanshi-xiaodaofengli/大符篆師_html228.html
第二百二十八章 白哥的套路,dafuzhuanshi-xiaodaofengli/大符篆師_html229.html
第二百二十九章 說個笑話：齊王的心胸,dafuzhuanshi-xiaodaofengli/大符篆師_html230.html
第二百三十章 扔石頭的司音和研究螞蟻的小白,dafuzhuanshi-xiaodaofengli/大符篆師_html231.html
第二百三十一章 我要下線,dafuzhuanshi-xiaodaofengli/大符篆師_html232.html
第二百三十二章 七連勝,dafuzhuanshi-xiaodaofengli/大符篆師_html233.html
第二百三十三章 不得好死,dafuzhuanshi-xiaodaofengli/大符篆師_html234.html
第二百三十四章 我們又是冠軍！,dafuzhuanshi-xiaodaofengli/大符篆師_html235.html
第二百三十五章 等你們好久了,dafuzhuanshi-xiaodaofengli/大符篆師_html236.html
第二百三十六章 你就在這裡不要動,dafuzhuanshi-xiaodaofengli/大符篆師_html237.html
第二百三十七章 你叫白小花,dafuzhuanshi-xiaodaofengli/大符篆師_html238.html
第二百三十八章 再次感謝齊王大大的打賞,dafuzhuanshi-xiaodaofengli/大符篆師_html239.html
第二百三十九章 孫子惹禍，爺爺背鍋,dafuzhuanshi-xiaodaofengli/大符篆師_html240.html
第二百四十章 生存不易，誰不裝瘋賣傻？,dafuzhuanshi-xiaodaofengli/大符篆師_html241.html
第二百四十一章 跟哥回家,dafuzhuanshi-xiaodaofengli/大符篆師_html242.html
第二百四十二章 林哥，求籤名,dafuzhuanshi-xiaodaofengli/大符篆師_html243.html
第二百四十三章 這纔是我喜歡的人,dafuzhuanshi-xiaodaofengli/大符篆師_html244.html
第二百四十四章 大人物都很忙的,dafuzhuanshi-xiaodaofengli/大符篆師_html245.html
第二百四十五章 我還要逛街呢,dafuzhuanshi-xiaodaofengli/大符篆師_html246.html
第二百四十六章 決賽開始,dafuzhuanshi-xiaodaofengli/大符篆師_html247.html
第二百四十七章 黑域切磋,dafuzhuanshi-xiaodaofengli/大符篆師_html248.html
第二百四十八章 摧枯拉朽,dafuzhuanshi-xiaodaofengli/大符篆師_html249.html
第二百四十九章 我會打到你漫天飛翔,dafuzhuanshi-xiaodaofengli/大符篆師_html250.html
第二百五十章 你賠我！,dafuzhuanshi-xiaodaofengli/大符篆師_html251.html
第二百五十一章 籤個生死文書,dafuzhuanshi-xiaodaofengli/大符篆師_html252.html
第二百五十二章 現場畫符,dafuzhuanshi-xiaodaofengli/大符篆師_html253.html
第二百五十三章 次元空間再次降臨,dafuzhuanshi-xiaodaofengli/大符篆師_html254.html
第二百五十四章 星空深處飄來的符,dafuzhuanshi-xiaodaofengli/大符篆師_html255.html
第二百五十五章 一符破神通（求保底月票）,dafuzhuanshi-xiaodaofengli/大符篆師_html256.html
第二百五十六章 自作孽不可活,dafuzhuanshi-xiaodaofengli/大符篆師_html257.html
第二百五十七章 那就不打了吧,dafuzhuanshi-xiaodaofengli/大符篆師_html258.html
第二百五十八章 老孃是小仙女,dafuzhuanshi-xiaodaofengli/大符篆師_html259.html
第二百五十九章 激怒漂亮姐的後果,dafuzhuanshi-xiaodaofengli/大符篆師_html260.html
第二百六十章 我們還是冠軍,dafuzhuanshi-xiaodaofengli/大符篆師_html261.html
第二百六十一章 秦冉冉的邀請,dafuzhuanshi-xiaodaofengli/大符篆師_html262.html
第二百六十二章 你真是我粉絲？,dafuzhuanshi-xiaodaofengli/大符篆師_html263.html
第二百六十三章 首相孫子,dafuzhuanshi-xiaodaofengli/大符篆師_html264.html
第二百六十四章 風乍起,dafuzhuanshi-xiaodaofengli/大符篆師_html265.html
第二百六十五章 突然的告別,dafuzhuanshi-xiaodaofengli/大符篆師_html266.html
第二百六十六章 林子衿拜師,dafuzhuanshi-xiaodaofengli/大符篆師_html267.html
第二百六十七章 大樹,dafuzhuanshi-xiaodaofengli/大符篆師_html268.html
第二百六十八章 幸虧我是宗師,dafuzhuanshi-xiaodaofengli/大符篆師_html269.html
第二百六十九章 公主？,dafuzhuanshi-xiaodaofengli/大符篆師_html270.html
第二百七十章 小世界,dafuzhuanshi-xiaodaofengli/大符篆師_html271.html
第二百七十一章 深淵,dafuzhuanshi-xiaodaofengli/大符篆師_html272.html
第二百七十二章 咱們被人坑了,dafuzhuanshi-xiaodaofengli/大符篆師_html273.html
第二百七十三章 成長,dafuzhuanshi-xiaodaofengli/大符篆師_html274.html
第二百七十四章 奪舍,dafuzhuanshi-xiaodaofengli/大符篆師_html275.html
第二百七十五章 就地分贓,dafuzhuanshi-xiaodaofengli/大符篆師_html276.html
第二百七十六章 人性,dafuzhuanshi-xiaodaofengli/大符篆師_html277.html
第二百七十七章 沉淪,dafuzhuanshi-xiaodaofengli/大符篆師_html278.html
第二百七十八章 強烈的恨意,dafuzhuanshi-xiaodaofengli/大符篆師_html279.html
第二百七十九章 驚魂,dafuzhuanshi-xiaodaofengli/大符篆師_html280.html
第二百八十章 有本事你別用啊！,dafuzhuanshi-xiaodaofengli/大符篆師_html281.html
第二百八十一章 各自算計,dafuzhuanshi-xiaodaofengli/大符篆師_html282.html
第二百八十二章 火至尊,dafuzhuanshi-xiaodaofengli/大符篆師_html283.html
第二百八十三章 吃瓜二人組,dafuzhuanshi-xiaodaofengli/大符篆師_html284.html
第二百八十四章 蘇老的請求,dafuzhuanshi-xiaodaofengli/大符篆師_html285.html
第二百八十五章 託付,dafuzhuanshi-xiaodaofengli/大符篆師_html286.html
第二百八十六章 恐怖的星艦,dafuzhuanshi-xiaodaofengli/大符篆師_html287.html
第二百八十七章 不需要理由的戰鬥,dafuzhuanshi-xiaodaofengli/大符篆師_html288.html
第二百八十八章 接二連三,dafuzhuanshi-xiaodaofengli/大符篆師_html289.html
第二百八十九章 狂暴的爆裂法陣,dafuzhuanshi-xiaodaofengli/大符篆師_html290.html
第二百九十章 科技的力量,dafuzhuanshi-xiaodaofengli/大符篆師_html291.html
第二百九十一章 逃脫不易,dafuzhuanshi-xiaodaofengli/大符篆師_html292.html
第二百九十二章 小黑胖子最陰,dafuzhuanshi-xiaodaofengli/大符篆師_html293.html
第二百九十三章 小龍龍,dafuzhuanshi-xiaodaofengli/大符篆師_html294.html
第二百九十四章 難辨,dafuzhuanshi-xiaodaofengli/大符篆師_html295.html
第二百九十五章 都是老狐狸,dafuzhuanshi-xiaodaofengli/大符篆師_html296.html
第二百九十六章 神級刺客,dafuzhuanshi-xiaodaofengli/大符篆師_html297.html
第二百九十七章 趁火打劫,dafuzhuanshi-xiaodaofengli/大符篆師_html298.html
第二百九十八章 昔日少年初長成,dafuzhuanshi-xiaodaofengli/大符篆師_html299.html
第二百九十九章 宗師批發,dafuzhuanshi-xiaodaofengli/大符篆師_html300.html
第三百章 七百億粉絲,dafuzhuanshi-xiaodaofengli/大符篆師_html301.html
第三百零一章 趙璐的危機,dafuzhuanshi-xiaodaofengli/大符篆師_html302.html
第三百零二章 替罪羊,dafuzhuanshi-xiaodaofengli/大符篆師_html303.html
第三百零三章 翻盤,dafuzhuanshi-xiaodaofengli/大符篆師_html304.html
第三百零四章 全都拉上戰車,dafuzhuanshi-xiaodaofengli/大符篆師_html305.html
第三百零五章 盤點,dafuzhuanshi-xiaodaofengli/大符篆師_html306.html
第三百零六章 對，就是我！,dafuzhuanshi-xiaodaofengli/大符篆師_html307.html
第三百零七章 談笑間……,dafuzhuanshi-xiaodaofengli/大符篆師_html308.html
第三百零八章 白師,dafuzhuanshi-xiaodaofengli/大符篆師_html309.html
第三百零九章 恆叔和秦姐（求月票）,dafuzhuanshi-xiaodaofengli/大符篆師_html310.html
第三百一十章 投資,dafuzhuanshi-xiaodaofengli/大符篆師_html311.html
第三百一十一章 萬雄的請求,dafuzhuanshi-xiaodaofengli/大符篆師_html312.html
第三百一十二章 孫公子,dafuzhuanshi-xiaodaofengli/大符篆師_html313.html
第三百一十三章 但是……,dafuzhuanshi-xiaodaofengli/大符篆師_html314.html
第三百一十四章 求白師指點,dafuzhuanshi-xiaodaofengli/大符篆師_html315.html
第三百一十五章 五師弟？（求保底月票）,dafuzhuanshi-xiaodaofengli/大符篆師_html316.html
第三百一十六章 快醒醒吧！（第二章，求月票！）,dafuzhuanshi-xiaodaofengli/大符篆師_html317.html
第三百一十七章 好像真成爸爸了！（第三更，求月票）,dafuzhuanshi-xiaodaofengli/大符篆師_html318.html
第三百一十八章 尼古拉斯·高貴·鵝,dafuzhuanshi-xiaodaofengli/大符篆師_html319.html
第三百一十九章 鐵鍋靠大鵝,dafuzhuanshi-xiaodaofengli/大符篆師_html320.html
第三百二十章 老狼的考驗,dafuzhuanshi-xiaodaofengli/大符篆師_html321.html
第三百二十一章 那可是大白菜呀！,dafuzhuanshi-xiaodaofengli/大符篆師_html322.html
第三百二十二章 鬼潭,dafuzhuanshi-xiaodaofengli/大符篆師_html323.html
第三百二十四章 神級打手,dafuzhuanshi-xiaodaofengli/大符篆師_html324.html
第三百二十五章 你這想法有點危險呀,dafuzhuanshi-xiaodaofengli/大符篆師_html325.html
第三百二十六章 我也記住你了顧同學,dafuzhuanshi-xiaodaofengli/大符篆師_html326.html
第三百二十七章 讓我小弟指點你,dafuzhuanshi-xiaodaofengli/大符篆師_html327.html
第三百二十八章 我肯定不打死你,dafuzhuanshi-xiaodaofengli/大符篆師_html328.html
第三百二十九章 可以擰？,dafuzhuanshi-xiaodaofengli/大符篆師_html329.html
第二百三十章 次元空間再現,dafuzhuanshi-xiaodaofengli/大符篆師_html330.html
第二百三十一章 斬首成功,dafuzhuanshi-xiaodaofengli/大符篆師_html331.html
第三百三十二章 你說這個我可就不困了,dafuzhuanshi-xiaodaofengli/大符篆師_html332.html
第三百三十三章 皇子殿下,dafuzhuanshi-xiaodaofengli/大符篆師_html333.html
第三百三十四章 神族大佬？,dafuzhuanshi-xiaodaofengli/大符篆師_html334.html
第三百三十五章 帶上我,dafuzhuanshi-xiaodaofengli/大符篆師_html335.html
第三百三十六章 破壞傳送陣,dafuzhuanshi-xiaodaofengli/大符篆師_html336.html
第三百三十七章 大蚊子扎遍八方,dafuzhuanshi-xiaodaofengli/大符篆師_html337.html
第三百三十八章 打遍飛仙,dafuzhuanshi-xiaodaofengli/大符篆師_html338.html
第三百三十九章 老頭子歸來,dafuzhuanshi-xiaodaofengli/大符篆師_html339.html
第三百四十章 造化液,dafuzhuanshi-xiaodaofengli/大符篆師_html340.html
第三百四十一章 神級聚會,dafuzhuanshi-xiaodaofengli/大符篆師_html341.html
第三百四十二章 御駕,dafuzhuanshi-xiaodaofengli/大符篆師_html342.html
第三百四十三章 朕也想看,dafuzhuanshi-xiaodaofengli/大符篆師_html343.html
第三百四十四章 託孤？,dafuzhuanshi-xiaodaofengli/大符篆師_html344.html
第三百四十五章 失敗的黑白臉,dafuzhuanshi-xiaodaofengli/大符篆師_html345.html
第三百四十六章 不眠夜,dafuzhuanshi-xiaodaofengli/大符篆師_html346.html
第三百四十七章 魯王,dafuzhuanshi-xiaodaofengli/大符篆師_html347.html
第三百四十八章 勢力雛形,dafuzhuanshi-xiaodaofengli/大符篆師_html348.html
第三百四十九章 悲催的紫光神子,dafuzhuanshi-xiaodaofengli/大符篆師_html349.html
第三百五十章 吃人的王爺,dafuzhuanshi-xiaodaofengli/大符篆師_html350.html
第三百五十一章 綵衣的黑域,dafuzhuanshi-xiaodaofengli/大符篆師_html351.html
第三百五十二章 魯王之死,dafuzhuanshi-xiaodaofengli/大符篆師_html352.html
第三百五十三章 這樣好玩,dafuzhuanshi-xiaodaofengli/大符篆師_html353.html
第三百五十四章 一波就秒了,dafuzhuanshi-xiaodaofengli/大符篆師_html354.html
第三百五十五章 上官家族,dafuzhuanshi-xiaodaofengli/大符篆師_html355.html
第三百五十六章 不讓他們看,dafuzhuanshi-xiaodaofengli/大符篆師_html356.html
第三百五十七章 好氣呀,dafuzhuanshi-xiaodaofengli/大符篆師_html357.html
第三百五十八章 再踏征程,dafuzhuanshi-xiaodaofengli/大符篆師_html358.html
第三百五十九章 我不狂,dafuzhuanshi-xiaodaofengli/大符篆師_html359.html
第三百六十章 一挑六,dafuzhuanshi-xiaodaofengli/大符篆師_html360.html
第三百六十一章 老劉的震撼,dafuzhuanshi-xiaodaofengli/大符篆師_html361.html
第三百六十二章 小白牛逼，天下第一！,dafuzhuanshi-xiaodaofengli/大符篆師_html362.html
第三百六十三章 太子,dafuzhuanshi-xiaodaofengli/大符篆師_html363.html
第三百六十四章 零封,dafuzhuanshi-xiaodaofengli/大符篆師_html364.html
第三百六十五章 九比零,dafuzhuanshi-xiaodaofengli/大符篆師_html365.html
第三百六十六章 天神戰隊,dafuzhuanshi-xiaodaofengli/大符篆師_html366.html
第三百六十七章 幹掉這個蘑菇頭,dafuzhuanshi-xiaodaofengli/大符篆師_html367.html
第三百六十八章 黑馬？,dafuzhuanshi-xiaodaofengli/大符篆師_html368.html
第三百六十九章 小風波,dafuzhuanshi-xiaodaofengli/大符篆師_html369.html
第三百七十章 絕不放水？,dafuzhuanshi-xiaodaofengli/大符篆師_html370.html
第三百七十一章 臉不疼嗎？,dafuzhuanshi-xiaodaofengli/大符篆師_html371.html
第三百七十二章 那就查查,dafuzhuanshi-xiaodaofengli/大符篆師_html372.html
第三百七十三章 羣雷再現,dafuzhuanshi-xiaodaofengli/大符篆師_html373.html
第三百七十四章 不必了,dafuzhuanshi-xiaodaofengli/大符篆師_html374.html
第三百七十五章 天湖聖地,dafuzhuanshi-xiaodaofengli/大符篆師_html375.html
第三百七十六章 曾經有一個你的本家，後來……,dafuzhuanshi-xiaodaofengli/大符篆師_html376.html
第三百七十七章 決賽開始,dafuzhuanshi-xiaodaofengli/大符篆師_html377.html
第三百七十八章 玩戰術的小白,dafuzhuanshi-xiaodaofengli/大符篆師_html378.html
第三百七十九章 勢均力敵？不，是碾壓！,dafuzhuanshi-xiaodaofengli/大符篆師_html379.html
第三百八十章 按原計劃行事,dafuzhuanshi-xiaodaofengli/大符篆師_html380.html
第三百八十一章 超努力的符神戰隊,dafuzhuanshi-xiaodaofengli/大符篆師_html381.html
第三百八十二章 名字是不是起大了？,dafuzhuanshi-xiaodaofengli/大符篆師_html382.html
第三百八十三章 好消息？,dafuzhuanshi-xiaodaofengli/大符篆師_html383.html
第三百八十四章 大佬，能給條活路嗎？,dafuzhuanshi-xiaodaofengli/大符篆師_html384.html
第三百八十五章 傳奇的崛起,dafuzhuanshi-xiaodaofengli/大符篆師_html385.html
第三百八十六章 你就那麼肯定？,dafuzhuanshi-xiaodaofengli/大符篆師_html386.html
第三百八十七章 不爭了,dafuzhuanshi-xiaodaofengli/大符篆師_html387.html
第三百八十八章 被激怒的綵衣,dafuzhuanshi-xiaodaofengli/大符篆師_html388.html
第三百八十九章 創造歷史的冠軍,dafuzhuanshi-xiaodaofengli/大符篆師_html389.html
第三百九十章 御駕親臨,dafuzhuanshi-xiaodaofengli/大符篆師_html390.html
第三百九十一章 到底什麼來頭？,dafuzhuanshi-xiaodaofengli/大符篆師_html391.html
第三百九十二章 帝國聯賽冠軍,dafuzhuanshi-xiaodaofengli/大符篆師_html392.html
第三百九十三章 天湖星,dafuzhuanshi-xiaodaofengli/大符篆師_html393.html
第三百九十四章 可以追你嗎？,dafuzhuanshi-xiaodaofengli/大符篆師_html394.html
第三百九十五章 贏了我就……,dafuzhuanshi-xiaodaofengli/大符篆師_html395.html
第三百九十六章 我纔是最冷靜那個？,dafuzhuanshi-xiaodaofengli/大符篆師_html396.html
第三百九十七章 波詭雲譎,dafuzhuanshi-xiaodaofengli/大符篆師_html397.html
第三百九十八章 遍地禁區,dafuzhuanshi-xiaodaofengli/大符篆師_html398.html
第三百九十九章 花紅中的殺機,dafuzhuanshi-xiaodaofengli/大符篆師_html399.html
第四百章 好大一盤棋,dafuzhuanshi-xiaodaofengli/大符篆師_html400.html
第四百零一章 石中屋,dafuzhuanshi-xiaodaofengli/大符篆師_html401.html
第四百零二章 圖窮匕見,dafuzhuanshi-xiaodaofengli/大符篆師_html402.html
第四百零三章 白大宗師,dafuzhuanshi-xiaodaofengli/大符篆師_html403.html
第四百零四章 信任,dafuzhuanshi-xiaodaofengli/大符篆師_html404.html
第四百零五章 寶貝被搶走了,dafuzhuanshi-xiaodaofengli/大符篆師_html405.html
第四百零六章 四十天,dafuzhuanshi-xiaodaofengli/大符篆師_html406.html
第四百零七章 夫人是個好人,dafuzhuanshi-xiaodaofengli/大符篆師_html407.html
第四百零八章 天湖之戰,dafuzhuanshi-xiaodaofengli/大符篆師_html408.html
第四百零九章 誰贊成？誰反對？,dafuzhuanshi-xiaodaofengli/大符篆師_html409.html
第四百一十章 勇哥就是這麼敢作敢當,dafuzhuanshi-xiaodaofengli/大符篆師_html410.html
第四百一十一章 哥帶你們飛,dafuzhuanshi-xiaodaofengli/大符篆師_html411.html
第四百一十二章 玫瑰們,dafuzhuanshi-xiaodaofengli/大符篆師_html412.html
第四百一十三章 段家老祖,dafuzhuanshi-xiaodaofengli/大符篆師_html413.html
第四百一十四章 上官家的攻擊,dafuzhuanshi-xiaodaofengli/大符篆師_html414.html
第四百一十五章 我是你姑奶奶,dafuzhuanshi-xiaodaofengli/大符篆師_html415.html
第四百一十六章 賠錢,dafuzhuanshi-xiaodaofengli/大符篆師_html416.html
第四百一十七章 搬空,dafuzhuanshi-xiaodaofengli/大符篆師_html417.html
第四百一十八章 不，還不夠,dafuzhuanshi-xiaodaofengli/大符篆師_html418.html
第四百一十九章 五朵金花,dafuzhuanshi-xiaodaofengli/大符篆師_html419.html
第四百二十章 上官家低頭,dafuzhuanshi-xiaodaofengli/大符篆師_html420.html
第四百二十一章 迴歸祖龍,dafuzhuanshi-xiaodaofengli/大符篆師_html421.html
第四百二十二章 現在我不怕你了,dafuzhuanshi-xiaodaofengli/大符篆師_html422.html
第四百二十三章 我是大宗師,dafuzhuanshi-xiaodaofengli/大符篆師_html423.html
第四百二十四章 巨人城試煉場出事,dafuzhuanshi-xiaodaofengli/大符篆師_html424.html
第四百二十五章 是兄弟就一起,dafuzhuanshi-xiaodaofengli/大符篆師_html425.html
第四百二十六章 刀劈行宮,dafuzhuanshi-xiaodaofengli/大符篆師_html426.html
第四百二十七章 楚王氣吐血,dafuzhuanshi-xiaodaofengli/大符篆師_html427.html
第四百二十八章 牆倒衆人推,dafuzhuanshi-xiaodaofengli/大符篆師_html428.html
第四百二十九章 驚疑不定的親王們,dafuzhuanshi-xiaodaofengli/大符篆師_html429.html
第四百三十章 司音的摸頭殺,dafuzhuanshi-xiaodaofengli/大符篆師_html430.html
第四百三十一章 那鹿呢？,dafuzhuanshi-xiaodaofengli/大符篆師_html431.html
第四百三十二章 藍色小蛇,dafuzhuanshi-xiaodaofengli/大符篆師_html432.html
第四百三十三章 八九玄功,dafuzhuanshi-xiaodaofengli/大符篆師_html433.html
第四百三十四章 林子衿的生死考驗,dafuzhuanshi-xiaodaofengli/大符篆師_html434.html
第四百三十五章 鳳舞九天,dafuzhuanshi-xiaodaofengli/大符篆師_html435.html
第四百三十六章 符師道祖,dafuzhuanshi-xiaodaofengli/大符篆師_html436.html
第四百三十七章 小王爺？,dafuzhuanshi-xiaodaofengli/大符篆師_html437.html
第四百三十八章 刻意挑釁,dafuzhuanshi-xiaodaofengli/大符篆師_html438.html
第四百三十九章 呸,dafuzhuanshi-xiaodaofengli/大符篆師_html439.html
第四百四十章 白林晚宴,dafuzhuanshi-xiaodaofengli/大符篆師_html440.html
第四百四十一章 林子衿的兩個問題,dafuzhuanshi-xiaodaofengli/大符篆師_html441.html
第四百四十二章 打你跟玩一樣,dafuzhuanshi-xiaodaofengli/大符篆師_html442.html
第四百四十三章 白牧尋,dafuzhuanshi-xiaodaofengli/大符篆師_html443.html
第四百四十四章 千里江堤,dafuzhuanshi-xiaodaofengli/大符篆師_html444.html
第四百四十五章 丟大街上去吧,dafuzhuanshi-xiaodaofengli/大符篆師_html445.html
第四百四十六章 老狐狸坐不住了,dafuzhuanshi-xiaodaofengli/大符篆師_html446.html
第四百四十七章 我們一起來飈戲,dafuzhuanshi-xiaodaofengli/大符篆師_html447.html
第四百四十八章 新皇登基,dafuzhuanshi-xiaodaofengli/大符篆師_html448.html
第四百四十九章 封侯,dafuzhuanshi-xiaodaofengli/大符篆師_html449.html
第四百五十章 戰滄海,dafuzhuanshi-xiaodaofengli/大符篆師_html450.html
第四百五十一章 林哥威武,dafuzhuanshi-xiaodaofengli/大符篆師_html451.html
第四百五十二章 神族降臨,dafuzhuanshi-xiaodaofengli/大符篆師_html452.html
第四百五十三章 又要打比賽？,dafuzhuanshi-xiaodaofengli/大符篆師_html453.html
第四百五十四章 這是戰爭,dafuzhuanshi-xiaodaofengli/大符篆師_html454.html
第四百五十五章 一顆美味的毒藥,dafuzhuanshi-xiaodaofengli/大符篆師_html455.html
第四百五十六章 第一戰,dafuzhuanshi-xiaodaofengli/大符篆師_html456.html
第四百五十七章 精靈族後人,dafuzhuanshi-xiaodaofengli/大符篆師_html457.html
第四百五十八章 人族之殤,dafuzhuanshi-xiaodaofengli/大符篆師_html458.html
第四百五十九章 永不放棄,dafuzhuanshi-xiaodaofengli/大符篆師_html459.html
第四百六十章 大魔王支配的恐懼,dafuzhuanshi-xiaodaofengli/大符篆師_html460.html
第四百六十一章 你們倆一起上吧！,dafuzhuanshi-xiaodaofengli/大符篆師_html461.html
第四百六十二章 圖窮匕見,dafuzhuanshi-xiaodaofengli/大符篆師_html462.html
第四百六十三章 你是不是腦子有病？,dafuzhuanshi-xiaodaofengli/大符篆師_html463.html
第四百六十四章 不是怕,dafuzhuanshi-xiaodaofengli/大符篆師_html464.html
第四百六十五章 真的是圈套？,dafuzhuanshi-xiaodaofengli/大符篆師_html465.html
第四百六十六章 子衿之怒,dafuzhuanshi-xiaodaofengli/大符篆師_html466.html
第四百六十七章 老子認輸,dafuzhuanshi-xiaodaofengli/大符篆師_html467.html
第四百六十八章 就是這麼兇殘,dafuzhuanshi-xiaodaofengli/大符篆師_html468.html
第四百六十九章 一起畫個龍,dafuzhuanshi-xiaodaofengli/大符篆師_html469.html
第四百七十章 他是大宗師,dafuzhuanshi-xiaodaofengli/大符篆師_html470.html
第四百七十一章 決賽之前,dafuzhuanshi-xiaodaofengli/大符篆師_html471.html
第四百七十二章 全面爆發的符龍戰隊,dafuzhuanshi-xiaodaofengli/大符篆師_html472.html
第四百七十三章 沒錯，就是報復！,dafuzhuanshi-xiaodaofengli/大符篆師_html473.html
第四百七十四章 英武元年的雙十一,dafuzhuanshi-xiaodaofengli/大符篆師_html474.html
第四百七十五章 這是符帝,dafuzhuanshi-xiaodaofengli/大符篆師_html475.html
第四百七十六章 無法置信,dafuzhuanshi-xiaodaofengli/大符篆師_html476.html
第四百七十七章 逃,dafuzhuanshi-xiaodaofengli/大符篆師_html477.html
第四百七十八章 帝隕,dafuzhuanshi-xiaodaofengli/大符篆師_html478.html
第四百七十九章 神族天帝,dafuzhuanshi-xiaodaofengli/大符篆師_html479.html
第四百八十章 超級大陸,dafuzhuanshi-xiaodaofengli/大符篆師_html480.html
第四百八十一章 三十六號要塞,dafuzhuanshi-xiaodaofengli/大符篆師_html481.html
第四百八十二章 他是氣運之子,dafuzhuanshi-xiaodaofengli/大符篆師_html482.html
第四百八十三章 神符師,dafuzhuanshi-xiaodaofengli/大符篆師_html483.html
第四百八十四章 白師再次上線,dafuzhuanshi-xiaodaofengli/大符篆師_html484.html
第四百八十五章 紅楓城,dafuzhuanshi-xiaodaofengli/大符篆師_html485.html
第四百八十六章 意外,dafuzhuanshi-xiaodaofengli/大符篆師_html486.html
第四百八十七章 膨脹的小單,dafuzhuanshi-xiaodaofengli/大符篆師_html487.html
第四百八十八章 桎梏都沒了？,dafuzhuanshi-xiaodaofengli/大符篆師_html488.html
第四百八十九章 大荒之地,dafuzhuanshi-xiaodaofengli/大符篆師_html489.html
第四百九十章 掮客的身影,dafuzhuanshi-xiaodaofengli/大符篆師_html490.html
第四百九十一章 四腳族和雙頭族,dafuzhuanshi-xiaodaofengli/大符篆師_html491.html
第四百九十二章 刺霸先生是個好人,dafuzhuanshi-xiaodaofengli/大符篆師_html492.html
第四百九十三章 崩潰的大荒之地,dafuzhuanshi-xiaodaofengli/大符篆師_html493.html
第四百九十四章 年輕的帝,dafuzhuanshi-xiaodaofengli/大符篆師_html494.html
第四百九十五章 冤家路窄,dafuzhuanshi-xiaodaofengli/大符篆師_html495.html
第四百九十六章 霍子玉,dafuzhuanshi-xiaodaofengli/大符篆師_html496.html
第四百九十七章 父母的消息,dafuzhuanshi-xiaodaofengli/大符篆師_html497.html
第四百九十八章 各路追殺,dafuzhuanshi-xiaodaofengli/大符篆師_html498.html
第四百九十九章 窮困潦倒的小白同學,dafuzhuanshi-xiaodaofengli/大符篆師_html499.html
第五百章 蟲子,dafuzhuanshi-xiaodaofengli/大符篆師_html500.html
第五百零一章 島嶼,dafuzhuanshi-xiaodaofengli/大符篆師_html501.html
第五百零二章 組團掀桌,dafuzhuanshi-xiaodaofengli/大符篆師_html502.html
第五百零三章 撕着玩唄,dafuzhuanshi-xiaodaofengli/大符篆師_html503.html
第五百零四章 星系法器,dafuzhuanshi-xiaodaofengli/大符篆師_html504.html
第五百零五章 這叫化妝？,dafuzhuanshi-xiaodaofengli/大符篆師_html505.html
第五百零六章 這是在坐牢？,dafuzhuanshi-xiaodaofengli/大符篆師_html506.html
第五百零七章 我的女兒不可能這麼醜！,dafuzhuanshi-xiaodaofengli/大符篆師_html507.html
第五百零八章 父子相見,dafuzhuanshi-xiaodaofengli/大符篆師_html508.html
第五百零九章 小媽你好,dafuzhuanshi-xiaodaofengli/大符篆師_html509.html
第五百一十章 天河深處,dafuzhuanshi-xiaodaofengli/大符篆師_html510.html
第五百一十一章 丈母孃看女婿,dafuzhuanshi-xiaodaofengli/大符篆師_html511.html
第五百一十二章 我們可以,dafuzhuanshi-xiaodaofengli/大符篆師_html512.html
第五百一十三章 圖謀,dafuzhuanshi-xiaodaofengli/大符篆師_html513.html
第五百一十四章 盜藥,dafuzhuanshi-xiaodaofengli/大符篆師_html514.html
第五百一十五章 天河聯盟,dafuzhuanshi-xiaodaofengli/大符篆師_html515.html
第五百一十六章 滾出去,dafuzhuanshi-xiaodaofengli/大符篆師_html516.html
第五百一十七章 殺,dafuzhuanshi-xiaodaofengli/大符篆師_html517.html
第五百一十八章 邰家的年輕符帝,dafuzhuanshi-xiaodaofengli/大符篆師_html518.html
第五百一十九章 超自信的邰銘,dafuzhuanshi-xiaodaofengli/大符篆師_html519.html
第五百二十章 褐皮影帝,dafuzhuanshi-xiaodaofengli/大符篆師_html520.html
第五百二十一章 送你的燈光秀,dafuzhuanshi-xiaodaofengli/大符篆師_html521.html
第五百二十二章 驚不驚喜？開不開心？,dafuzhuanshi-xiaodaofengli/大符篆師_html522.html
第五百二十三章 符帝在線畫符,dafuzhuanshi-xiaodaofengli/大符篆師_html523.html
第五百二十四章 富貴險中求,dafuzhuanshi-xiaodaofengli/大符篆師_html524.html
第五百二十五章 邰家真有錢,dafuzhuanshi-xiaodaofengli/大符篆師_html525.html
第五百二十六章 老祖救我,dafuzhuanshi-xiaodaofengli/大符篆師_html526.html
第五百二十七章 不死不休的龔家堡和邰家,dafuzhuanshi-xiaodaofengli/大符篆師_html527.html
第五百二十八章 鳩佔鵲巢,dafuzhuanshi-xiaodaofengli/大符篆師_html528.html
第五百二十九章 給了還帶往回搶？,dafuzhuanshi-xiaodaofengli/大符篆師_html529.html
第五百三十章 萬一是呢？,dafuzhuanshi-xiaodaofengli/大符篆師_html530.html
第五百三十一章 跟我開玩笑呢？,dafuzhuanshi-xiaodaofengli/大符篆師_html531.html
第五百三十二章 三觀崩塌,dafuzhuanshi-xiaodaofengli/大符篆師_html532.html
第五百三十三章 英武四年初,dafuzhuanshi-xiaodaofengli/大符篆師_html533.html
第五百三十四章 那就別講了,dafuzhuanshi-xiaodaofengli/大符篆師_html534.html
第五百三十五章 你家有內奸,dafuzhuanshi-xiaodaofengli/大符篆師_html535.html
第五百三十六章 又繞回來了？,dafuzhuanshi-xiaodaofengli/大符篆師_html536.html
第五百三十七章 截殺,dafuzhuanshi-xiaodaofengli/大符篆師_html537.html
第五百三十八章 一步之遙,dafuzhuanshi-xiaodaofengli/大符篆師_html538.html
第五百三十九章 子衿出關,dafuzhuanshi-xiaodaofengli/大符篆師_html539.html
第五百四十章 大藥成熟了,dafuzhuanshi-xiaodaofengli/大符篆師_html540.html
第五百四十一章 你不是神符師？,dafuzhuanshi-xiaodaofengli/大符篆師_html541.html
第五百四十二章 漁翁得利,dafuzhuanshi-xiaodaofengli/大符篆師_html542.html
第五百四十三章 小白同學的餘威,dafuzhuanshi-xiaodaofengli/大符篆師_html543.html
第五百四十四章 前站，大戰！,dafuzhuanshi-xiaodaofengli/大符篆師_html544.html
第五百四十五章 人間煙火，纔是幸福,dafuzhuanshi-xiaodaofengli/大符篆師_html545.html
第五百四十六章 惡魔團的傳說,dafuzhuanshi-xiaodaofengli/大符篆師_html546.html
第五百四十七章 人間亂,dafuzhuanshi-xiaodaofengli/大符篆師_html547.html
第五百四十八章 他回來了,dafuzhuanshi-xiaodaofengli/大符篆師_html548.html
第五百四十九章 驚天逆轉,dafuzhuanshi-xiaodaofengli/大符篆師_html549.html
第五百五十章 綵衣成婚,dafuzhuanshi-xiaodaofengli/大符篆師_html550.html
第五百五十一章 你究竟是誰？,dafuzhuanshi-xiaodaofengli/大符篆師_html551.html
第五百五十二章 送上門來,dafuzhuanshi-xiaodaofengli/大符篆師_html552.html
第五百五十三章 就你戲多,dafuzhuanshi-xiaodaofengli/大符篆師_html553.html
第五百五十四章 送寶不要停,dafuzhuanshi-xiaodaofengli/大符篆師_html554.html
第五百五十五章 種樹的人,dafuzhuanshi-xiaodaofengli/大符篆師_html555.html
第五百五十六章 無賴天帝,dafuzhuanshi-xiaodaofengli/大符篆師_html556.html
第五百五十七章 神秘之地走出來的人,dafuzhuanshi-xiaodaofengli/大符篆師_html557.html
第五百五十八章 紅綃,dafuzhuanshi-xiaodaofengli/大符篆師_html558.html
第五百五十九章 卜家主真乃信人,dafuzhuanshi-xiaodaofengli/大符篆師_html559.html
第五百六十章 打穿天河,dafuzhuanshi-xiaodaofengli/大符篆師_html560.html
第五百六十一章 雞之大，一鍋燉不下！,dafuzhuanshi-xiaodaofengli/大符篆師_html561.html
第五百六十二章 舉世皆驚,dafuzhuanshi-xiaodaofengli/大符篆師_html562.html
第五百六十三章 超凡入聖,dafuzhuanshi-xiaodaofengli/大符篆師_html563.html
第五百六十四章 孰真孰假,dafuzhuanshi-xiaodaofengli/大符篆師_html564.html
第五百六十五章 天河背面,dafuzhuanshi-xiaodaofengli/大符篆師_html565.html
第五百六十六章 打爆天河源頭,dafuzhuanshi-xiaodaofengli/大符篆師_html566.html
第五百六十七章 萬神殿新神,dafuzhuanshi-xiaodaofengli/大符篆師_html567.html
第五百六十八章 三寸丁去死,dafuzhuanshi-xiaodaofengli/大符篆師_html568.html
第五百六十九章 祖域,dafuzhuanshi-xiaodaofengli/大符篆師_html569.html
第五百七十章 欺負她的人都得死,dafuzhuanshi-xiaodaofengli/大符篆師_html570.html
第五百七十一章 謀劃,dafuzhuanshi-xiaodaofengli/大符篆師_html571.html
第五百七十二章 祖域黃家,dafuzhuanshi-xiaodaofengli/大符篆師_html572.html
第五百七十三章 祖靈晶體,dafuzhuanshi-xiaodaofengli/大符篆師_html573.html
第五百七十四章 十萬人陪你並肩作戰,dafuzhuanshi-xiaodaofengli/大符篆師_html574.html
第五百七十五章 綵衣的演技究竟多高？,dafuzhuanshi-xiaodaofengli/大符篆師_html575.html
第五百七十六章 擔子有點重,dafuzhuanshi-xiaodaofengli/大符篆師_html576.html
第五百七十六章 你對我有興趣？,dafuzhuanshi-xiaodaofengli/大符篆師_html577.html
第五百七十七章 夜闌靜,dafuzhuanshi-xiaodaofengli/大符篆師_html578.html
第五百七十八章 維度上的差距,dafuzhuanshi-xiaodaofengli/大符篆師_html579.html
第五百七十九章 你男朋友？,dafuzhuanshi-xiaodaofengli/大符篆師_html580.html
第五百八十章 小白入聖,dafuzhuanshi-xiaodaofengli/大符篆師_html581.html
第五百八十一章 送寶小隊，出發！,dafuzhuanshi-xiaodaofengli/大符篆師_html582.html
第五百八十二章 計劃沒有變化快,dafuzhuanshi-xiaodaofengli/大符篆師_html583.html
第五百八十三章 兇手竟然是它？,dafuzhuanshi-xiaodaofengli/大符篆師_html584.html
第五百八十四章 悲催的祝家,dafuzhuanshi-xiaodaofengli/大符篆師_html585.html
第五百八十五章 大妖之威,dafuzhuanshi-xiaodaofengli/大符篆師_html586.html
第五百八十六章 祖域亂起,dafuzhuanshi-xiaodaofengli/大符篆師_html587.html
第五百八十七章 敏而好學的問君,dafuzhuanshi-xiaodaofengli/大符篆師_html588.html
第五百八十八章 召見,dafuzhuanshi-xiaodaofengli/大符篆師_html589.html
第五百八十九章 白影帝再次上線,dafuzhuanshi-xiaodaofengli/大符篆師_html590.html
第五百九十章 風水寶地,dafuzhuanshi-xiaodaofengli/大符篆師_html591.html
第五百九十一章 坑死青黑二尊,dafuzhuanshi-xiaodaofengli/大符篆師_html592.html
第五百九十三章 問君大天神,dafuzhuanshi-xiaodaofengli/大符篆師_html593.html
第五百九十四章 滾去寫作業,dafuzhuanshi-xiaodaofengli/大符篆師_html594.html
第五百九十五章 好氣呀！,dafuzhuanshi-xiaodaofengli/大符篆師_html595.html
第五百九十六章 出問題了,dafuzhuanshi-xiaodaofengli/大符篆師_html596.html
第五百九十七章 記得來找我！,dafuzhuanshi-xiaodaofengli/大符篆師_html597.html
第五百九十八章 這回不許和我搶,dafuzhuanshi-xiaodaofengli/大符篆師_html598.html
第五百九十九章 硬撼,dafuzhuanshi-xiaodaofengli/大符篆師_html599.html
第六百章 那我是誰？,dafuzhuanshi-xiaodaofengli/大符篆師_html600.html
第六百零一章 我就是這樣坦蕩的一尊神,dafuzhuanshi-xiaodaofengli/大符篆師_html601.html
第六百零二章 決裂,dafuzhuanshi-xiaodaofengli/大符篆師_html602.html
第六百零三章 聰明人真好！,dafuzhuanshi-xiaodaofengli/大符篆師_html603.html
第六百零四章 就像回到自己家一樣,dafuzhuanshi-xiaodaofengli/大符篆師_html604.html
第六百零五章 背鍋大天神,dafuzhuanshi-xiaodaofengli/大符篆師_html605.html
第六百零六章 鈴兒響叮噹,dafuzhuanshi-xiaodaofengli/大符篆師_html606.html
第六百零七章 慘烈,dafuzhuanshi-xiaodaofengli/大符篆師_html607.html
第六百零八章 樂極生死,dafuzhuanshi-xiaodaofengli/大符篆師_html608.html
第六百零九章 烽煙四起,dafuzhuanshi-xiaodaofengli/大符篆師_html609.html
第六百一十章 半日閒的張道明,dafuzhuanshi-xiaodaofengli/大符篆師_html610.html
第六百一十一章 迫不及待的狗咬狗,dafuzhuanshi-xiaodaofengli/大符篆師_html611.html
第六百一十二章 宛若君臨天下,dafuzhuanshi-xiaodaofengli/大符篆師_html612.html
第六百一十三章 你們服不服？,dafuzhuanshi-xiaodaofengli/大符篆師_html613.html
第六百一十四章 先滅一家,dafuzhuanshi-xiaodaofengli/大符篆師_html614.html
第六百一十五章 遲到的懲罰,dafuzhuanshi-xiaodaofengli/大符篆師_html615.html
第六百一十六章 我們從來都是這麼談,dafuzhuanshi-xiaodaofengli/大符篆師_html616.html
第六百一十七章 連破,dafuzhuanshi-xiaodaofengli/大符篆師_html617.html
第六百一十八章 背鍋之王南方鳥,dafuzhuanshi-xiaodaofengli/大符篆師_html618.html
第六百一十九章 符鎮星球白牧野,dafuzhuanshi-xiaodaofengli/大符篆師_html619.html
第六百二十章 千變萬化姬綵衣,dafuzhuanshi-xiaodaofengli/大符篆師_html620.html
第六百二十一章 后羿射日箭神谷,dafuzhuanshi-xiaodaofengli/大符篆師_html621.html
第六百二十二章 煉星爲錘吃瓜音,dafuzhuanshi-xiaodaofengli/大符篆師_html622.html
第六百二十三章 鳳舞九天林子衿,dafuzhuanshi-xiaodaofengli/大符篆師_html623.html
第六百二十四章 悲催的背鍋神投影,dafuzhuanshi-xiaodaofengli/大符篆師_html624.html
第六百二十五章 吞噬,dafuzhuanshi-xiaodaofengli/大符篆師_html625.html
第六百二十六章 婚禮,dafuzhuanshi-xiaodaofengli/大符篆師_html626.html
第六百二十七章 你被星球砸過嗎？,dafuzhuanshi-xiaodaofengli/大符篆師_html627.html
第六百二十八章 坑死沒商量,dafuzhuanshi-xiaodaofengli/大符篆師_html628.html
第六百二十九章 煉化萬神殿,dafuzhuanshi-xiaodaofengli/大符篆師_html629.html
第六百三十章 一語成道劉志遠,dafuzhuanshi-xiaodaofengli/大符篆師_html630.html
第六百三十一章 破敗的世界,dafuzhuanshi-xiaodaofengli/大符篆師_html631.html
第六百三十二章 氣運之子,dafuzhuanshi-xiaodaofengli/大符篆師_html632.html
第六百三十三章 你中計了,dafuzhuanshi-xiaodaofengli/大符篆師_html633.html
第六百三十四章 真北方大天神,dafuzhuanshi-xiaodaofengli/大符篆師_html634.html
第六百三十五章 專業背鍋,dafuzhuanshi-xiaodaofengli/大符篆師_html635.html
第六百三十六章 終於上鉤了,dafuzhuanshi-xiaodaofengli/大符篆師_html636.html
第六百三十七章 野心太大,dafuzhuanshi-xiaodaofengli/大符篆師_html637.html
第六百三十八章 再得造化液,dafuzhuanshi-xiaodaofengli/大符篆師_html638.html
第六百三十九章 金蟬脫殼,dafuzhuanshi-xiaodaofengli/大符篆師_html639.html
第六百四十章 光桿司令,dafuzhuanshi-xiaodaofengli/大符篆師_html640.html
第六百四十一章 故地重遊遇故人,dafuzhuanshi-xiaodaofengli/大符篆師_html641.html
第六百四十二章 我們是不是認識？,dafuzhuanshi-xiaodaofengli/大符篆師_html642.html
第六百四十三章 太古天族,dafuzhuanshi-xiaodaofengli/大符篆師_html643.html
第六百四十四章 留點東西再走,dafuzhuanshi-xiaodaofengli/大符篆師_html644.html
第六百四十五章 身份暴露,dafuzhuanshi-xiaodaofengli/大符篆師_html645.html
第六百四十六章 問君歸來,dafuzhuanshi-xiaodaofengli/大符篆師_html646.html
第六百四十七章 殺回去,dafuzhuanshi-xiaodaofengli/大符篆師_html647.html
第六百四十八章 大天神之戰,dafuzhuanshi-xiaodaofengli/大符篆師_html648.html
第六百四十九章 恩斷義絕,dafuzhuanshi-xiaodaofengli/大符篆師_html649.html
第六百五十章 反攻,dafuzhuanshi-xiaodaofengli/大符篆師_html650.html
第六百五十一章 大佬低頭,dafuzhuanshi-xiaodaofengli/大符篆師_html651.html
第六百五十二章 原來是這樣,dafuzhuanshi-xiaodaofengli/大符篆師_html652.html
第六百五十三章 道,dafuzhuanshi-xiaodaofengli/大符篆師_html653.html
第六百五十四章 地獄來客,dafuzhuanshi-xiaodaofengli/大符篆師_html654.html
第六百五十五章 兇險,dafuzhuanshi-xiaodaofengli/大符篆師_html655.html
第六百五十六章 截殺,dafuzhuanshi-xiaodaofengli/大符篆師_html656.html
第六百五十七章 來自最慫大天神的反擊,dafuzhuanshi-xiaodaofengli/大符篆師_html657.html
第六百五十八章 遷徙,dafuzhuanshi-xiaodaofengli/大符篆師_html658.html
第六百五十九章 即將落幕的一個時代,dafuzhuanshi-xiaodaofengli/大符篆師_html659.html
第六百六十章 深入,dafuzhuanshi-xiaodaofengli/大符篆師_html660.html
第六百六十一章 暴怒,dafuzhuanshi-xiaodaofengli/大符篆師_html661.html
第六百六十二章 心裡想都要挨雷劈,dafuzhuanshi-xiaodaofengli/大符篆師_html662.html
第六百六十三章 十二道天雷,dafuzhuanshi-xiaodaofengli/大符篆師_html663.html
第六百六十四章 窮途末路,dafuzhuanshi-xiaodaofengli/大符篆師_html664.html
第六百六十五章 南方鳥求和,dafuzhuanshi-xiaodaofengli/大符篆師_html665.html
第六百六十六章 萬神殿時代落幕,dafuzhuanshi-xiaodaofengli/大符篆師_html666.html
第六百六十七章 爲你我用了半年的時間……,dafuzhuanshi-xiaodaofengli/大符篆師_html667.html
第六百六十八章 波瀾再生,dafuzhuanshi-xiaodaofengli/大符篆師_html668.html
第六百六十九章 天庭,dafuzhuanshi-xiaodaofengli/大符篆師_html669.html
第六百七十章 活得久就不蠢？,dafuzhuanshi-xiaodaofengli/大符篆師_html670.html
第六百七十一章 新時代的開啓,dafuzhuanshi-xiaodaofengli/大符篆師_html671.html
第六百七十二章 山河圖內演古史,dafuzhuanshi-xiaodaofengli/大符篆師_html672.html
第六百七十三章 姜無涯,dafuzhuanshi-xiaodaofengli/大符篆師_html673.html
第六百七十四章 天后轉世,dafuzhuanshi-xiaodaofengli/大符篆師_html674.html
第六百七十五章 天宮遊,dafuzhuanshi-xiaodaofengli/大符篆師_html675.html
第六百七十六章 要談談嗎？,dafuzhuanshi-xiaodaofengli/大符篆師_html676.html
第六百七十七章 是誰導演這場戲？,dafuzhuanshi-xiaodaofengli/大符篆師_html677.html
第六百七十八章 偷樑換柱,dafuzhuanshi-xiaodaofengli/大符篆師_html678.html
第六百七十九章 暴怒的天帝,dafuzhuanshi-xiaodaofengli/大符篆師_html679.html
第六百八十章 天庭之變,dafuzhuanshi-xiaodaofengli/大符篆師_html680.html
第六百八十一章 新生命,dafuzhuanshi-xiaodaofengli/大符篆師_html681.html
第六百八十二章 業火,dafuzhuanshi-xiaodaofengli/大符篆師_html682.html
第六百八十三章 以水代酒，不醉不歸,dafuzhuanshi-xiaodaofengli/大符篆師_html683.html
第六百八十四章 祥和元年,dafuzhuanshi-xiaodaofengli/大符篆師_html684.html
第六百八十五章 再入地獄,dafuzhuanshi-xiaodaofengli/大符篆師_html685.html
第六百八十六章 紫竹林中的老人,dafuzhuanshi-xiaodaofengli/大符篆師_html686.html
第六百八十七章 你是怎麼學到的？,dafuzhuanshi-xiaodaofengli/大符篆師_html687.html
第六百八十八章 前夜,dafuzhuanshi-xiaodaofengli/大符篆師_html688.html
第六百八十九章 似幻似真,dafuzhuanshi-xiaodaofengli/大符篆師_html689.html
第六百九十章 降臨的天魔,dafuzhuanshi-xiaodaofengli/大符篆師_html690.html
第六百九十一章 無言的悲壯,dafuzhuanshi-xiaodaofengli/大符篆師_html691.html
第六百九十二章 蓋世功德,dafuzhuanshi-xiaodaofengli/大符篆師_html692.html
第六百九十三章 崩潰的神主,dafuzhuanshi-xiaodaofengli/大符篆師_html693.html
第六百九十四章 老魔伏誅,dafuzhuanshi-xiaodaofengli/大符篆師_html694.html
第六百九十五章 世界盡頭 絕地天通（大結局）,dafuzhuanshi-xiaodaofengli/大符篆師_html695.html
