第1章 隕落的天才,doupocangqiong-tiancantudou/鬥破蒼穹_html1.html
第2章 鬥氣大陸,doupocangqiong-tiancantudou/鬥破蒼穹_html2.html
第3章 客人,doupocangqiong-tiancantudou/鬥破蒼穹_html3.html
第4章 雲嵐宗,doupocangqiong-tiancantudou/鬥破蒼穹_html4.html
第5章 聚氣散,doupocangqiong-tiancantudou/鬥破蒼穹_html5.html
第6章 煉藥師,doupocangqiong-tiancantudou/鬥破蒼穹_html6.html
第7章 休！,doupocangqiong-tiancantudou/鬥破蒼穹_html7.html
第8章 神秘的老者,doupocangqiong-tiancantudou/鬥破蒼穹_html8.html
第9章 藥老！,doupocangqiong-tiancantudou/鬥破蒼穹_html9.html
第10章 借錢,doupocangqiong-tiancantudou/鬥破蒼穹_html10.html
第11章 坊市,doupocangqiong-tiancantudou/鬥破蒼穹_html11.html
第12章 離他遠點,doupocangqiong-tiancantudou/鬥破蒼穹_html12.html
第13章 黑鐵片,doupocangqiong-tiancantudou/鬥破蒼穹_html13.html
第14章 吸掌,doupocangqiong-tiancantudou/鬥破蒼穹_html14.html
第15章 修煉,doupocangqiong-tiancantudou/鬥破蒼穹_html15.html
第16章 蕭寧,doupocangqiong-tiancantudou/鬥破蒼穹_html16.html
第17章 衝突,doupocangqiong-tiancantudou/鬥破蒼穹_html17.html
第18章 玄階高級鬥技：八極崩,doupocangqiong-tiancantudou/鬥破蒼穹_html18.html
第19章 殘酷訓練,doupocangqiong-tiancantudou/鬥破蒼穹_html19.html
第20章 拍賣,doupocangqiong-tiancantudou/鬥破蒼穹_html20.html
第21章 二品煉藥師谷尼,doupocangqiong-tiancantudou/鬥破蒼穹_html21.html
第22章 風捲決,doupocangqiong-tiancantudou/鬥破蒼穹_html22.html
第23章 爭搶,doupocangqiong-tiancantudou/鬥破蒼穹_html23.html
第24章 一切待續,doupocangqiong-tiancantudou/鬥破蒼穹_html24.html
第25章 錢由我出,doupocangqiong-tiancantudou/鬥破蒼穹_html25.html
第26章 苦修,doupocangqiong-tiancantudou/鬥破蒼穹_html26.html
第27章 衝擊第七段,doupocangqiong-tiancantudou/鬥破蒼穹_html27.html
第28章 強化“吸掌”,doupocangqiong-tiancantudou/鬥破蒼穹_html28.html
第29章 重要的日子,doupocangqiong-tiancantudou/鬥破蒼穹_html29.html
第30章 辱人者，人恆辱之,doupocangqiong-tiancantudou/鬥破蒼穹_html30.html
第31章 一星斗者,doupocangqiong-tiancantudou/鬥破蒼穹_html31.html
第32章 挑戰,doupocangqiong-tiancantudou/鬥破蒼穹_html32.html
第33章 證實,doupocangqiong-tiancantudou/鬥破蒼穹_html33.html
第34章 翻身,doupocangqiong-tiancantudou/鬥破蒼穹_html34.html
第35章 罪惡感,doupocangqiong-tiancantudou/鬥破蒼穹_html35.html
第36章 滑稽的突破,doupocangqiong-tiancantudou/鬥破蒼穹_html36.html
第37章 蕭玉,doupocangqiong-tiancantudou/鬥破蒼穹_html37.html
第38章 這小傢伙，不簡單吶,doupocangqiong-tiancantudou/鬥破蒼穹_html38.html
第39章 儀式複測,doupocangqiong-tiancantudou/鬥破蒼穹_html39.html
第40章 震撼,doupocangqiong-tiancantudou/鬥破蒼穹_html40.html
第41章 增氣散,doupocangqiong-tiancantudou/鬥破蒼穹_html41.html
第42章 你輸了,doupocangqiong-tiancantudou/鬥破蒼穹_html42.html
第43章 強橫的蕭炎,doupocangqiong-tiancantudou/鬥破蒼穹_html43.html
第44章 陪你試試,doupocangqiong-tiancantudou/鬥破蒼穹_html44.html
第45章 落幕,doupocangqiong-tiancantudou/鬥破蒼穹_html45.html
第46章 暴怒的蕭炎,doupocangqiong-tiancantudou/鬥破蒼穹_html46.html
第47章 褻瀆,doupocangqiong-tiancantudou/鬥破蒼穹_html47.html
第48章 鬥氣閣,doupocangqiong-tiancantudou/鬥破蒼穹_html48.html
第49章 選擇功法,doupocangqiong-tiancantudou/鬥破蒼穹_html49.html
第50章 幫？,doupocangqiong-tiancantudou/鬥破蒼穹_html50.html
第51章 安心,doupocangqiong-tiancantudou/鬥破蒼穹_html51.html
第52章 突破,doupocangqiong-tiancantudou/鬥破蒼穹_html52.html
第53章 第九段,doupocangqiong-tiancantudou/鬥破蒼穹_html53.html
第54章 籌錢,doupocangqiong-tiancantudou/鬥破蒼穹_html54.html
第55章 不小心,doupocangqiong-tiancantudou/鬥破蒼穹_html55.html
第56章 迦南學院,doupocangqiong-tiancantudou/鬥破蒼穹_html56.html
第57章 廣告,doupocangqiong-tiancantudou/鬥破蒼穹_html57.html
第58章 高價,doupocangqiong-tiancantudou/鬥破蒼穹_html58.html
第59章 拍賣結束,doupocangqiong-tiancantudou/鬥破蒼穹_html59.html
第60章 藥材到手,doupocangqiong-tiancantudou/鬥破蒼穹_html60.html
第61章 裝,doupocangqiong-tiancantudou/鬥破蒼穹_html61.html
第62章 打,doupocangqiong-tiancantudou/鬥破蒼穹_html62.html
第63章 異火榜,doupocangqiong-tiancantudou/鬥破蒼穹_html63.html
第64章 煉製聚氣散,doupocangqiong-tiancantudou/鬥破蒼穹_html64.html
第65章 晉級鬥者,doupocangqiong-tiancantudou/鬥破蒼穹_html65.html
第66章 焚決,doupocangqiong-tiancantudou/鬥破蒼穹_html66.html
第67章 選擇,doupocangqiong-tiancantudou/鬥破蒼穹_html67.html
第68章 隕落心炎,doupocangqiong-tiancantudou/鬥破蒼穹_html68.html
第69章 氣憤的薰兒,doupocangqiong-tiancantudou/鬥破蒼穹_html69.html
第70章 探查,doupocangqiong-tiancantudou/鬥破蒼穹_html70.html
第71章 蕭家形勢,doupocangqiong-tiancantudou/鬥破蒼穹_html71.html
第72章 初學煉藥,doupocangqiong-tiancantudou/鬥破蒼穹_html72.html
第73章 第一次煉藥,doupocangqiong-tiancantudou/鬥破蒼穹_html73.html
第74章 不請自來,doupocangqiong-tiancantudou/鬥破蒼穹_html74.html
第75章 大手筆,doupocangqiong-tiancantudou/鬥破蒼穹_html75.html
第76章 合作,doupocangqiong-tiancantudou/鬥破蒼穹_html76.html
第77章 斷其藥路,doupocangqiong-tiancantudou/鬥破蒼穹_html77.html
第78章 煉啊煉的就突破了,doupocangqiong-tiancantudou/鬥破蒼穹_html78.html
第79章 蕭家的反擊,doupocangqiong-tiancantudou/鬥破蒼穹_html79.html
第80章 煉藥師柳席,doupocangqiong-tiancantudou/鬥破蒼穹_html80.html
第81章 察覺,doupocangqiong-tiancantudou/鬥破蒼穹_html81.html
第82章 坦白,doupocangqiong-tiancantudou/鬥破蒼穹_html82.html
第83章 小坊主,doupocangqiong-tiancantudou/鬥破蒼穹_html83.html
第84章 廢掉,doupocangqiong-tiancantudou/鬥破蒼穹_html84.html
第85章 接受,doupocangqiong-tiancantudou/鬥破蒼穹_html85.html
第86章 挑戰,doupocangqiong-tiancantudou/鬥破蒼穹_html86.html
第87章 第八十七 下殺手,doupocangqiong-tiancantudou/鬥破蒼穹_html87.html
第88章 落幕,doupocangqiong-tiancantudou/鬥破蒼穹_html88.html
第89章 月黑風高,doupocangqiong-tiancantudou/鬥破蒼穹_html89.html
第90章 料理後事,doupocangqiong-tiancantudou/鬥破蒼穹_html90.html
第91章 夜中相遇,doupocangqiong-tiancantudou/鬥破蒼穹_html91.html
第92章 搶,doupocangqiong-tiancantudou/鬥破蒼穹_html92.html
第93章 半路毀藥,doupocangqiong-tiancantudou/鬥破蒼穹_html93.html
第94章 眼光挺差,doupocangqiong-tiancantudou/鬥破蒼穹_html94.html
第95章 加列家族的境地,doupocangqiong-tiancantudou/鬥破蒼穹_html95.html
第96章 承諾,doupocangqiong-tiancantudou/鬥破蒼穹_html96.html
第97章 雪妮,doupocangqiong-tiancantudou/鬥破蒼穹_html97.html
第98章 刁難,doupocangqiong-tiancantudou/鬥破蒼穹_html98.html
第99章 威脅,doupocangqiong-tiancantudou/鬥破蒼穹_html99.html
第100章 潛力值的分級,doupocangqiong-tiancantudou/鬥破蒼穹_html100.html
第101章 最恐怖的一個,doupocangqiong-tiancantudou/鬥破蒼穹_html101.html
第102章 假期,doupocangqiong-tiancantudou/鬥破蒼穹_html102.html
第103章 初戰大斗師,doupocangqiong-tiancantudou/鬥破蒼穹_html103.html
第104章 離去之前,doupocangqiong-tiancantudou/鬥破蒼穹_html104.html
第105章 離開,doupocangqiong-tiancantudou/鬥破蒼穹_html105.html
第106章 雲嵐宗,doupocangqiong-tiancantudou/鬥破蒼穹_html106.html
第107章 八極崩的暗勁,doupocangqiong-tiancantudou/鬥破蒼穹_html107.html
第108章 血蓮精,doupocangqiong-tiancantudou/鬥破蒼穹_html108.html
第109章 小醫仙,doupocangqiong-tiancantudou/鬥破蒼穹_html109.html
第110章 加入隊伍,doupocangqiong-tiancantudou/鬥破蒼穹_html110.html
第111章 進入魔獸山脈,doupocangqiong-tiancantudou/鬥破蒼穹_html111.html
第112章 山洞,doupocangqiong-tiancantudou/鬥破蒼穹_html112.html
第113章 探寶,doupocangqiong-tiancantudou/鬥破蒼穹_html113.html
第114章 洞口遇險,doupocangqiong-tiancantudou/鬥破蒼穹_html114.html
第115章 冰靈焰草,doupocangqiong-tiancantudou/鬥破蒼穹_html115.html
第116章 飛行鬥技：鷹之翼,doupocangqiong-tiancantudou/鬥破蒼穹_html116.html
第117章 生死逃亡,doupocangqiong-tiancantudou/鬥破蒼穹_html117.html
第118章 紫雲翼,doupocangqiong-tiancantudou/鬥破蒼穹_html118.html
第119章 淨蓮妖火,doupocangqiong-tiancantudou/鬥破蒼穹_html119.html
第120章 晉級六星！,doupocangqiong-tiancantudou/鬥破蒼穹_html120.html
第121章 地階鬥技：焰分噬浪尺！,doupocangqiong-tiancantudou/鬥破蒼穹_html121.html
第122章 報復開始,doupocangqiong-tiancantudou/鬥破蒼穹_html122.html
第123章 殺戮,doupocangqiong-tiancantudou/鬥破蒼穹_html123.html
第124章 八星斗者赫蒙,doupocangqiong-tiancantudou/鬥破蒼穹_html124.html
第125章 擊殺,doupocangqiong-tiancantudou/鬥破蒼穹_html125.html
第126章 大圍剿,doupocangqiong-tiancantudou/鬥破蒼穹_html126.html
第127章 追殺,doupocangqiong-tiancantudou/鬥破蒼穹_html127.html
第128章 獨戰鬥師,doupocangqiong-tiancantudou/鬥破蒼穹_html128.html
第129章 突破七星,doupocangqiong-tiancantudou/鬥破蒼穹_html129.html
第130章 神秘女人與六階魔獸紫晶翼獅王,doupocangqiong-tiancantudou/鬥破蒼穹_html130.html
第131章 鬥皇級別的戰鬥,doupocangqiong-tiancantudou/鬥破蒼穹_html131.html
第132章 正確的療傷,doupocangqiong-tiancantudou/鬥破蒼穹_html132.html
第133章 山洞同居,doupocangqiong-tiancantudou/鬥破蒼穹_html133.html
第134章 不小心惹得禍,doupocangqiong-tiancantudou/鬥破蒼穹_html134.html
第135章 救人成功,doupocangqiong-tiancantudou/鬥破蒼穹_html135.html
第136章 破解封印,doupocangqiong-tiancantudou/鬥破蒼穹_html136.html
第137章 聯手行動,doupocangqiong-tiancantudou/鬥破蒼穹_html137.html
第138章 伴生紫晶源,doupocangqiong-tiancantudou/鬥破蒼穹_html138.html
第139章 紫靈晶到手,doupocangqiong-tiancantudou/鬥破蒼穹_html139.html
第140章 生死時速,doupocangqiong-tiancantudou/鬥破蒼穹_html140.html
第141章 吸收紫色能量,doupocangqiong-tiancantudou/鬥破蒼穹_html141.html
第142章 九星斗者,doupocangqiong-tiancantudou/鬥破蒼穹_html142.html
第143章 甘慕,doupocangqiong-tiancantudou/鬥破蒼穹_html143.html
第144章 擊殺九星斗者,doupocangqiong-tiancantudou/鬥破蒼穹_html144.html
第145章 再見小醫仙,doupocangqiong-tiancantudou/鬥破蒼穹_html145.html
第146章 闖狼頭,doupocangqiong-tiancantudou/鬥破蒼穹_html146.html
第147章 踢場,doupocangqiong-tiancantudou/鬥破蒼穹_html147.html
第148章 擊殺二星斗師,doupocangqiong-tiancantudou/鬥破蒼穹_html148.html
第149章 小山谷,doupocangqiong-tiancantudou/鬥破蒼穹_html149.html
第150章 紫焰,doupocangqiong-tiancantudou/鬥破蒼穹_html150.html
第151章 煉化火種,doupocangqiong-tiancantudou/鬥破蒼穹_html151.html
第152章 奇怪的言行,doupocangqiong-tiancantudou/鬥破蒼穹_html152.html
第153章 厄難毒體,doupocangqiong-tiancantudou/鬥破蒼穹_html153.html
第154章 可怕的體質,doupocangqiong-tiancantudou/鬥破蒼穹_html154.html
第155章 吞噬紫火之前的準備,doupocangqiong-tiancantudou/鬥破蒼穹_html155.html
第156章 魔核到手,doupocangqiong-tiancantudou/鬥破蒼穹_html156.html
第157章 煉丹！功法進化！,doupocangqiong-tiancantudou/鬥破蒼穹_html157.html
第158章 晉階鬥師！,doupocangqiong-tiancantudou/鬥破蒼穹_html158.html
第159章 鬥師與鬥者的差距,doupocangqiong-tiancantudou/鬥破蒼穹_html159.html
第160章 離別,doupocangqiong-tiancantudou/鬥破蒼穹_html160.html
第161章 煉化異火的三種必備之物,doupocangqiong-tiancantudou/鬥破蒼穹_html161.html
第162章 奧托大師,doupocangqiong-tiancantudou/鬥破蒼穹_html162.html
第163章 煉藥師公會,doupocangqiong-tiancantudou/鬥破蒼穹_html163.html
第164章 一品煉藥師的考覈,doupocangqiong-tiancantudou/鬥破蒼穹_html164.html
第165章 通過考覈,doupocangqiong-tiancantudou/鬥破蒼穹_html165.html
第166章 最年輕的二品煉藥師,doupocangqiong-tiancantudou/鬥破蒼穹_html166.html
第167章 煉藥師的極品待遇,doupocangqiong-tiancantudou/鬥破蒼穹_html167.html
第168章 古特,doupocangqiong-tiancantudou/鬥破蒼穹_html168.html
第169章 交換,doupocangqiong-tiancantudou/鬥破蒼穹_html169.html
第170章 冰靈寒泉到手,doupocangqiong-tiancantudou/鬥破蒼穹_html170.html
第171章 煉藥師大會,doupocangqiong-tiancantudou/鬥破蒼穹_html171.html
第172章 飛行途中,doupocangqiong-tiancantudou/鬥破蒼穹_html172.html
第173章 五品丹藥所引發的空中血案,doupocangqiong-tiancantudou/鬥破蒼穹_html173.html
第174章 抵達,doupocangqiong-tiancantudou/鬥破蒼穹_html174.html
第175章 神秘的殘破圖片？,doupocangqiong-tiancantudou/鬥破蒼穹_html175.html
第176章 神秘的老人,doupocangqiong-tiancantudou/鬥破蒼穹_html176.html
第177章 交手,doupocangqiong-tiancantudou/鬥破蒼穹_html177.html
第178章 藥老出手,doupocangqiong-tiancantudou/鬥破蒼穹_html178.html
第179章 曾經的十大強者，冰皇！,doupocangqiong-tiancantudou/鬥破蒼穹_html179.html
第180章 沙漠之行,doupocangqiong-tiancantudou/鬥破蒼穹_html180.html
第181章 沙漠苦修,doupocangqiong-tiancantudou/鬥破蒼穹_html181.html
第182章 巧遇,doupocangqiong-tiancantudou/鬥破蒼穹_html182.html
第183章 初遇蛇人鬥師初顯威,doupocangqiong-tiancantudou/鬥破蒼穹_html183.html
第184章 兄弟,doupocangqiong-tiancantudou/鬥破蒼穹_html184.html
第185章 青鱗,doupocangqiong-tiancantudou/鬥破蒼穹_html185.html
第186章 測驗,doupocangqiong-tiancantudou/鬥破蒼穹_html186.html
第187章 兄弟間的比試,doupocangqiong-tiancantudou/鬥破蒼穹_html187.html
第188章 青鱗的發現,doupocangqiong-tiancantudou/鬥破蒼穹_html188.html
第189章 探測地形,doupocangqiong-tiancantudou/鬥破蒼穹_html189.html
第190章 解決麻煩,doupocangqiong-tiancantudou/鬥破蒼穹_html190.html
第191章 通道,doupocangqiong-tiancantudou/鬥破蒼穹_html191.html
第192章 探測,doupocangqiong-tiancantudou/鬥破蒼穹_html192.html
第193章 岩漿中的神秘生物,doupocangqiong-tiancantudou/鬥破蒼穹_html193.html
第194章 遇襲,doupocangqiong-tiancantudou/鬥破蒼穹_html194.html
第195章 雙頭火靈蛇,doupocangqiong-tiancantudou/鬥破蒼穹_html195.html
第196章 藥老出手,doupocangqiong-tiancantudou/鬥破蒼穹_html196.html
第197章 碧蛇三花瞳,doupocangqiong-tiancantudou/鬥破蒼穹_html197.html
第198章 地穴之底,doupocangqiong-tiancantudou/鬥破蒼穹_html198.html
第199章 青蓮地心火,doupocangqiong-tiancantudou/鬥破蒼穹_html199.html
第200章 略有收穫,doupocangqiong-tiancantudou/鬥破蒼穹_html200.html
第201章 晉級！啓程！,doupocangqiong-tiancantudou/鬥破蒼穹_html201.html
第202章 沙漠深處,doupocangqiong-tiancantudou/鬥破蒼穹_html202.html
第203章 蛇女月媚,doupocangqiong-tiancantudou/鬥破蒼穹_html203.html
第204章 恐怖的陣容！,doupocangqiong-tiancantudou/鬥破蒼穹_html204.html
第205章 強者間的戰鬥,doupocangqiong-tiancantudou/鬥破蒼穹_html205.html
第206章 神秘黑袍人,doupocangqiong-tiancantudou/鬥破蒼穹_html206.html
第207章 夜闖部落,doupocangqiong-tiancantudou/鬥破蒼穹_html207.html
第208章 沙漠中心的城市,doupocangqiong-tiancantudou/鬥破蒼穹_html208.html
第209章 美杜莎女王,doupocangqiong-tiancantudou/鬥破蒼穹_html209.html
第210章 丹王古河的大手筆！,doupocangqiong-tiancantudou/鬥破蒼穹_html210.html
第211章 談判失敗,doupocangqiong-tiancantudou/鬥破蒼穹_html211.html
第212章 爭分奪秒,doupocangqiong-tiancantudou/鬥破蒼穹_html212.html
第213章 再見青蓮地心火！,doupocangqiong-tiancantudou/鬥破蒼穹_html213.html
第214章 進化開始,doupocangqiong-tiancantudou/鬥破蒼穹_html214.html
第215章 進化成功？,doupocangqiong-tiancantudou/鬥破蒼穹_html215.html
第216章 七彩吞天蟒,doupocangqiong-tiancantudou/鬥破蒼穹_html216.html
第217章 收服青蓮地心火！,doupocangqiong-tiancantudou/鬥破蒼穹_html217.html
第218章 混亂的局面,doupocangqiong-tiancantudou/鬥破蒼穹_html218.html
第219章 攜寶而逃,doupocangqiong-tiancantudou/鬥破蒼穹_html219.html
第220章 千里逃亡,doupocangqiong-tiancantudou/鬥破蒼穹_html220.html
第221章 雲芝？,doupocangqiong-tiancantudou/鬥破蒼穹_html221.html
第222章 短促的相見,doupocangqiong-tiancantudou/鬥破蒼穹_html222.html
第223章 五蛇毒剎印,doupocangqiong-tiancantudou/鬥破蒼穹_html223.html
第224章 能耐,doupocangqiong-tiancantudou/鬥破蒼穹_html224.html
第225章 開花結果時,doupocangqiong-tiancantudou/鬥破蒼穹_html225.html
第226章 異火的吞噬，啓動！,doupocangqiong-tiancantudou/鬥破蒼穹_html226.html
第227章 抽離火種,doupocangqiong-tiancantudou/鬥破蒼穹_html227.html
第228章 異火鍛體,doupocangqiong-tiancantudou/鬥破蒼穹_html228.html
第229章 成功,doupocangqiong-tiancantudou/鬥破蒼穹_html229.html
第230章 修補與強化,doupocangqiong-tiancantudou/鬥破蒼穹_html230.html
第231章 蕭炎的第一種本源異火：青蓮地心火,doupocangqiong-tiancantudou/鬥破蒼穹_html231.html
第232章 進化功法！,doupocangqiong-tiancantudou/鬥破蒼穹_html232.html
第233章 煎熬之痛,doupocangqiong-tiancantudou/鬥破蒼穹_html233.html
第234章 焚決進化！,doupocangqiong-tiancantudou/鬥破蒼穹_html234.html
第235章 再見冰皇,doupocangqiong-tiancantudou/鬥破蒼穹_html235.html
第236章 談話,doupocangqiong-tiancantudou/鬥破蒼穹_html236.html
第237章 天鼎榜,doupocangqiong-tiancantudou/鬥破蒼穹_html237.html
第238章 深藏不露,doupocangqiong-tiancantudou/鬥破蒼穹_html238.html
第239章 破解封印,doupocangqiong-tiancantudou/鬥破蒼穹_html239.html
第240章 殘圖到手，聘請保鏢,doupocangqiong-tiancantudou/鬥破蒼穹_html240.html
第241章 地兩百四十二章 石漠城的變故（五千,doupocangqiong-tiancantudou/鬥破蒼穹_html241.html
第242章 地兩百四十三章 擊殺大斗師！,doupocangqiong-tiancantudou/鬥破蒼穹_html242.html
第243章 直闖,doupocangqiong-tiancantudou/鬥破蒼穹_html243.html
第244章 震懾,doupocangqiong-tiancantudou/鬥破蒼穹_html244.html
第245章 墨家,doupocangqiong-tiancantudou/鬥破蒼穹_html245.html
第246章 吞併,doupocangqiong-tiancantudou/鬥破蒼穹_html246.html
第247章 鹽城,doupocangqiong-tiancantudou/鬥破蒼穹_html247.html
第248章 納蘭！,doupocangqiong-tiancantudou/鬥破蒼穹_html248.html
第249章 休整,doupocangqiong-tiancantudou/鬥破蒼穹_html249.html
第250章 長久打手,doupocangqiong-tiancantudou/鬥破蒼穹_html250.html
第251章 納蘭嫣然,doupocangqiong-tiancantudou/鬥破蒼穹_html251.html
第252章 搜尋以及墨家的野心,doupocangqiong-tiancantudou/鬥破蒼穹_html252.html
第253章 墨盟,doupocangqiong-tiancantudou/鬥破蒼穹_html253.html
第254章 砸場,doupocangqiong-tiancantudou/鬥破蒼穹_html254.html
第255章 狠辣手段,doupocangqiong-tiancantudou/鬥破蒼穹_html255.html
第256章 斬殺墨承,doupocangqiong-tiancantudou/鬥破蒼穹_html256.html
第257章 神秘的青衣女人,doupocangqiong-tiancantudou/鬥破蒼穹_html257.html
第258章 三名鬥皇強者的戰鬥！,doupocangqiong-tiancantudou/鬥破蒼穹_html258.html
第259章 八翼黑蛇皇,doupocangqiong-tiancantudou/鬥破蒼穹_html259.html
第260章 天空大戰,doupocangqiong-tiancantudou/鬥破蒼穹_html260.html
第261章 異火相融，佛怒火蓮！,doupocangqiong-tiancantudou/鬥破蒼穹_html261.html
第262章 恐怖的破壞力,doupocangqiong-tiancantudou/鬥破蒼穹_html262.html
第263章 藥老沉睡,doupocangqiong-tiancantudou/鬥破蒼穹_html263.html
第264章 依靠自己,doupocangqiong-tiancantudou/鬥破蒼穹_html264.html
第265章 休養與控火能力,doupocangqiong-tiancantudou/鬥破蒼穹_html265.html
第266章 美杜莎女王再現？,doupocangqiong-tiancantudou/鬥破蒼穹_html266.html
第267章 較量,doupocangqiong-tiancantudou/鬥破蒼穹_html267.html
第268章 暴漲的契合度,doupocangqiong-tiancantudou/鬥破蒼穹_html268.html
第269章 紫火丹,doupocangqiong-tiancantudou/鬥破蒼穹_html269.html
第270章 山寨版的佛怒火蓮,doupocangqiong-tiancantudou/鬥破蒼穹_html270.html
第271章 解決隱患，離開之前,doupocangqiong-tiancantudou/鬥破蒼穹_html271.html
第272章 抵達帝都,doupocangqiong-tiancantudou/鬥破蒼穹_html272.html
第273章 米特爾拍賣場，故人,doupocangqiong-tiancantudou/鬥破蒼穹_html273.html
第274章 惡毒,doupocangqiong-tiancantudou/鬥破蒼穹_html274.html
第275章 尋藥,doupocangqiong-tiancantudou/鬥破蒼穹_html275.html
第276章 阻攔,doupocangqiong-tiancantudou/鬥破蒼穹_html276.html
第277章 賤骨頭,doupocangqiong-tiancantudou/鬥破蒼穹_html277.html
第278章 七幻青靈涎,doupocangqiong-tiancantudou/鬥破蒼穹_html278.html
第279章 薰兒,doupocangqiong-tiancantudou/鬥破蒼穹_html279.html
第280章 隱藏在暗中的保護,doupocangqiong-tiancantudou/鬥破蒼穹_html280.html
第281章 我試試,doupocangqiong-tiancantudou/鬥破蒼穹_html281.html
第282章 倔着骨，咬着牙，忍着辱,doupocangqiong-tiancantudou/鬥破蒼穹_html282.html
第283章 驅毒,doupocangqiong-tiancantudou/鬥破蒼穹_html283.html
第284章 意外之喜，黑指,doupocangqiong-tiancantudou/鬥破蒼穹_html284.html
第285章 淘寶,doupocangqiong-tiancantudou/鬥破蒼穹_html285.html
第286章 冠軍的福利,doupocangqiong-tiancantudou/鬥破蒼穹_html286.html
第287章 參加,doupocangqiong-tiancantudou/鬥破蒼穹_html287.html
第288章 柳翎,doupocangqiong-tiancantudou/鬥破蒼穹_html288.html
第289章 潛在對手,doupocangqiong-tiancantudou/鬥破蒼穹_html289.html
第290章 晉級七星，最後的測驗,doupocangqiong-tiancantudou/鬥破蒼穹_html290.html
第291章 提煉,doupocangqiong-tiancantudou/鬥破蒼穹_html291.html
第292章 測驗,doupocangqiong-tiancantudou/鬥破蒼穹_html292.html
第293章 結束,doupocangqiong-tiancantudou/鬥破蒼穹_html293.html
第294章 黑馬,doupocangqiong-tiancantudou/鬥破蒼穹_html294.html
第295章 聚會，木戰,doupocangqiong-tiancantudou/鬥破蒼穹_html295.html
第296章 短暫的對決,doupocangqiong-tiancantudou/鬥破蒼穹_html296.html
第297章 納蘭嫣然的出手,doupocangqiong-tiancantudou/鬥破蒼穹_html297.html
第298章 收場,doupocangqiong-tiancantudou/鬥破蒼穹_html298.html
第299章 突如其來的鬥皇氣勢,doupocangqiong-tiancantudou/鬥破蒼穹_html299.html
第300章 麻袍加老,doupocangqiong-tiancantudou/鬥破蒼穹_html300.html
第301章 加老的實力,doupocangqiong-tiancantudou/鬥破蒼穹_html301.html
第302章 法獁，夭夜，大會開始！【三更合一,doupocangqiong-tiancantudou/鬥破蒼穹_html302.html
第303章 第一輪，開始！,doupocangqiong-tiancantudou/鬥破蒼穹_html303.html
第304章 驚心動魄【五千，今日九千字到！】,doupocangqiong-tiancantudou/鬥破蒼穹_html304.html
第305章 測驗，神秘的灰袍人！【兩更合一！,doupocangqiong-tiancantudou/鬥破蒼穹_html305.html
第306章 過於簡單的第二輪【這算是第一千票,doupocangqiong-tiancantudou/鬥破蒼穹_html306.html
第307章 問題所在,doupocangqiong-tiancantudou/鬥破蒼穹_html307.html
第308章 力挽狂瀾大會暫休,doupocangqiong-tiancantudou/鬥破蒼穹_html308.html
第309章 詭秘的黑袍人,doupocangqiong-tiancantudou/鬥破蒼穹_html309.html
第310章 真相,doupocangqiong-tiancantudou/鬥破蒼穹_html310.html
第311章 炎利,doupocangqiong-tiancantudou/鬥破蒼穹_html311.html
第312章 天降橫財,doupocangqiong-tiancantudou/鬥破蒼穹_html312.html
第313章 三紋青靈丹【第四更！】,doupocangqiong-tiancantudou/鬥破蒼穹_html313.html
第314章 最後一輪：開始！,doupocangqiong-tiancantudou/鬥破蒼穹_html314.html
第315章 各顯神通,doupocangqiong-tiancantudou/鬥破蒼穹_html315.html
第316章 失敗,doupocangqiong-tiancantudou/鬥破蒼穹_html316.html
第317章 冠軍，我要了！,doupocangqiong-tiancantudou/鬥破蒼穹_html317.html
第318章 再度崛起,doupocangqiong-tiancantudou/鬥破蒼穹_html318.html
第319章 紫心破障丹,doupocangqiong-tiancantudou/鬥破蒼穹_html319.html
第320章 炸爐,doupocangqiong-tiancantudou/鬥破蒼穹_html320.html
第321章 最後的勝利者！【遲來的第三更！抱,doupocangqiong-tiancantudou/鬥破蒼穹_html321.html
第322章 評價,doupocangqiong-tiancantudou/鬥破蒼穹_html322.html
第323章 大會結束！,doupocangqiong-tiancantudou/鬥破蒼穹_html323.html
第324章 領取獎勵,doupocangqiong-tiancantudou/鬥破蒼穹_html324.html
第325章 七幻青靈涎到手【第三更！】,doupocangqiong-tiancantudou/鬥破蒼穹_html325.html
第326章 藥老甦醒？,doupocangqiong-tiancantudou/鬥破蒼穹_html326.html
第327章 夜談,doupocangqiong-tiancantudou/鬥破蒼穹_html327.html
第328章 服用三紋青靈丹,doupocangqiong-tiancantudou/鬥破蒼穹_html328.html
第329章 晉階大斗師！,doupocangqiong-tiancantudou/鬥破蒼穹_html329.html
第330章 託付,doupocangqiong-tiancantudou/鬥破蒼穹_html330.html
第331章 蕭家，蕭炎！,doupocangqiong-tiancantudou/鬥破蒼穹_html331.html
第332章 三年之約！,doupocangqiong-tiancantudou/鬥破蒼穹_html332.html
第333章 納蘭嫣然，敗？,doupocangqiong-tiancantudou/鬥破蒼穹_html333.html
第334章 雙方的真實實力,doupocangqiong-tiancantudou/鬥破蒼穹_html334.html
第335章 白熱化的戰鬥！,doupocangqiong-tiancantudou/鬥破蒼穹_html335.html
第336章 風之極：落日耀,doupocangqiong-tiancantudou/鬥破蒼穹_html336.html
第337章 暴露,doupocangqiong-tiancantudou/鬥破蒼穹_html337.html
第338章 小型佛怒火蓮！,doupocangqiong-tiancantudou/鬥破蒼穹_html338.html
第339章 結束！,doupocangqiong-tiancantudou/鬥破蒼穹_html339.html
第340章 風波再起,doupocangqiong-tiancantudou/鬥破蒼穹_html340.html
第341章 逃不掉的麻煩,doupocangqiong-tiancantudou/鬥破蒼穹_html341.html
第342章 一觸即發【第一更，求保底月票！】,doupocangqiong-tiancantudou/鬥破蒼穹_html342.html
第343章 三名鬥王強者【第二更，求月票！】,doupocangqiong-tiancantudou/鬥破蒼穹_html343.html
第344章 大戰！【第三更到，吶喊一聲，月票,doupocangqiong-tiancantudou/鬥破蒼穹_html344.html
第345章 七彩吞天蟒出場！,doupocangqiong-tiancantudou/鬥破蒼穹_html345.html
第346章 悲劇的雲棱,doupocangqiong-tiancantudou/鬥破蒼穹_html346.html
第347章 雲煙覆日陣,doupocangqiong-tiancantudou/鬥破蒼穹_html347.html
第348章 神秘鬥皇出場！,doupocangqiong-tiancantudou/鬥破蒼穹_html348.html
第349章 鬥皇，凌影,doupocangqiong-tiancantudou/鬥破蒼穹_html349.html
第350章 雲嵐宗的底牌！,doupocangqiong-tiancantudou/鬥破蒼穹_html350.html
第351章 雲嵐宗上任宗主，鬥宗雲山！,doupocangqiong-tiancantudou/鬥破蒼穹_html351.html
第352章 下山,doupocangqiong-tiancantudou/鬥破蒼穹_html352.html
第353章 分別與交易,doupocangqiong-tiancantudou/鬥破蒼穹_html353.html
第354章 回家之途,doupocangqiong-tiancantudou/鬥破蒼穹_html354.html
第355章 蕭家變故,doupocangqiong-tiancantudou/鬥破蒼穹_html355.html
第356章 一個不留,doupocangqiong-tiancantudou/鬥破蒼穹_html356.html
第357章 他必須死！,doupocangqiong-tiancantudou/鬥破蒼穹_html357.html
第358章 安頓蕭家,doupocangqiong-tiancantudou/鬥破蒼穹_html358.html
第359章 再上雲嵐宗！【拉下推薦票！謝謝！,doupocangqiong-tiancantudou/鬥破蒼穹_html359.html
第360章 藥巖，雲芝,doupocangqiong-tiancantudou/鬥破蒼穹_html360.html
第361章 擊殺雲棱！【拉推薦票！】,doupocangqiong-tiancantudou/鬥破蒼穹_html361.html
第362章 生死之局！,doupocangqiong-tiancantudou/鬥破蒼穹_html362.html
第363章 生死門,doupocangqiong-tiancantudou/鬥破蒼穹_html363.html
第364章 鬥宗強者間的大戰！,doupocangqiong-tiancantudou/鬥破蒼穹_html364.html
第365章 大逃亡開始,doupocangqiong-tiancantudou/鬥破蒼穹_html365.html
第366章 養傷,doupocangqiong-tiancantudou/鬥破蒼穹_html366.html
第367章 節節攀升！晉級！,doupocangqiong-tiancantudou/鬥破蒼穹_html367.html
第368章 天火三玄變！,doupocangqiong-tiancantudou/鬥破蒼穹_html368.html
第369章 秘法的妙處,doupocangqiong-tiancantudou/鬥破蒼穹_html369.html
第370章 血腥報復！,doupocangqiong-tiancantudou/鬥破蒼穹_html370.html
第371章 魔獸山脈中的圍殺,doupocangqiong-tiancantudou/鬥破蒼穹_html371.html
第372章 突如其來的援兵,doupocangqiong-tiancantudou/鬥破蒼穹_html372.html
第373章 逃脫,doupocangqiong-tiancantudou/鬥破蒼穹_html373.html
第374章 大嶺城,doupocangqiong-tiancantudou/鬥破蒼穹_html374.html
第375章 離開前的準備,doupocangqiong-tiancantudou/鬥破蒼穹_html375.html
第376章 黑角域,doupocangqiong-tiancantudou/鬥破蒼穹_html376.html
第377章 暴露,doupocangqiong-tiancantudou/鬥破蒼穹_html377.html
第378章 離開加瑪帝國！,doupocangqiong-tiancantudou/鬥破蒼穹_html378.html
第379章 神秘勢力，魂殿？,doupocangqiong-tiancantudou/鬥破蒼穹_html379.html
第380章 迦南學院，蕭家有女初長成,doupocangqiong-tiancantudou/鬥破蒼穹_html380.html
第381章 黑域大平原,doupocangqiong-tiancantudou/鬥破蒼穹_html381.html
第382章 不需要慈悲的混亂地域,doupocangqiong-tiancantudou/鬥破蒼穹_html382.html
第383章 黑榜，黑風暴【第三更！】,doupocangqiong-tiancantudou/鬥破蒼穹_html383.html
第384章 黑印城,doupocangqiong-tiancantudou/鬥破蒼穹_html384.html
第385章 經濟窘迫的蕭炎,doupocangqiong-tiancantudou/鬥破蒼穹_html385.html
第386章 煉丹脫貧,doupocangqiong-tiancantudou/鬥破蒼穹_html386.html
第387章 黑印拍賣場,doupocangqiong-tiancantudou/鬥破蒼穹_html387.html
第388章 拍賣會開始,doupocangqiong-tiancantudou/鬥破蒼穹_html388.html
第389章 飛行鬥技：雷蝠天翼,doupocangqiong-tiancantudou/鬥破蒼穹_html389.html
第390章 雷蝠天翼的爭奪以及殘破地圖,doupocangqiong-tiancantudou/鬥破蒼穹_html390.html
第391章 橫生變故【第三更到，求月票！】,doupocangqiong-tiancantudou/鬥破蒼穹_html391.html
第392章 地階身法鬥技：三千雷動,doupocangqiong-tiancantudou/鬥破蒼穹_html392.html
第393章 重頭戲！,doupocangqiong-tiancantudou/鬥破蒼穹_html393.html
第394章 七品丹藥：陰陽玄龍丹！,doupocangqiong-tiancantudou/鬥破蒼穹_html394.html
第395章 尾隨【第三更！】,doupocangqiong-tiancantudou/鬥破蒼穹_html395.html
第396章 埋伏截殺,doupocangqiong-tiancantudou/鬥破蒼穹_html396.html
第397章 大路激戰,doupocangqiong-tiancantudou/鬥破蒼穹_html397.html
第398章 鷸蚌相爭，蕭炎得利！【第三更！】,doupocangqiong-tiancantudou/鬥破蒼穹_html398.html
第399章 天火三玄變第一重：青蓮變！,doupocangqiong-tiancantudou/鬥破蒼穹_html399.html
第400章 收穫！,doupocangqiong-tiancantudou/鬥破蒼穹_html400.html
第401章 吞服陰陽玄龍丹！,doupocangqiong-tiancantudou/鬥破蒼穹_html401.html
第402章 和平鎮,doupocangqiong-tiancantudou/鬥破蒼穹_html402.html
第403章 迦南學院執法隊,doupocangqiong-tiancantudou/鬥破蒼穹_html403.html
第404章 關鍵時刻！【七千字，月中求月票！,doupocangqiong-tiancantudou/鬥破蒼穹_html404.html
第405章 一招,doupocangqiong-tiancantudou/鬥破蒼穹_html405.html
第406章 殺雞儆猴,doupocangqiong-tiancantudou/鬥破蒼穹_html406.html
第407章 黑夜中的對碰,doupocangqiong-tiancantudou/鬥破蒼穹_html407.html
第408章 初次交鋒,doupocangqiong-tiancantudou/鬥破蒼穹_html408.html
第409章 撲朔迷離,doupocangqiong-tiancantudou/鬥破蒼穹_html409.html
第410章 勁敵,doupocangqiong-tiancantudou/鬥破蒼穹_html410.html
第411章 對戰陸牧,doupocangqiong-tiancantudou/鬥破蒼穹_html411.html
第412章 玩火,doupocangqiong-tiancantudou/鬥破蒼穹_html412.html
第413章 丹火之技,doupocangqiong-tiancantudou/鬥破蒼穹_html413.html
第414章 執法隊：吳昊,doupocangqiong-tiancantudou/鬥破蒼穹_html414.html
第415章 挑戰,doupocangqiong-tiancantudou/鬥破蒼穹_html415.html
第416章 家傳玉片,doupocangqiong-tiancantudou/鬥破蒼穹_html416.html
第417章 最後的選拔賽,doupocangqiong-tiancantudou/鬥破蒼穹_html417.html
第418章 　大混戰,doupocangqiong-tiancantudou/鬥破蒼穹_html418.html
第419章 　撼雷地弧爆【第三更！】,doupocangqiong-tiancantudou/鬥破蒼穹_html419.html
第420章 戰鬥中晉級！【第四更！】,doupocangqiong-tiancantudou/鬥破蒼穹_html420.html
第421章 薰兒的實力【第五更，已經到極限了,doupocangqiong-tiancantudou/鬥破蒼穹_html421.html
第422章 　以一敵三,doupocangqiong-tiancantudou/鬥破蒼穹_html422.html
第423章 毫不留情,doupocangqiong-tiancantudou/鬥破蒼穹_html423.html
第424章 比賽落幕【第一更！】,doupocangqiong-tiancantudou/鬥破蒼穹_html424.html
第425章 大賽後的安寧【第二更！】,doupocangqiong-tiancantudou/鬥破蒼穹_html425.html
第426章 神秘的藏書閣【第三更！】,doupocangqiong-tiancantudou/鬥破蒼穹_html426.html
第427章 神秘的守閣人,doupocangqiong-tiancantudou/鬥破蒼穹_html427.html
第428章 爭搶【第二更！】,doupocangqiong-tiancantudou/鬥破蒼穹_html428.html
第429章 聲波鬥技【第三更!】,doupocangqiong-tiancantudou/鬥破蒼穹_html429.html
第430章 獅虎碎金吟,doupocangqiong-tiancantudou/鬥破蒼穹_html430.html
第431章 修煉,doupocangqiong-tiancantudou/鬥破蒼穹_html431.html
第432章 虎嘯震山林,doupocangqiong-tiancantudou/鬥破蒼穹_html432.html
第433章 內院的位置,doupocangqiong-tiancantudou/鬥破蒼穹_html433.html
第434章 火能獵捕賽,doupocangqiong-tiancantudou/鬥破蒼穹_html434.html
第435章 隊長【第三更】,doupocangqiong-tiancantudou/鬥破蒼穹_html435.html
第436章 反搶【第一更！】,doupocangqiong-tiancantudou/鬥破蒼穹_html436.html
第437章 火能的作用【第二更！】,doupocangqiong-tiancantudou/鬥破蒼穹_html437.html
第438章 獵人與獵物的位置調換【第三更！】,doupocangqiong-tiancantudou/鬥破蒼穹_html438.html
第439章 飛速成長的配合【第四更！求保底月,doupocangqiong-tiancantudou/鬥破蒼穹_html439.html
第440章 形成整體之後的戰鬥力【第一更！】,doupocangqiong-tiancantudou/鬥破蒼穹_html440.html
第441章 大反擊【第二更！】,doupocangqiong-tiancantudou/鬥破蒼穹_html441.html
第442章 強者對戰【第三更！】,doupocangqiong-tiancantudou/鬥破蒼穹_html442.html
第443章 大戰起【求聲月票！】,doupocangqiong-tiancantudou/鬥破蒼穹_html443.html
第444章 勝局暫現,doupocangqiong-tiancantudou/鬥破蒼穹_html444.html
第445章 鷸蚌相爭，漁翁後隨,doupocangqiong-tiancantudou/鬥破蒼穹_html445.html
第446章 變故,doupocangqiong-tiancantudou/鬥破蒼穹_html446.html
第447章 鬥黑煞隊,doupocangqiong-tiancantudou/鬥破蒼穹_html447.html
第448章 爭分奪秒,doupocangqiong-tiancantudou/鬥破蒼穹_html448.html
第449章 扭轉局面,doupocangqiong-tiancantudou/鬥破蒼穹_html449.html
第450章 　悲憤的沙鐵,doupocangqiong-tiancantudou/鬥破蒼穹_html450.html
第451章 分贓，養傷,doupocangqiong-tiancantudou/鬥破蒼穹_html451.html
第452章 白煞隊,doupocangqiong-tiancantudou/鬥破蒼穹_html452.html
第453章 最後的大戰！,doupocangqiong-tiancantudou/鬥破蒼穹_html453.html
第454章 贏！,doupocangqiong-tiancantudou/鬥破蒼穹_html454.html
第455章 獎勵,doupocangqiong-tiancantudou/鬥破蒼穹_html455.html
第456章 安頓,doupocangqiong-tiancantudou/鬥破蒼穹_html456.html
第457章 新生納貢費【第一更！】,doupocangqiong-tiancantudou/鬥破蒼穹_html457.html
第458章 震懾與客氣【第二更！】,doupocangqiong-tiancantudou/鬥破蒼穹_html458.html
第459章 磐門！【抱歉，這是昨天第三更，我,doupocangqiong-tiancantudou/鬥破蒼穹_html459.html
第460章 神秘黑塔？,doupocangqiong-tiancantudou/鬥破蒼穹_html460.html
第461章 修煉加速器,doupocangqiong-tiancantudou/鬥破蒼穹_html461.html
第462章 震動,doupocangqiong-tiancantudou/鬥破蒼穹_html462.html
第463章 　初見,doupocangqiong-tiancantudou/鬥破蒼穹_html463.html
第464章 黑洞,doupocangqiong-tiancantudou/鬥破蒼穹_html464.html
第465章 神秘的無形火蟒,doupocangqiong-tiancantudou/鬥破蒼穹_html465.html
第466章 麻煩事,doupocangqiong-tiancantudou/鬥破蒼穹_html466.html
第467章 賭注,doupocangqiong-tiancantudou/鬥破蒼穹_html467.html
第468章 戰付敖,doupocangqiong-tiancantudou/鬥破蒼穹_html468.html
第469章 白幫的實力,doupocangqiong-tiancantudou/鬥破蒼穹_html469.html
第470章 相遇,doupocangqiong-tiancantudou/鬥破蒼穹_html470.html
第471章 暗中交鋒,doupocangqiong-tiancantudou/鬥破蒼穹_html471.html
第472章 中級修煉室,doupocangqiong-tiancantudou/鬥破蒼穹_html472.html
第473章 淬鍊,doupocangqiong-tiancantudou/鬥破蒼穹_html473.html
第474章 第二層,doupocangqiong-tiancantudou/鬥破蒼穹_html474.html
第475章 探查與會談,doupocangqiong-tiancantudou/鬥破蒼穹_html475.html
第476章 七星大斗師,doupocangqiong-tiancantudou/鬥破蒼穹_html476.html
第477章 磐門的變化【補上的第三更，抱歉】,doupocangqiong-tiancantudou/鬥破蒼穹_html477.html
第478章 陀舍古帝玉？,doupocangqiong-tiancantudou/鬥破蒼穹_html478.html
第479章 陀舍古帝,doupocangqiong-tiancantudou/鬥破蒼穹_html479.html
第480章 　青木仙藤,doupocangqiong-tiancantudou/鬥破蒼穹_html480.html
第481章 古怪的傢伙,doupocangqiong-tiancantudou/鬥破蒼穹_html481.html
第482章 交易,doupocangqiong-tiancantudou/鬥破蒼穹_html482.html
第483章 青芝火靈膏，速靈風丹,doupocangqiong-tiancantudou/鬥破蒼穹_html483.html
第484章 閉關【第三更！】,doupocangqiong-tiancantudou/鬥破蒼穹_html484.html
第485章 找上門的麻煩,doupocangqiong-tiancantudou/鬥破蒼穹_html485.html
第486章 柳菲【第二更！】,doupocangqiong-tiancantudou/鬥破蒼穹_html486.html
第487章 赫長老【第三更！】,doupocangqiong-tiancantudou/鬥破蒼穹_html487.html
第488章 修煉進展【第一更！】,doupocangqiong-tiancantudou/鬥破蒼穹_html488.html
第489章 再次突破！【第二更！】,doupocangqiong-tiancantudou/鬥破蒼穹_html489.html
第490章 霸槍柳擎,doupocangqiong-tiancantudou/鬥破蒼穹_html490.html
第491章 賺取火能【第一更！】,doupocangqiong-tiancantudou/鬥破蒼穹_html491.html
第492章 大批煉製【第二更！】,doupocangqiong-tiancantudou/鬥破蒼穹_html492.html
第493章 豐碩的收穫！【第三更！】,doupocangqiong-tiancantudou/鬥破蒼穹_html493.html
第494章 衝突【第一更！】,doupocangqiong-tiancantudou/鬥破蒼穹_html494.html
第495章 藥幫韓閒【第二更！】,doupocangqiong-tiancantudou/鬥破蒼穹_html495.html
第496章 比試【第三更！】,doupocangqiong-tiancantudou/鬥破蒼穹_html496.html
第497章  比試題目:龍力丹【第一更！】,doupocangqiong-tiancantudou/鬥破蒼穹_html497.html
第498章 幻金火【第二更！】,doupocangqiong-tiancantudou/鬥破蒼穹_html498.html
第499章 半成品【第三更！】,doupocangqiong-tiancantudou/鬥破蒼穹_html499.html
第500章 幸不辱命,doupocangqiong-tiancantudou/鬥破蒼穹_html500.html
第501章 勝利,doupocangqiong-tiancantudou/鬥破蒼穹_html501.html
第502章 招納,doupocangqiong-tiancantudou/鬥破蒼穹_html502.html
第503章 修煉，三千雷動,doupocangqiong-tiancantudou/鬥破蒼穹_html503.html
第504章 風雷之力,doupocangqiong-tiancantudou/鬥破蒼穹_html504.html
第505章 煉化成功,doupocangqiong-tiancantudou/鬥破蒼穹_html505.html
第506章 雷閃,doupocangqiong-tiancantudou/鬥破蒼穹_html506.html
第507章 　領悟，尺法【祝福大家虎年吉祥！,doupocangqiong-tiancantudou/鬥破蒼穹_html507.html
第508章 地心淬體乳,doupocangqiong-tiancantudou/鬥破蒼穹_html508.html
第509章 強榜高手,doupocangqiong-tiancantudou/鬥破蒼穹_html509.html
第510章 狂暴血脈,doupocangqiong-tiancantudou/鬥破蒼穹_html510.html
第511章 邀請,doupocangqiong-tiancantudou/鬥破蒼穹_html511.html
第512章 蟒猿相鬥,doupocangqiong-tiancantudou/鬥破蒼穹_html512.html
第513章 尋寶,doupocangqiong-tiancantudou/鬥破蒼穹_html513.html
第514章 真假地心乳,doupocangqiong-tiancantudou/鬥破蒼穹_html514.html
第515章 美杜莎女王再現,doupocangqiong-tiancantudou/鬥破蒼穹_html515.html
第516章 約定,doupocangqiong-tiancantudou/鬥破蒼穹_html516.html
第517章 調配藥液,doupocangqiong-tiancantudou/鬥破蒼穹_html517.html
第518章 九星大斗師,doupocangqiong-tiancantudou/鬥破蒼穹_html518.html
第519章 晉階鬥靈【第三更】,doupocangqiong-tiancantudou/鬥破蒼穹_html519.html
第520章 回院,doupocangqiong-tiancantudou/鬥破蒼穹_html520.html
第521章 出場,doupocangqiong-tiancantudou/鬥破蒼穹_html521.html
第522章 　激戰,doupocangqiong-tiancantudou/鬥破蒼穹_html522.html
第523章 更新換月票，鬥破讀者進來瞧瞧，拼,doupocangqiong-tiancantudou/鬥破蒼穹_html523.html
第524章 對戰六星斗靈,doupocangqiong-tiancantudou/鬥破蒼穹_html524.html
第525章 　拼藥【第二更！】,doupocangqiong-tiancantudou/鬥破蒼穹_html525.html
第526章 強力一擊 【第三更！】,doupocangqiong-tiancantudou/鬥破蒼穹_html526.html
第527章 敗敵【第四更！】,doupocangqiong-tiancantudou/鬥破蒼穹_html527.html
第528章 一耳光【第五更！】,doupocangqiong-tiancantudou/鬥破蒼穹_html528.html
第529章 強榜排名【第一更！】,doupocangqiong-tiancantudou/鬥破蒼穹_html529.html
第530章 神秘的強榜第一【第二更！】,doupocangqiong-tiancantudou/鬥破蒼穹_html530.html
第531章 冰火龍鬚果,doupocangqiong-tiancantudou/鬥破蒼穹_html531.html
第532章 神秘白衣小女孩【第二更！】,doupocangqiong-tiancantudou/鬥破蒼穹_html532.html
第533章 不是人【第三更！】,doupocangqiong-tiancantudou/鬥破蒼穹_html533.html
第534章 最後一種材料【第四更！】,doupocangqiong-tiancantudou/鬥破蒼穹_html534.html
第535章 交換【第一更！】,doupocangqiong-tiancantudou/鬥破蒼穹_html535.html
第536章 到手【第二更！】,doupocangqiong-tiancantudou/鬥破蒼穹_html536.html
第537章 煉製地靈丹【第三更！】,doupocangqiong-tiancantudou/鬥破蒼穹_html537.html
第538章 三章已更，月初拜求諸位弟兄手中保,doupocangqiong-tiancantudou/鬥破蒼穹_html538.html
第539章 動靜【第一更！】,doupocangqiong-tiancantudou/鬥破蒼穹_html539.html
第540章 藥皇，韓楓！【第二更！】,doupocangqiong-tiancantudou/鬥破蒼穹_html540.html
第541章 丹成【第三更！求保底月票！】,doupocangqiong-tiancantudou/鬥破蒼穹_html541.html
第542章 探寶的天賦【第一更！】,doupocangqiong-tiancantudou/鬥破蒼穹_html542.html
第543章 急事？【第二更！】,doupocangqiong-tiancantudou/鬥破蒼穹_html543.html
第544章 回外院【第三更！】,doupocangqiong-tiancantudou/鬥破蒼穹_html544.html
第545章 族中變故,doupocangqiong-tiancantudou/鬥破蒼穹_html545.html
第546章 魂殿參與,doupocangqiong-tiancantudou/鬥破蒼穹_html546.html
第547章 蕭厲的打算,doupocangqiong-tiancantudou/鬥破蒼穹_html547.html
第548章 擺擂接戰【今日恢復更新，抱歉！】,doupocangqiong-tiancantudou/鬥破蒼穹_html548.html
第549章 姚盛,doupocangqiong-tiancantudou/鬥破蒼穹_html549.html
第550章 初步交鋒,doupocangqiong-tiancantudou/鬥破蒼穹_html550.html
第551章 一號修煉室,doupocangqiong-tiancantudou/鬥破蒼穹_html551.html
第552章 塔中暴動,doupocangqiong-tiancantudou/鬥破蒼穹_html552.html
第553章 隕落心炎提前的暴動,doupocangqiong-tiancantudou/鬥破蒼穹_html553.html
第554章 大長老蘇千,doupocangqiong-tiancantudou/鬥破蒼穹_html554.html
第555章 冤家路窄,doupocangqiong-tiancantudou/鬥破蒼穹_html555.html
第556章 針鋒相對,doupocangqiong-tiancantudou/鬥破蒼穹_html556.html
第557章 定對手,doupocangqiong-tiancantudou/鬥破蒼穹_html557.html
第558章 大賽開始,doupocangqiong-tiancantudou/鬥破蒼穹_html558.html
第559章 貝崌,doupocangqiong-tiancantudou/鬥破蒼穹_html559.html
第560章 尺法,doupocangqiong-tiancantudou/鬥破蒼穹_html560.html
第561章 血地八裂,doupocangqiong-tiancantudou/鬥破蒼穹_html561.html
第562章 青火盔甲,doupocangqiong-tiancantudou/鬥破蒼穹_html562.html
第563章 柳擎的出場,doupocangqiong-tiancantudou/鬥破蒼穹_html563.html
第564章 大裂劈棺爪,doupocangqiong-tiancantudou/鬥破蒼穹_html564.html
第565章 第二輪,doupocangqiong-tiancantudou/鬥破蒼穹_html565.html
第566章 　對戰姚盛,doupocangqiong-tiancantudou/鬥破蒼穹_html566.html
第567章 破解“黑水界”,doupocangqiong-tiancantudou/鬥破蒼穹_html567.html
第568章 勝！,doupocangqiong-tiancantudou/鬥破蒼穹_html568.html
第569章 耀眼,doupocangqiong-tiancantudou/鬥破蒼穹_html569.html
第570章 一纏一罡,doupocangqiong-tiancantudou/鬥破蒼穹_html570.html
第571章 卷軸【第一更！】,doupocangqiong-tiancantudou/鬥破蒼穹_html571.html
第572章 爭奪前十【第二更！】,doupocangqiong-tiancantudou/鬥破蒼穹_html572.html
第573章 新人黑馬與老牌強者的交鋒！【第三,doupocangqiong-tiancantudou/鬥破蒼穹_html573.html
第574章 沸騰【第四更！】,doupocangqiong-tiancantudou/鬥破蒼穹_html574.html
第575章 八極崩與大裂劈棺爪的碰撞！,doupocangqiong-tiancantudou/鬥破蒼穹_html575.html
第576章 爆！,doupocangqiong-tiancantudou/鬥破蒼穹_html576.html
第577章 一招,doupocangqiong-tiancantudou/鬥破蒼穹_html577.html
第578章 大裂巖與焰分噬浪尺的對碰！,doupocangqiong-tiancantudou/鬥破蒼穹_html578.html
第579章 還有口氣,doupocangqiong-tiancantudou/鬥破蒼穹_html579.html
第580章 落幕,doupocangqiong-tiancantudou/鬥破蒼穹_html580.html
第581章 養傷,doupocangqiong-tiancantudou/鬥破蒼穹_html581.html
第582章 實力晉升 【第一更！求月票！】,doupocangqiong-tiancantudou/鬥破蒼穹_html582.html
第583章 黑湮軍副統領，翎泉【第二更！】,doupocangqiong-tiancantudou/鬥破蒼穹_html583.html
第584章 分離【第三更！】,doupocangqiong-tiancantudou/鬥破蒼穹_html584.html
第585章 進入天焚煉氣塔底層,doupocangqiong-tiancantudou/鬥破蒼穹_html585.html
第586章 本源心炎,doupocangqiong-tiancantudou/鬥破蒼穹_html586.html
第587章 鍛體之痛,doupocangqiong-tiancantudou/鬥破蒼穹_html587.html
第588章 隕落心炎，爆發！,doupocangqiong-tiancantudou/鬥破蒼穹_html588.html
第589章 衝破封印！【第一更！】,doupocangqiong-tiancantudou/鬥破蒼穹_html589.html
第590章 破塔！【第二更！】,doupocangqiong-tiancantudou/鬥破蒼穹_html590.html
第591章 千層封陣！【第三更！】,doupocangqiong-tiancantudou/鬥破蒼穹_html591.html
第592章 呼朋喚友【第四更！】,doupocangqiong-tiancantudou/鬥破蒼穹_html592.html
第593章 聯手封印！,doupocangqiong-tiancantudou/鬥破蒼穹_html593.html
第594章 殘卷焚決【第二更！】,doupocangqiong-tiancantudou/鬥破蒼穹_html594.html
第595章 混亂大戰 【第三更！】,doupocangqiong-tiancantudou/鬥破蒼穹_html595.html
第596章 對戰範癆【昨天的第四更，抱歉！】,doupocangqiong-tiancantudou/鬥破蒼穹_html596.html
第597章 援手,doupocangqiong-tiancantudou/鬥破蒼穹_html597.html
第598章 青火漫天！,doupocangqiong-tiancantudou/鬥破蒼穹_html598.html
第599章 海心焰【周初求推薦票！】,doupocangqiong-tiancantudou/鬥破蒼穹_html599.html
第600章 驚天大爆炸,doupocangqiong-tiancantudou/鬥破蒼穹_html600.html
第601章 同樣的心思,doupocangqiong-tiancantudou/鬥破蒼穹_html601.html
第602章 趕盡殺絕,doupocangqiong-tiancantudou/鬥破蒼穹_html602.html
第603章 封印無效,doupocangqiong-tiancantudou/鬥破蒼穹_html603.html
第604章 隕落心炎：修煉作弊器！,doupocangqiong-tiancantudou/鬥破蒼穹_html604.html
第605章 鬥火！,doupocangqiong-tiancantudou/鬥破蒼穹_html605.html
第606章 現形,doupocangqiong-tiancantudou/鬥破蒼穹_html606.html
第607章 本體,doupocangqiong-tiancantudou/鬥破蒼穹_html607.html
第608章 交鋒,doupocangqiong-tiancantudou/鬥破蒼穹_html608.html
第609章 恐懼,doupocangqiong-tiancantudou/鬥破蒼穹_html609.html
第610章 大型佛怒火蓮,doupocangqiong-tiancantudou/鬥破蒼穹_html610.html
第611章 吞噬，封印！,doupocangqiong-tiancantudou/鬥破蒼穹_html611.html
第612章 絕境,doupocangqiong-tiancantudou/鬥破蒼穹_html612.html
第613章 蛇現,doupocangqiong-tiancantudou/鬥破蒼穹_html613.html
第614章 生死之段,doupocangqiong-tiancantudou/鬥破蒼穹_html614.html
第615章 緩慢的蛻變,doupocangqiong-tiancantudou/鬥破蒼穹_html615.html
第616章 晉階鬥王！,doupocangqiong-tiancantudou/鬥破蒼穹_html616.html
第617章 局面反轉，抓捕隕落心炎！【第一更,doupocangqiong-tiancantudou/鬥破蒼穹_html617.html
第618章 侵蝕，煉化，融合！【第二更！】,doupocangqiong-tiancantudou/鬥破蒼穹_html618.html
第619章 融合成功！【第三更！】,doupocangqiong-tiancantudou/鬥破蒼穹_html619.html
第620章 異火相融後遺症【第四更！】,doupocangqiong-tiancantudou/鬥破蒼穹_html620.html
第621章 破封！【第五更！】,doupocangqiong-tiancantudou/鬥破蒼穹_html621.html
第622章 破塔而出！【第六更！】,doupocangqiong-tiancantudou/鬥破蒼穹_html622.html
第623章 試手,doupocangqiong-tiancantudou/鬥破蒼穹_html623.html
第624章 災星,doupocangqiong-tiancantudou/鬥破蒼穹_html624.html
第625章 解決麻煩,doupocangqiong-tiancantudou/鬥破蒼穹_html625.html
第626章 召集人手,doupocangqiong-tiancantudou/鬥破蒼穹_html626.html
第627章 　生死之刻,doupocangqiong-tiancantudou/鬥破蒼穹_html627.html
第628章 喝退,doupocangqiong-tiancantudou/鬥破蒼穹_html628.html
第629章 援兵【第一更！】,doupocangqiong-tiancantudou/鬥破蒼穹_html629.html
第630章 擊殺範癆 【第二更！】,doupocangqiong-tiancantudou/鬥破蒼穹_html630.html
第631章 大開殺戒【第三更！】,doupocangqiong-tiancantudou/鬥破蒼穹_html631.html
第632章 噬生丹,doupocangqiong-tiancantudou/鬥破蒼穹_html632.html
第633章 藥方,doupocangqiong-tiancantudou/鬥破蒼穹_html633.html
第634章 大戰來臨,doupocangqiong-tiancantudou/鬥破蒼穹_html634.html
第635章 強強對碰,doupocangqiong-tiancantudou/鬥破蒼穹_html635.html
第636章 交鋒【第一更！】,doupocangqiong-tiancantudou/鬥破蒼穹_html636.html
第637章 火蓮瓶【第二更！】,doupocangqiong-tiancantudou/鬥破蒼穹_html637.html
第638章 同門之戰 【第三更！】,doupocangqiong-tiancantudou/鬥破蒼穹_html638.html
第639章 半隻腳踏入鬥宗的韓楓【第四更到！,doupocangqiong-tiancantudou/鬥破蒼穹_html639.html
第640章 翡翠火蓮,doupocangqiong-tiancantudou/鬥破蒼穹_html640.html
第641章 你的命，是我的！,doupocangqiong-tiancantudou/鬥破蒼穹_html641.html
第642章 魂殿再現,doupocangqiong-tiancantudou/鬥破蒼穹_html642.html
第643章 幽海納戒,doupocangqiong-tiancantudou/鬥破蒼穹_html643.html
第644章 閉關療傷,doupocangqiong-tiancantudou/鬥破蒼穹_html644.html
第645章 帝印決【第二更！】,doupocangqiong-tiancantudou/鬥破蒼穹_html645.html
第646章 打算【第三更！】,doupocangqiong-tiancantudou/鬥破蒼穹_html646.html
第647章 交易 【第四更！】,doupocangqiong-tiancantudou/鬥破蒼穹_html647.html
第648章 修煉開山印！ 【第五更！】,doupocangqiong-tiancantudou/鬥破蒼穹_html648.html
第649章 蕭門,doupocangqiong-tiancantudou/鬥破蒼穹_html649.html
第650章 三大勢力,doupocangqiong-tiancantudou/鬥破蒼穹_html650.html
第651章 震懾,doupocangqiong-tiancantudou/鬥破蒼穹_html651.html
第652章 拉取幫手,doupocangqiong-tiancantudou/鬥破蒼穹_html652.html
第653章 收羅藥材 【第一更！】,doupocangqiong-tiancantudou/鬥破蒼穹_html653.html
第654章 煉製復紫靈丹 【第二更！】,doupocangqiong-tiancantudou/鬥破蒼穹_html654.html
第655章 丹藥拍賣會 【第三更！】,doupocangqiong-tiancantudou/鬥破蒼穹_html655.html
第656章 震懾,doupocangqiong-tiancantudou/鬥破蒼穹_html656.html
第657章 拍賣結束,doupocangqiong-tiancantudou/鬥破蒼穹_html657.html
第658章 修復藥液,doupocangqiong-tiancantudou/鬥破蒼穹_html658.html
第659章 藥老甦醒！,doupocangqiong-tiancantudou/鬥破蒼穹_html659.html
第660章 師徒相見,doupocangqiong-tiancantudou/鬥破蒼穹_html660.html
第661章 煉製軀體的材料,doupocangqiong-tiancantudou/鬥破蒼穹_html661.html
第662章 尋解之法,doupocangqiong-tiancantudou/鬥破蒼穹_html662.html
第663章 恢復,doupocangqiong-tiancantudou/鬥破蒼穹_html663.html
第664章 姚氏三兄弟,doupocangqiong-tiancantudou/鬥破蒼穹_html664.html
第665章 照看,doupocangqiong-tiancantudou/鬥破蒼穹_html665.html
第666章 安置磐門,doupocangqiong-tiancantudou/鬥破蒼穹_html666.html
第667章 十招,doupocangqiong-tiancantudou/鬥破蒼穹_html667.html
第668章 安寧,doupocangqiong-tiancantudou/鬥破蒼穹_html668.html
第669章 萬事皆備,doupocangqiong-tiancantudou/鬥破蒼穹_html669.html
第670章 離開內院,doupocangqiong-tiancantudou/鬥破蒼穹_html670.html
第671章 啓程：迴歸加瑪！,doupocangqiong-tiancantudou/鬥破蒼穹_html671.html
第672章 雲嵐宗的動靜,doupocangqiong-tiancantudou/鬥破蒼穹_html672.html
第673章 萬里之遙,doupocangqiong-tiancantudou/鬥破蒼穹_html673.html
第674章 鎮鬼關！故人！,doupocangqiong-tiancantudou/鬥破蒼穹_html674.html
第675章 木鐵 【第一更！】,doupocangqiong-tiancantudou/鬥破蒼穹_html675.html
第676章 斬殺 【第二更！】,doupocangqiong-tiancantudou/鬥破蒼穹_html676.html
第677章 加瑪情勢 【第三更！】,doupocangqiong-tiancantudou/鬥破蒼穹_html677.html
第678章 宗內議事,doupocangqiong-tiancantudou/鬥破蒼穹_html678.html
第679章 米特爾之難,doupocangqiong-tiancantudou/鬥破蒼穹_html679.html
第680章 血洗,doupocangqiong-tiancantudou/鬥破蒼穹_html680.html
第681章 血戰,doupocangqiong-tiancantudou/鬥破蒼穹_html681.html
第682章 趕至帝都！,doupocangqiong-tiancantudou/鬥破蒼穹_html682.html
第683章 討債！,doupocangqiong-tiancantudou/鬥破蒼穹_html683.html
第684章 　其人之道還治其人之身,doupocangqiong-tiancantudou/鬥破蒼穹_html684.html
第685章 大開殺戒,doupocangqiong-tiancantudou/鬥破蒼穹_html685.html
第686章 橫掃,doupocangqiong-tiancantudou/鬥破蒼穹_html686.html
第687章 雲嵐宗的震驚,doupocangqiong-tiancantudou/鬥破蒼穹_html687.html
第688章 局勢,doupocangqiong-tiancantudou/鬥破蒼穹_html688.html
第689章 勢 【第一更！】,doupocangqiong-tiancantudou/鬥破蒼穹_html689.html
第690章 商討 【第二更！】,doupocangqiong-tiancantudou/鬥破蒼穹_html690.html
第691章 安頓蕭家 【第三更！】,doupocangqiong-tiancantudou/鬥破蒼穹_html691.html
第692章 女人間的針鋒相對,doupocangqiong-tiancantudou/鬥破蒼穹_html692.html
第693章 雪魅,doupocangqiong-tiancantudou/鬥破蒼穹_html693.html
第694章 傅巖,doupocangqiong-tiancantudou/鬥破蒼穹_html694.html
第695章 見面,doupocangqiong-tiancantudou/鬥破蒼穹_html695.html
第696章 現身,doupocangqiong-tiancantudou/鬥破蒼穹_html696.html
第697章 婚禮,doupocangqiong-tiancantudou/鬥破蒼穹_html697.html
第698章  混元塑骨丹,doupocangqiong-tiancantudou/鬥破蒼穹_html698.html
第699章 蕭家新府邸,doupocangqiong-tiancantudou/鬥破蒼穹_html699.html
第700章 夜談,doupocangqiong-tiancantudou/鬥破蒼穹_html700.html
第701章 幽海蛟獸 【第二更！】,doupocangqiong-tiancantudou/鬥破蒼穹_html701.html
第702章 治療 【第三更！】,doupocangqiong-tiancantudou/鬥破蒼穹_html702.html
第703章 大戰來臨！ 【第四更！】,doupocangqiong-tiancantudou/鬥破蒼穹_html703.html
第704章 大婚之日 【第五更！】,doupocangqiong-tiancantudou/鬥破蒼穹_html704.html
第705章 十招之戰 【第六更！】,doupocangqiong-tiancantudou/鬥破蒼穹_html705.html
第706章 戰古河,doupocangqiong-tiancantudou/鬥破蒼穹_html706.html
第707章 敗！,doupocangqiong-tiancantudou/鬥破蒼穹_html707.html
第708章 殺無赦！,doupocangqiong-tiancantudou/鬥破蒼穹_html708.html
第709章 決戰，雲嵐宗！,doupocangqiong-tiancantudou/鬥破蒼穹_html709.html
第710章  決戰雲山！,doupocangqiong-tiancantudou/鬥破蒼穹_html710.html
第711章 大悲撕風手！,doupocangqiong-tiancantudou/鬥破蒼穹_html711.html
第712章  鶩護法 【第一更！】,doupocangqiong-tiancantudou/鬥破蒼穹_html712.html
第713章 風剎湮罡 【第二更！】,doupocangqiong-tiancantudou/鬥破蒼穹_html713.html
第714章 底牌，三色火蓮！ 【第三更！】,doupocangqiong-tiancantudou/鬥破蒼穹_html714.html
第715章 火蓮爆發,doupocangqiong-tiancantudou/鬥破蒼穹_html715.html
第716章 殺？,doupocangqiong-tiancantudou/鬥破蒼穹_html716.html
第717章  擊殺雲山！！,doupocangqiong-tiancantudou/鬥破蒼穹_html717.html
第718章 變故,doupocangqiong-tiancantudou/鬥破蒼穹_html718.html
第719章 納蘭嫣然再現,doupocangqiong-tiancantudou/鬥破蒼穹_html719.html
第720章 藥老戰鶩護法,doupocangqiong-tiancantudou/鬥破蒼穹_html720.html
第721章 鬥宗大戰 【第一更！】,doupocangqiong-tiancantudou/鬥破蒼穹_html721.html
第722章 被捕 【第二更！】,doupocangqiong-tiancantudou/鬥破蒼穹_html722.html
第723章 痛苦 【第三更！】,doupocangqiong-tiancantudou/鬥破蒼穹_html723.html
第724章 處理雲嵐宗,doupocangqiong-tiancantudou/鬥破蒼穹_html724.html
第725章 雲嵐宗結局,doupocangqiong-tiancantudou/鬥破蒼穹_html725.html
第726章 落幕,doupocangqiong-tiancantudou/鬥破蒼穹_html726.html
第727章 形勢,doupocangqiong-tiancantudou/鬥破蒼穹_html727.html
第728章 宗門大會 【第一更！】,doupocangqiong-tiancantudou/鬥破蒼穹_html728.html
第729章 毒宗 【第二更！】,doupocangqiong-tiancantudou/鬥破蒼穹_html729.html
第730章 藥老所留 【第三更！】,doupocangqiong-tiancantudou/鬥破蒼穹_html730.html
第731章 勢力雛形,doupocangqiong-tiancantudou/鬥破蒼穹_html731.html
第732章 離別,doupocangqiong-tiancantudou/鬥破蒼穹_html732.html
第733章  痊癒,doupocangqiong-tiancantudou/鬥破蒼穹_html733.html
第734章 聯盟,doupocangqiong-tiancantudou/鬥破蒼穹_html734.html
第735章  炎盟 【第一更！】,doupocangqiong-tiancantudou/鬥破蒼穹_html735.html
第736章 事成 【第二更！】,doupocangqiong-tiancantudou/鬥破蒼穹_html736.html
第737章 煉製 【第三更！】,doupocangqiong-tiancantudou/鬥破蒼穹_html737.html
第738章 閉關之念,doupocangqiong-tiancantudou/鬥破蒼穹_html738.html
第739章 青山,doupocangqiong-tiancantudou/鬥破蒼穹_html739.html
第740章 遇故,doupocangqiong-tiancantudou/鬥破蒼穹_html740.html
第741章 古怪的山谷 【第一更！】,doupocangqiong-tiancantudou/鬥破蒼穹_html741.html
第742章 神秘黑影 【第二更！】,doupocangqiong-tiancantudou/鬥破蒼穹_html742.html
第743章  小醫仙？ 【第三更！】,doupocangqiong-tiancantudou/鬥破蒼穹_html743.html
第744章 紫研晉階,doupocangqiong-tiancantudou/鬥破蒼穹_html744.html
第745章 丹成,doupocangqiong-tiancantudou/鬥破蒼穹_html745.html
第746章 赫家,doupocangqiong-tiancantudou/鬥破蒼穹_html746.html
第747章 援手【第一更！】,doupocangqiong-tiancantudou/鬥破蒼穹_html747.html
第748章 赫乾 【第二更！】,doupocangqiong-tiancantudou/鬥破蒼穹_html748.html
第749章  閉死關 【第三更！】,doupocangqiong-tiancantudou/鬥破蒼穹_html749.html
第750章 變動 【第四更！】,doupocangqiong-tiancantudou/鬥破蒼穹_html750.html
第751章 靈魂窺測,doupocangqiong-tiancantudou/鬥破蒼穹_html751.html
第752章 晉階鬥皇！,doupocangqiong-tiancantudou/鬥破蒼穹_html752.html
第753章 出谷,doupocangqiong-tiancantudou/鬥破蒼穹_html753.html
第754章 大亂,doupocangqiong-tiancantudou/鬥破蒼穹_html754.html
第755章 毒宗，金雁宗，慕蘭谷,doupocangqiong-tiancantudou/鬥破蒼穹_html755.html
第756章 援救,doupocangqiong-tiancantudou/鬥破蒼穹_html756.html
第757章 蛇人月媚,doupocangqiong-tiancantudou/鬥破蒼穹_html757.html
第758章 情勢 【第一更！】,doupocangqiong-tiancantudou/鬥破蒼穹_html758.html
第759章  大戰！ 【第二更！】,doupocangqiong-tiancantudou/鬥破蒼穹_html759.html
第760章 三獸蠻荒決 【第三更！】,doupocangqiong-tiancantudou/鬥破蒼穹_html760.html
第761章 迎戰慕蘭三老 【第四更！求保底月票,doupocangqiong-tiancantudou/鬥破蒼穹_html761.html
第762章 激戰！【第一更！】,doupocangqiong-tiancantudou/鬥破蒼穹_html762.html
第763章 三千雷 【第二更！！】,doupocangqiong-tiancantudou/鬥破蒼穹_html763.html
第764章 騙局 【第三更！】,doupocangqiong-tiancantudou/鬥破蒼穹_html764.html
第765章 鷹啼 【第四更！】,doupocangqiong-tiancantudou/鬥破蒼穹_html765.html
第766章 毒宗宗主！ 【第一更！】,doupocangqiong-tiancantudou/鬥破蒼穹_html766.html
第767章 身法較技 【第二更！】,doupocangqiong-tiancantudou/鬥破蒼穹_html767.html
第768章 爆！ 【第三更！】,doupocangqiong-tiancantudou/鬥破蒼穹_html768.html
第769章 威望！ 【第四更！】,doupocangqiong-tiancantudou/鬥破蒼穹_html769.html
第770章 物是人非 【第一更！】,doupocangqiong-tiancantudou/鬥破蒼穹_html770.html
第771章 大戰休止 【第二更！】,doupocangqiong-tiancantudou/鬥破蒼穹_html771.html
第772章 夜見 【第三更！】,doupocangqiong-tiancantudou/鬥破蒼穹_html772.html
第773章 毒丹之法 【第一更！】,doupocangqiong-tiancantudou/鬥破蒼穹_html773.html
第774章 蛇人族強者 【第二更！】,doupocangqiong-tiancantudou/鬥破蒼穹_html774.html
第775章 四大長老 【第三更！】,doupocangqiong-tiancantudou/鬥破蒼穹_html775.html
第776章 秘法三等 【第一更！】,doupocangqiong-tiancantudou/鬥破蒼穹_html776.html
第777章 挑釁 【第二更！】,doupocangqiong-tiancantudou/鬥破蒼穹_html777.html
第778章 調養 【第三更！】,doupocangqiong-tiancantudou/鬥破蒼穹_html778.html
第779章 行動 【第一更！】,doupocangqiong-tiancantudou/鬥破蒼穹_html779.html
第780章 暗殺！ 【第二更！】,doupocangqiong-tiancantudou/鬥破蒼穹_html780.html
第781章 以寡敵衆 【第三更！】,doupocangqiong-tiancantudou/鬥破蒼穹_html781.html
第782章 收穫頗豐【第一更！】,doupocangqiong-tiancantudou/鬥破蒼穹_html782.html
第783章 天雁九行翼 【第二更！】,doupocangqiong-tiancantudou/鬥破蒼穹_html783.html
第784章 雲山之上，薰兒！ 【第三更！】,doupocangqiong-tiancantudou/鬥破蒼穹_html784.html
第785章 丹塔 【第一更！】,doupocangqiong-tiancantudou/鬥破蒼穹_html785.html
第786章 招攬古河 【第二更！】,doupocangqiong-tiancantudou/鬥破蒼穹_html786.html
第787章 大統領 【第三更！】,doupocangqiong-tiancantudou/鬥破蒼穹_html787.html
第788章 邀請幫手 【第一更！】,doupocangqiong-tiancantudou/鬥破蒼穹_html788.html
第789章 趕往出雲！【第二更！】,doupocangqiong-tiancantudou/鬥破蒼穹_html789.html
第790章 萬蠍門 【第三更！】,doupocangqiong-tiancantudou/鬥破蒼穹_html790.html
第791章 蜈崖 【第一更！】,doupocangqiong-tiancantudou/鬥破蒼穹_html791.html
第792章 兇險 【第二更！】,doupocangqiong-tiancantudou/鬥破蒼穹_html792.html
第793章 蠍畢巖 【第三更！】,doupocangqiong-tiancantudou/鬥破蒼穹_html793.html
第794章 門派大戰 【第一更！】,doupocangqiong-tiancantudou/鬥破蒼穹_html794.html
第795章 斬殺 【第二更！】,doupocangqiong-tiancantudou/鬥破蒼穹_html795.html
第796章 四翼天魔蠍 【第三更！】,doupocangqiong-tiancantudou/鬥破蒼穹_html796.html
第797章 現身 【第一更！】,doupocangqiong-tiancantudou/鬥破蒼穹_html797.html
第798章 鐵護法 【第二更！】,doupocangqiong-tiancantudou/鬥破蒼穹_html798.html
第799章 鬥宗大爆發 【第三更！】,doupocangqiong-tiancantudou/鬥破蒼穹_html799.html
第800章 偷襲 【第一更！】,doupocangqiong-tiancantudou/鬥破蒼穹_html800.html
第801章 蠍山身亡 【第二更！】,doupocangqiong-tiancantudou/鬥破蒼穹_html801.html
第802章 魂袋 【第三更！】,doupocangqiong-tiancantudou/鬥破蒼穹_html802.html
第803章 翻海印！【第一更！】,doupocangqiong-tiancantudou/鬥破蒼穹_html803.html
第804章 狼狽的鐵護法 【第二更！】,doupocangqiong-tiancantudou/鬥破蒼穹_html804.html
第805章 擒獲！ 【第三更！】,doupocangqiong-tiancantudou/鬥破蒼穹_html805.html
第806章 拼死一擊 【第一更！】,doupocangqiong-tiancantudou/鬥破蒼穹_html806.html
第807章 魔毒斑 【第二更！】,doupocangqiong-tiancantudou/鬥破蒼穹_html807.html
第808章 石池 【第三更！】,doupocangqiong-tiancantudou/鬥破蒼穹_html808.html
第809章 封印魔毒斑 【第一更！】,doupocangqiong-tiancantudou/鬥破蒼穹_html809.html
第810章 二星斗皇 【第二更！】,doupocangqiong-tiancantudou/鬥破蒼穹_html810.html
第811章 榜上第三！ 【第三更！】,doupocangqiong-tiancantudou/鬥破蒼穹_html811.html
第812章 打算【第一更！】,doupocangqiong-tiancantudou/鬥破蒼穹_html812.html
第813章 魂殿情報 【第二更！】,doupocangqiong-tiancantudou/鬥破蒼穹_html813.html
第814章 趕往黑角域 【第三更！】,doupocangqiong-tiancantudou/鬥破蒼穹_html814.html
第815章 路遇 【第一更！】,doupocangqiong-tiancantudou/鬥破蒼穹_html815.html
第816章 魔炎谷 【第二更！】,doupocangqiong-tiancantudou/鬥破蒼穹_html816.html
第817章 血劍吳昊 【第三更！】,doupocangqiong-tiancantudou/鬥破蒼穹_html817.html
第818章 鷹爪老人,doupocangqiong-tiancantudou/鬥破蒼穹_html818.html
第819章 蕭門，蕭炎 【第二更！】,doupocangqiong-tiancantudou/鬥破蒼穹_html819.html
第820章 一個不留 【第三更！】,doupocangqiong-tiancantudou/鬥破蒼穹_html820.html
第821章 風起雲涌 【第一更！】,doupocangqiong-tiancantudou/鬥破蒼穹_html821.html
第822章 進城 【第二更！】,doupocangqiong-tiancantudou/鬥破蒼穹_html822.html
第823章 千藥坊 【第三更！】,doupocangqiong-tiancantudou/鬥破蒼穹_html823.html
第824章 換丹集會 【第一更！】,doupocangqiong-tiancantudou/鬥破蒼穹_html824.html
第825章 紅臉老者 【第二更！】,doupocangqiong-tiancantudou/鬥破蒼穹_html825.html
第826章  競價 【第一更！】,doupocangqiong-tiancantudou/鬥破蒼穹_html826.html
第827章 得手 【第二更！】,doupocangqiong-tiancantudou/鬥破蒼穹_html827.html
第828章 菩提心 【第三更！】,doupocangqiong-tiancantudou/鬥破蒼穹_html828.html
第829章 黑皇閣,doupocangqiong-tiancantudou/鬥破蒼穹_html829.html
第830章 找上門的麻煩 【第二更！】,doupocangqiong-tiancantudou/鬥破蒼穹_html830.html
第831章 白衣人 【第三更！】,doupocangqiong-tiancantudou/鬥破蒼穹_html831.html
第832章 莫崖 【第一更！】,doupocangqiong-tiancantudou/鬥破蒼穹_html832.html
第833章 強者雲集 【第二更！】,doupocangqiong-tiancantudou/鬥破蒼穹_html833.html
第834章 二女暗手 【第三更！】,doupocangqiong-tiancantudou/鬥破蒼穹_html834.html
第835章 破宗丹【第一更】,doupocangqiong-tiancantudou/鬥破蒼穹_html835.html
第836章 動靜【第二更！】,doupocangqiong-tiancantudou/鬥破蒼穹_html836.html
第837章 莫天行【第三更！】,doupocangqiong-tiancantudou/鬥破蒼穹_html837.html
第838章 拍賣開始【第四更！】,doupocangqiong-tiancantudou/鬥破蒼穹_html838.html
第839章 好戲開鑼 【第一更！】,doupocangqiong-tiancantudou/鬥破蒼穹_html839.html
第840章 拍賣！【第二更！】,doupocangqiong-tiancantudou/鬥破蒼穹_html840.html
第841章 六合遊身尺 【第三更！】,doupocangqiong-tiancantudou/鬥破蒼穹_html841.html
第842章 魔獸乾屍【第一更！】,doupocangqiong-tiancantudou/鬥破蒼穹_html842.html
第843章 拍賣乾屍【第二更！】,doupocangqiong-tiancantudou/鬥破蒼穹_html843.html
第844章 以物換物【第三更！】,doupocangqiong-tiancantudou/鬥破蒼穹_html844.html
第845章 菩提化體涎【第一更！】,doupocangqiong-tiancantudou/鬥破蒼穹_html845.html
第846章 各顯本錢【第二更！】,doupocangqiong-tiancantudou/鬥破蒼穹_html846.html
第847章 最終勝者 【第三更！】,doupocangqiong-tiancantudou/鬥破蒼穹_html847.html
第848章 鷹山老人,doupocangqiong-tiancantudou/鬥破蒼穹_html848.html
第849章 見面【第二更！】,doupocangqiong-tiancantudou/鬥破蒼穹_html849.html
第850章 相談 【第三更！】,doupocangqiong-tiancantudou/鬥破蒼穹_html850.html
第851章 商議定計【第一更！】,doupocangqiong-tiancantudou/鬥破蒼穹_html851.html
第852章 分屍【第二更！】,doupocangqiong-tiancantudou/鬥破蒼穹_html852.html
第853章 青紅血液 【第三更！】,doupocangqiong-tiancantudou/鬥破蒼穹_html853.html
第854章 七階魔核,doupocangqiong-tiancantudou/鬥破蒼穹_html854.html
第855章 心火種子,doupocangqiong-tiancantudou/鬥破蒼穹_html855.html
第856章 尾隨,doupocangqiong-tiancantudou/鬥破蒼穹_html856.html
第857章 探測,doupocangqiong-tiancantudou/鬥破蒼穹_html857.html
第858章 靈魂分身,doupocangqiong-tiancantudou/鬥破蒼穹_html858.html
第859章 果然是你,doupocangqiong-tiancantudou/鬥破蒼穹_html859.html
第860章 同門再見,doupocangqiong-tiancantudou/鬥破蒼穹_html860.html
第861章 五大斗宗,doupocangqiong-tiancantudou/鬥破蒼穹_html861.html
第862章 局勢轉變,doupocangqiong-tiancantudou/鬥破蒼穹_html862.html
第863章 大戰起,doupocangqiong-tiancantudou/鬥破蒼穹_html863.html
第864章 化生火,doupocangqiong-tiancantudou/鬥破蒼穹_html864.html
第865章 收服,doupocangqiong-tiancantudou/鬥破蒼穹_html865.html
第866章 擊殺,doupocangqiong-tiancantudou/鬥破蒼穹_html866.html
第867章 暴走的紫研,doupocangqiong-tiancantudou/鬥破蒼穹_html867.html
第868章 喝退,doupocangqiong-tiancantudou/鬥破蒼穹_html868.html
第869章 離去,doupocangqiong-tiancantudou/鬥破蒼穹_html869.html
第870章 變故,doupocangqiong-tiancantudou/鬥破蒼穹_html870.html
第871章 消除隱患,doupocangqiong-tiancantudou/鬥破蒼穹_html871.html
第872章 抵達和平鎮,doupocangqiong-tiancantudou/鬥破蒼穹_html872.html
第873章 欣藍,doupocangqiong-tiancantudou/鬥破蒼穹_html873.html
第874章 見面,doupocangqiong-tiancantudou/鬥破蒼穹_html874.html
第875章 辦法,doupocangqiong-tiancantudou/鬥破蒼穹_html875.html
第876章 異火消息,doupocangqiong-tiancantudou/鬥破蒼穹_html876.html
第877章 九龍天罡火,doupocangqiong-tiancantudou/鬥破蒼穹_html877.html
第878章 三千焱炎火,doupocangqiong-tiancantudou/鬥破蒼穹_html878.html
第879章 煉製,doupocangqiong-tiancantudou/鬥破蒼穹_html879.html
第880章 意外收穫,doupocangqiong-tiancantudou/鬥破蒼穹_html880.html
第881章 霸道的骨翼,doupocangqiong-tiancantudou/鬥破蒼穹_html881.html
第882章 一勞永逸,doupocangqiong-tiancantudou/鬥破蒼穹_html882.html
第883章  到來,doupocangqiong-tiancantudou/鬥破蒼穹_html883.html
第884章 地魔老鬼,doupocangqiong-tiancantudou/鬥破蒼穹_html884.html
第885章 動手,doupocangqiong-tiancantudou/鬥破蒼穹_html885.html
第886章 對戰地魔老鬼,doupocangqiong-tiancantudou/鬥破蒼穹_html886.html
第887章 驚心動魄,doupocangqiong-tiancantudou/鬥破蒼穹_html887.html
第888章 瘋狂,doupocangqiong-tiancantudou/鬥破蒼穹_html888.html
第889章 毀滅火蓮,doupocangqiong-tiancantudou/鬥破蒼穹_html889.html
第890章  大破壞！,doupocangqiong-tiancantudou/鬥破蒼穹_html890.html
第891章 千百二老,doupocangqiong-tiancantudou/鬥破蒼穹_html891.html
第892章 希冀,doupocangqiong-tiancantudou/鬥破蒼穹_html892.html
第893章 失敗,doupocangqiong-tiancantudou/鬥破蒼穹_html893.html
第894章 五星斗皇,doupocangqiong-tiancantudou/鬥破蒼穹_html894.html
第895章 修煉之所,doupocangqiong-tiancantudou/鬥破蒼穹_html895.html
第896章 再進塔底,doupocangqiong-tiancantudou/鬥破蒼穹_html896.html
第897章 召喚,doupocangqiong-tiancantudou/鬥破蒼穹_html897.html
第898章 尺法小成,doupocangqiong-tiancantudou/鬥破蒼穹_html898.html
第899章 神秘骨骸,doupocangqiong-tiancantudou/鬥破蒼穹_html899.html
第900章 岩漿生物,doupocangqiong-tiancantudou/鬥破蒼穹_html900.html
第901章 火焰蜥蜴族,doupocangqiong-tiancantudou/鬥破蒼穹_html901.html
第902章 天火尊者 【第一更！】,doupocangqiong-tiancantudou/鬥破蒼穹_html902.html
第903章 五輪離火法 【第二更！】,doupocangqiong-tiancantudou/鬥破蒼穹_html903.html
第904章 神秘存在 【第三更！】,doupocangqiong-tiancantudou/鬥破蒼穹_html904.html
第905章 陀舍古帝玉的動靜【第一更！】,doupocangqiong-tiancantudou/鬥破蒼穹_html905.html
第906章 再次晉級 【第二更！】,doupocangqiong-tiancantudou/鬥破蒼穹_html906.html
第907章 情報,doupocangqiong-tiancantudou/鬥破蒼穹_html907.html
第908章 商議 【第一更！】,doupocangqiong-tiancantudou/鬥破蒼穹_html908.html
第909章 招集 【第二更！】,doupocangqiong-tiancantudou/鬥破蒼穹_html909.html
第910章 聯盟 【第三更！】,doupocangqiong-tiancantudou/鬥破蒼穹_html910.html
第911章 速度所造成的威懾 【第一更！】,doupocangqiong-tiancantudou/鬥破蒼穹_html911.html
第912章 軒護法,doupocangqiong-tiancantudou/鬥破蒼穹_html912.html
第913章 火靈顯威 【第三更！】,doupocangqiong-tiancantudou/鬥破蒼穹_html913.html
第914章 兇魂凝聚,doupocangqiong-tiancantudou/鬥破蒼穹_html914.html
第915章 迎戰,doupocangqiong-tiancantudou/鬥破蒼穹_html915.html
第916章 收取兇魂,doupocangqiong-tiancantudou/鬥破蒼穹_html916.html
第917章 擊殺,doupocangqiong-tiancantudou/鬥破蒼穹_html917.html
第918章 再度交手,doupocangqiong-tiancantudou/鬥破蒼穹_html918.html
第919章 火蓮，殺！,doupocangqiong-tiancantudou/鬥破蒼穹_html919.html
第920章 最後勝者,doupocangqiong-tiancantudou/鬥破蒼穹_html920.html
第921章 尋寶,doupocangqiong-tiancantudou/鬥破蒼穹_html921.html
第922章 石洞庫房,doupocangqiong-tiancantudou/鬥破蒼穹_html922.html
第923章 天妖傀,doupocangqiong-tiancantudou/鬥破蒼穹_html923.html
第924章 養魂涎,doupocangqiong-tiancantudou/鬥破蒼穹_html924.html
第925章 厄難毒體提前爆發,doupocangqiong-tiancantudou/鬥破蒼穹_html925.html
第926章 封印 【第一更！】,doupocangqiong-tiancantudou/鬥破蒼穹_html926.html
第927章 煉化兇魂 【第二更！】,doupocangqiong-tiancantudou/鬥破蒼穹_html927.html
第928章 煉製天妖傀 【第三更！】,doupocangqiong-tiancantudou/鬥破蒼穹_html928.html
第929章 淬鍊 【第四更！】,doupocangqiong-tiancantudou/鬥破蒼穹_html929.html
第930章 煉製成功！,doupocangqiong-tiancantudou/鬥破蒼穹_html930.html
第931章 大動靜,doupocangqiong-tiancantudou/鬥破蒼穹_html931.html
第932章 煉製天魂融血丹,doupocangqiong-tiancantudou/鬥破蒼穹_html932.html
第933章 血脈中的威壓,doupocangqiong-tiancantudou/鬥破蒼穹_html933.html
第934章 丹成,doupocangqiong-tiancantudou/鬥破蒼穹_html934.html
第935章 丹雷【第二更！】,doupocangqiong-tiancantudou/鬥破蒼穹_html935.html
第936章 地妖傀顯威【第三更！】,doupocangqiong-tiancantudou/鬥破蒼穹_html936.html
第937章 再度突破！,doupocangqiong-tiancantudou/鬥破蒼穹_html937.html
第938章 離開,doupocangqiong-tiancantudou/鬥破蒼穹_html938.html
第939章 一殿一塔，二宗三谷，四方閣,doupocangqiong-tiancantudou/鬥破蒼穹_html939.html
第940章 關閉,doupocangqiong-tiancantudou/鬥破蒼穹_html940.html
第941章 紅衣少女,doupocangqiong-tiancantudou/鬥破蒼穹_html941.html
第942章 六階,doupocangqiong-tiancantudou/鬥破蒼穹_html942.html
第943章 修復,doupocangqiong-tiancantudou/鬥破蒼穹_html943.html
第944章 空間風暴,doupocangqiong-tiancantudou/鬥破蒼穹_html944.html
第945章 通道驚魂,doupocangqiong-tiancantudou/鬥破蒼穹_html945.html
第946章 韓衝,doupocangqiong-tiancantudou/鬥破蒼穹_html946.html
第947章 韓家，韓雪,doupocangqiong-tiancantudou/鬥破蒼穹_html947.html
第948章  妖蛇夏莽,doupocangqiong-tiancantudou/鬥破蒼穹_html948.html
第949章 萬蛇峽,doupocangqiong-tiancantudou/鬥破蒼穹_html949.html
第950章 神秘強者,doupocangqiong-tiancantudou/鬥破蒼穹_html950.html
第951章 空間之力,doupocangqiong-tiancantudou/鬥破蒼穹_html951.html
第952章 洪家【第一更！】,doupocangqiong-tiancantudou/鬥破蒼穹_html952.html
第953章 出手 【第二更！】,doupocangqiong-tiancantudou/鬥破蒼穹_html953.html
第954章 天北城【第三更！】,doupocangqiong-tiancantudou/鬥破蒼穹_html954.html
第955章 熟人{第四更！},doupocangqiong-tiancantudou/鬥破蒼穹_html955.html
第956章 試探,doupocangqiong-tiancantudou/鬥破蒼穹_html956.html
第957章 九轉風遊步,doupocangqiong-tiancantudou/鬥破蒼穹_html957.html
第958章 諸乾,doupocangqiong-tiancantudou/鬥破蒼穹_html958.html
第959章  藥老的關押之處,doupocangqiong-tiancantudou/鬥破蒼穹_html959.html
第960章 天石臺,doupocangqiong-tiancantudou/鬥破蒼穹_html960.html
第961章 交手,doupocangqiong-tiancantudou/鬥破蒼穹_html961.html
第962章 雷神降臨,doupocangqiong-tiancantudou/鬥破蒼穹_html962.html
第963章 滅雷錘！,doupocangqiong-tiancantudou/鬥破蒼穹_html963.html
第964章 變故,doupocangqiong-tiancantudou/鬥破蒼穹_html964.html
第965章 不夠資格,doupocangqiong-tiancantudou/鬥破蒼穹_html965.html
第966章 妖傀現身,doupocangqiong-tiancantudou/鬥破蒼穹_html966.html
第967章 洪家圍剿,doupocangqiong-tiancantudou/鬥破蒼穹_html967.html
第968章 殺伐果斷,doupocangqiong-tiancantudou/鬥破蒼穹_html968.html
第969章 瘋狂的舉動,doupocangqiong-tiancantudou/鬥破蒼穹_html969.html
第970章 三千雷幻身,doupocangqiong-tiancantudou/鬥破蒼穹_html970.html
第971章 殘卷,doupocangqiong-tiancantudou/鬥破蒼穹_html971.html
第972章 滔天氣勢,doupocangqiong-tiancantudou/鬥破蒼穹_html972.html
第973章 擊殺沈雲,doupocangqiong-tiancantudou/鬥破蒼穹_html973.html
第974章 鬥宗強者的自爆,doupocangqiong-tiancantudou/鬥破蒼穹_html974.html
第975章 棲鳳山,doupocangqiong-tiancantudou/鬥破蒼穹_html975.html
第976章 九星斗皇,doupocangqiong-tiancantudou/鬥破蒼穹_html976.html
第977章 龍潭虎穴,doupocangqiong-tiancantudou/鬥破蒼穹_html977.html
第978章 九天雷獄陣,doupocangqiong-tiancantudou/鬥破蒼穹_html978.html
第979章 雷神之怒,doupocangqiong-tiancantudou/鬥破蒼穹_html979.html
第980章 火蓮之威,doupocangqiong-tiancantudou/鬥破蒼穹_html980.html
第981章 斬殺洪天嘯,doupocangqiong-tiancantudou/鬥破蒼穹_html981.html
第982章 靈魂殘印,doupocangqiong-tiancantudou/鬥破蒼穹_html982.html
第983章 天山血潭,doupocangqiong-tiancantudou/鬥破蒼穹_html983.html
第984章 天雷子,doupocangqiong-tiancantudou/鬥破蒼穹_html984.html
第985章 追殺,doupocangqiong-tiancantudou/鬥破蒼穹_html985.html
第986章 破解,doupocangqiong-tiancantudou/鬥破蒼穹_html986.html
第987章 森林苦修,doupocangqiong-tiancantudou/鬥破蒼穹_html987.html
第988章 七階蒼狼王,doupocangqiong-tiancantudou/鬥破蒼穹_html988.html
第989章 魔獸界三大族羣,doupocangqiong-tiancantudou/鬥破蒼穹_html989.html
第990章 錘鍊分身,doupocangqiong-tiancantudou/鬥破蒼穹_html990.html
第991章 抵達天目山脈,doupocangqiong-tiancantudou/鬥破蒼穹_html991.html
第992章 鳳小姐,doupocangqiong-tiancantudou/鬥破蒼穹_html992.html
第993章 初步交手,doupocangqiong-tiancantudou/鬥破蒼穹_html993.html
第994章 黑衣男子,doupocangqiong-tiancantudou/鬥破蒼穹_html994.html
第995章 故人,doupocangqiong-tiancantudou/鬥破蒼穹_html995.html
第996章 再見納蘭嫣然,doupocangqiong-tiancantudou/鬥破蒼穹_html996.html
第997章 王塵,doupocangqiong-tiancantudou/鬥破蒼穹_html997.html
第998章 迷陣,doupocangqiong-tiancantudou/鬥破蒼穹_html998.html
第999章 白狐引起的血案,doupocangqiong-tiancantudou/鬥破蒼穹_html999.html
第1000章 天山臺,doupocangqiong-tiancantudou/鬥破蒼穹_html1000.html
第1001章 鼠潮音波陣,doupocangqiong-tiancantudou/鬥破蒼穹_html1001.html
第1002章 闖關,doupocangqiong-tiancantudou/鬥破蒼穹_html1002.html
第1003章 慕青鸞,doupocangqiong-tiancantudou/鬥破蒼穹_html1003.html
第1004章 聲波對碰！,doupocangqiong-tiancantudou/鬥破蒼穹_html1004.html
第1005章 風尊者去向,doupocangqiong-tiancantudou/鬥破蒼穹_html1005.html
第1006章 交易,doupocangqiong-tiancantudou/鬥破蒼穹_html1006.html
第1007章 血潭之底,doupocangqiong-tiancantudou/鬥破蒼穹_html1007.html
第1008章 進入血潭,doupocangqiong-tiancantudou/鬥破蒼穹_html1008.html
第1009章 血潭潛修！,doupocangqiong-tiancantudou/鬥破蒼穹_html1009.html
第1010章 淬鍊靈魂之效,doupocangqiong-tiancantudou/鬥破蒼穹_html1010.html
第1011章 突破！鬥宗！,doupocangqiong-tiancantudou/鬥破蒼穹_html1011.html
第1012章 再見藥老！,doupocangqiong-tiancantudou/鬥破蒼穹_html1012.html
第1013章 一星斗宗,doupocangqiong-tiancantudou/鬥破蒼穹_html1013.html
第1014章 古界,doupocangqiong-tiancantudou/鬥破蒼穹_html1014.html
第1015章 煉化魔毒斑,doupocangqiong-tiancantudou/鬥破蒼穹_html1015.html
第1016章 風雷山脈,doupocangqiong-tiancantudou/鬥破蒼穹_html1016.html
第1017章 雷山,doupocangqiong-tiancantudou/鬥破蒼穹_html1017.html
第1018章 四大尊者,doupocangqiong-tiancantudou/鬥破蒼穹_html1018.html
第1019章 大會開始,doupocangqiong-tiancantudou/鬥破蒼穹_html1019.html
第1020章 混亂篩選,doupocangqiong-tiancantudou/鬥破蒼穹_html1020.html
第1021章 來吧,doupocangqiong-tiancantudou/鬥破蒼穹_html1021.html
第1022章 戰王塵,doupocangqiong-tiancantudou/鬥破蒼穹_html1022.html
第1023章 六合火,doupocangqiong-tiancantudou/鬥破蒼穹_html1023.html
第1024章 識破身份,doupocangqiong-tiancantudou/鬥破蒼穹_html1024.html
第1025章 奉陪便是,doupocangqiong-tiancantudou/鬥破蒼穹_html1025.html
第1026章 年輕一輩的巔峰一戰,doupocangqiong-tiancantudou/鬥破蒼穹_html1026.html
第1027章 風殺指,doupocangqiong-tiancantudou/鬥破蒼穹_html1027.html
第1028章 妖凰聖像,doupocangqiong-tiancantudou/鬥破蒼穹_html1028.html
第1029章 聖像之力,doupocangqiong-tiancantudou/鬥破蒼穹_html1029.html
第1030章 妖凰鍾,doupocangqiong-tiancantudou/鬥破蒼穹_html1030.html
第1031章 勝負,doupocangqiong-tiancantudou/鬥破蒼穹_html1031.html
第1032章 古凰血精,doupocangqiong-tiancantudou/鬥破蒼穹_html1032.html
第1033章 大會落幕,doupocangqiong-tiancantudou/鬥破蒼穹_html1033.html
第1034章 吸收,doupocangqiong-tiancantudou/鬥破蒼穹_html1034.html
第1035章 骨翼變異,doupocangqiong-tiancantudou/鬥破蒼穹_html1035.html
第1036章 當年舊事,doupocangqiong-tiancantudou/鬥破蒼穹_html1036.html
第1037章 前往丹域,doupocangqiong-tiancantudou/鬥破蒼穹_html1037.html
第1038章 修煉弄焰決,doupocangqiong-tiancantudou/鬥破蒼穹_html1038.html
第1039章 錘鍊獸火,doupocangqiong-tiancantudou/鬥破蒼穹_html1039.html
第1040章 火種,doupocangqiong-tiancantudou/鬥破蒼穹_html1040.html
第1041章 中域，天黃城,doupocangqiong-tiancantudou/鬥破蒼穹_html1041.html
第1042章 蟲洞爭奪,doupocangqiong-tiancantudou/鬥破蒼穹_html1042.html
第1043章 故友相見,doupocangqiong-tiancantudou/鬥破蒼穹_html1043.html
第1044章 一招,doupocangqiong-tiancantudou/鬥破蒼穹_html1044.html
第1045章 前往焚炎谷,doupocangqiong-tiancantudou/鬥破蒼穹_html1045.html
第1046章 炙火山脈,doupocangqiong-tiancantudou/鬥破蒼穹_html1046.html
第1047章 唐震，九龍雷罡火！,doupocangqiong-tiancantudou/鬥破蒼穹_html1047.html
第1048章 異火測試,doupocangqiong-tiancantudou/鬥破蒼穹_html1048.html
第1049章 報酬,doupocangqiong-tiancantudou/鬥破蒼穹_html1049.html
第1050章 爭取,doupocangqiong-tiancantudou/鬥破蒼穹_html1050.html
第1051章 火菩丹,doupocangqiong-tiancantudou/鬥破蒼穹_html1051.html
第1052章 融合,doupocangqiong-tiancantudou/鬥破蒼穹_html1052.html
第1053章 變故,doupocangqiong-tiancantudou/鬥破蒼穹_html1053.html
第1054章 力挽狂瀾,doupocangqiong-tiancantudou/鬥破蒼穹_html1054.html
第1055章 再見丹雷,doupocangqiong-tiancantudou/鬥破蒼穹_html1055.html
第1056章 煉丹成功,doupocangqiong-tiancantudou/鬥破蒼穹_html1056.html
第1057章 陰陽命魂丹,doupocangqiong-tiancantudou/鬥破蒼穹_html1057.html
第1058章 受阻,doupocangqiong-tiancantudou/鬥破蒼穹_html1058.html
第1059章 考驗,doupocangqiong-tiancantudou/鬥破蒼穹_html1059.html
第1060章 對戰吳辰,doupocangqiong-tiancantudou/鬥破蒼穹_html1060.html
第1061章 暗藏一手,doupocangqiong-tiancantudou/鬥破蒼穹_html1061.html
第1062章 到手,doupocangqiong-tiancantudou/鬥破蒼穹_html1062.html
第1063章 傳承秘法,doupocangqiong-tiancantudou/鬥破蒼穹_html1063.html
第1064章 蕭玄,doupocangqiong-tiancantudou/鬥破蒼穹_html1064.html
第1065章 小醫仙消息,doupocangqiong-tiancantudou/鬥破蒼穹_html1065.html
第1066章 趕至中域,doupocangqiong-tiancantudou/鬥破蒼穹_html1066.html
第1067章 葉城,doupocangqiong-tiancantudou/鬥破蒼穹_html1067.html
第1068章 葉家,doupocangqiong-tiancantudou/鬥破蒼穹_html1068.html
第1069章 去向,doupocangqiong-tiancantudou/鬥破蒼穹_html1069.html
第1070章 落神澗,doupocangqiong-tiancantudou/鬥破蒼穹_html1070.html
第1071章 冰河谷的剿殺,doupocangqiong-tiancantudou/鬥破蒼穹_html1071.html
第1072章 逆轉局面,doupocangqiong-tiancantudou/鬥破蒼穹_html1072.html
第1073章 不堪一擊,doupocangqiong-tiancantudou/鬥破蒼穹_html1073.html
第1074章 一個不留,doupocangqiong-tiancantudou/鬥破蒼穹_html1074.html
第1075章 療傷,doupocangqiong-tiancantudou/鬥破蒼穹_html1075.html
第1076章 天毒蠍龍獸蹤跡,doupocangqiong-tiancantudou/鬥破蒼穹_html1076.html
第1077章 晉級,doupocangqiong-tiancantudou/鬥破蒼穹_html1077.html
第1078章 天毒蠍龍獸,doupocangqiong-tiancantudou/鬥破蒼穹_html1078.html
第1079章 蠍龍族,doupocangqiong-tiancantudou/鬥破蒼穹_html1079.html
第1080章 剿殺天毒蠍龍獸,doupocangqiong-tiancantudou/鬥破蒼穹_html1080.html
第1081章 擊殺！,doupocangqiong-tiancantudou/鬥破蒼穹_html1081.html
第1082章 到手,doupocangqiong-tiancantudou/鬥破蒼穹_html1082.html
第1083章 煉製陰陽命魂丹,doupocangqiong-tiancantudou/鬥破蒼穹_html1083.html
第1084章 煉製軀體,doupocangqiong-tiancantudou/鬥破蒼穹_html1084.html
第1085章 鬥宗巔峰,doupocangqiong-tiancantudou/鬥破蒼穹_html1085.html
第1086章 以卵擊石,doupocangqiong-tiancantudou/鬥破蒼穹_html1086.html
第1087章 陽火,doupocangqiong-tiancantudou/鬥破蒼穹_html1087.html
第1088章 黑火宗,doupocangqiong-tiancantudou/鬥破蒼穹_html1088.html
第1089章 陽火古壇,doupocangqiong-tiancantudou/鬥破蒼穹_html1089.html
第1090章 毒丹之法，開啓！,doupocangqiong-tiancantudou/鬥破蒼穹_html1090.html
第1091章 誰動你，我便殺誰！,doupocangqiong-tiancantudou/鬥破蒼穹_html1091.html
第1092章 地心珠,doupocangqiong-tiancantudou/鬥破蒼穹_html1092.html
第1093章 奪取,doupocangqiong-tiancantudou/鬥破蒼穹_html1093.html
第1094章 大戰將至,doupocangqiong-tiancantudou/鬥破蒼穹_html1094.html
第1095章 三變！,doupocangqiong-tiancantudou/鬥破蒼穹_html1095.html
第1096章 恐怖的增幅,doupocangqiong-tiancantudou/鬥破蒼穹_html1096.html
第1097章 摧枯拉朽,doupocangqiong-tiancantudou/鬥破蒼穹_html1097.html
第1098章 離火焚天,doupocangqiong-tiancantudou/鬥破蒼穹_html1098.html
第1099章 恐怖對轟,doupocangqiong-tiancantudou/鬥破蒼穹_html1099.html
第1100章 震撼之戰,doupocangqiong-tiancantudou/鬥破蒼穹_html1100.html
第1101章 青海,doupocangqiong-tiancantudou/鬥破蒼穹_html1101.html
第1102章 寒冰王座,doupocangqiong-tiancantudou/鬥破蒼穹_html1102.html
第1103章 冰尊者,doupocangqiong-tiancantudou/鬥破蒼穹_html1103.html
第1104章 再見薰兒！,doupocangqiong-tiancantudou/鬥破蒼穹_html1104.html
第1105章 金色火焰,doupocangqiong-tiancantudou/鬥破蒼穹_html1105.html
第1106章 擊潰,doupocangqiong-tiancantudou/鬥破蒼穹_html1106.html
第1107章 退敵,doupocangqiong-tiancantudou/鬥破蒼穹_html1107.html
第1108章 封印,doupocangqiong-tiancantudou/鬥破蒼穹_html1108.html
第1109章 打算,doupocangqiong-tiancantudou/鬥破蒼穹_html1109.html
第1110章 古玉之謎,doupocangqiong-tiancantudou/鬥破蒼穹_html1110.html
第1111章 情迷,doupocangqiong-tiancantudou/鬥破蒼穹_html1111.html
第1112章 解決魔毒斑,doupocangqiong-tiancantudou/鬥破蒼穹_html1112.html
第1113章 突破,doupocangqiong-tiancantudou/鬥破蒼穹_html1113.html
第1114章 翎泉統領,doupocangqiong-tiancantudou/鬥破蒼穹_html1114.html
第1115章 血玉令,doupocangqiong-tiancantudou/鬥破蒼穹_html1115.html
第1116章 不堪一擊！,doupocangqiong-tiancantudou/鬥破蒼穹_html1116.html
第1117章 還債,doupocangqiong-tiancantudou/鬥破蒼穹_html1117.html
第1118章 離開,doupocangqiong-tiancantudou/鬥破蒼穹_html1118.html
第1119章 長老席,doupocangqiong-tiancantudou/鬥破蒼穹_html1119.html
第1120章 苦修煉丹,doupocangqiong-tiancantudou/鬥破蒼穹_html1120.html
第1121章 曹家,doupocangqiong-tiancantudou/鬥破蒼穹_html1121.html
第1122章 打賭,doupocangqiong-tiancantudou/鬥破蒼穹_html1122.html
第1123章 玩火,doupocangqiong-tiancantudou/鬥破蒼穹_html1123.html
第1124章 曹家妖女,doupocangqiong-tiancantudou/鬥破蒼穹_html1124.html
第1125章 壓力,doupocangqiong-tiancantudou/鬥破蒼穹_html1125.html
第1126章 靈魂境界,doupocangqiong-tiancantudou/鬥破蒼穹_html1126.html
第1127章 趕往聖丹城！,doupocangqiong-tiancantudou/鬥破蒼穹_html1127.html
第1128章 丹家,doupocangqiong-tiancantudou/鬥破蒼穹_html1128.html
第1129章 星空夜遇,doupocangqiong-tiancantudou/鬥破蒼穹_html1129.html
第1130章 分塔,doupocangqiong-tiancantudou/鬥破蒼穹_html1130.html
第1131章 測試,doupocangqiong-tiancantudou/鬥破蒼穹_html1131.html
第1132章 七品中級煉藥師,doupocangqiong-tiancantudou/鬥破蒼穹_html1132.html
第1133章 教訓,doupocangqiong-tiancantudou/鬥破蒼穹_html1133.html
第1134章 煉藥師交易會,doupocangqiong-tiancantudou/鬥破蒼穹_html1134.html
第1135章 血精妖果,doupocangqiong-tiancantudou/鬥破蒼穹_html1135.html
第1136章 銅片,doupocangqiong-tiancantudou/鬥破蒼穹_html1136.html
第1137章 交換,doupocangqiong-tiancantudou/鬥破蒼穹_html1137.html
第1138章 玄冥宗,doupocangqiong-tiancantudou/鬥破蒼穹_html1138.html
第1139章 孕靈粉塵,doupocangqiong-tiancantudou/鬥破蒼穹_html1139.html
第1140章 無名口訣,doupocangqiong-tiancantudou/鬥破蒼穹_html1140.html
第1141章 吸納,doupocangqiong-tiancantudou/鬥破蒼穹_html1141.html
第1142章 五大家族齊聚,doupocangqiong-tiancantudou/鬥破蒼穹_html1142.html
第1143章 考覈開始！,doupocangqiong-tiancantudou/鬥破蒼穹_html1143.html
第1144章 靈魂測試,doupocangqiong-tiancantudou/鬥破蒼穹_html1144.html
第1145章 豔驚四座,doupocangqiong-tiancantudou/鬥破蒼穹_html1145.html
第1146章 靈魂操控,doupocangqiong-tiancantudou/鬥破蒼穹_html1146.html
第1147章 靈魂交手,doupocangqiong-tiancantudou/鬥破蒼穹_html1147.html
第1148章 偷學,doupocangqiong-tiancantudou/鬥破蒼穹_html1148.html
第1149章 獲勝,doupocangqiong-tiancantudou/鬥破蒼穹_html1149.html
第1150章 不速之客,doupocangqiong-tiancantudou/鬥破蒼穹_html1150.html
第1151章 神秘黑袍人,doupocangqiong-tiancantudou/鬥破蒼穹_html1151.html
第1152章 慕骨老人,doupocangqiong-tiancantudou/鬥破蒼穹_html1152.html
第1153章 玄空子,doupocangqiong-tiancantudou/鬥破蒼穹_html1153.html
第1154章 宋清,doupocangqiong-tiancantudou/鬥破蒼穹_html1154.html
第1155章 魂手印,doupocangqiong-tiancantudou/鬥破蒼穹_html1155.html
第1156章 丹會開始！,doupocangqiong-tiancantudou/鬥破蒼穹_html1156.html
第1157章 兩大關卡,doupocangqiong-tiancantudou/鬥破蒼穹_html1157.html
第1158章 過關,doupocangqiong-tiancantudou/鬥破蒼穹_html1158.html
第1159章 丹界入口,doupocangqiong-tiancantudou/鬥破蒼穹_html1159.html
第1160章 千年地黃精,doupocangqiong-tiancantudou/鬥破蒼穹_html1160.html
第1161章 地心魂髓,doupocangqiong-tiancantudou/鬥破蒼穹_html1161.html
第1162章 黃衣老者,doupocangqiong-tiancantudou/鬥破蒼穹_html1162.html
第1163章 萬藥山脈,doupocangqiong-tiancantudou/鬥破蒼穹_html1163.html
第1164章 再遇,doupocangqiong-tiancantudou/鬥破蒼穹_html1164.html
第1165章 動手,doupocangqiong-tiancantudou/鬥破蒼穹_html1165.html
第1166章 下殺手,doupocangqiong-tiancantudou/鬥破蒼穹_html1166.html
第1167章 離去,doupocangqiong-tiancantudou/鬥破蒼穹_html1167.html
第1168章 丹靈漿,doupocangqiong-tiancantudou/鬥破蒼穹_html1168.html
第1169章,doupocangqiong-tiancantudou/鬥破蒼穹_html1169.html
第1170章 殺戮,doupocangqiong-tiancantudou/鬥破蒼穹_html1170.html
第1171章 聯手,doupocangqiong-tiancantudou/鬥破蒼穹_html1171.html
第1172章 逃命,doupocangqiong-tiancantudou/鬥破蒼穹_html1172.html
第1173章 紫研，熊戰,doupocangqiong-tiancantudou/鬥破蒼穹_html1173.html
第1174章 震退,doupocangqiong-tiancantudou/鬥破蒼穹_html1174.html
第1175章 藥材廣場,doupocangqiong-tiancantudou/鬥破蒼穹_html1175.html
第1176章 調和地心魂髓,doupocangqiong-tiancantudou/鬥破蒼穹_html1176.html
第1177章 晉入八品！,doupocangqiong-tiancantudou/鬥破蒼穹_html1177.html
第1178章 趕往出口,doupocangqiong-tiancantudou/鬥破蒼穹_html1178.html
第1179章 離開丹界,doupocangqiong-tiancantudou/鬥破蒼穹_html1179.html
第1180章 重頭戲,doupocangqiong-tiancantudou/鬥破蒼穹_html1180.html
第1181章 血妖焰火,doupocangqiong-tiancantudou/鬥破蒼穹_html1181.html
第1182章 煉丹開始,doupocangqiong-tiancantudou/鬥破蒼穹_html1182.html
第1183章 丹雷屢現,doupocangqiong-tiancantudou/鬥破蒼穹_html1183.html
第1184章 強者迭出,doupocangqiong-tiancantudou/鬥破蒼穹_html1184.html
第1185章 八品丹藥！,doupocangqiong-tiancantudou/鬥破蒼穹_html1185.html
第1186章 三色丹雷,doupocangqiong-tiancantudou/鬥破蒼穹_html1186.html
第1187章 放手一搏,doupocangqiong-tiancantudou/鬥破蒼穹_html1187.html
第1188章 升靈,doupocangqiong-tiancantudou/鬥破蒼穹_html1188.html
第1189章 五色丹雷！,doupocangqiong-tiancantudou/鬥破蒼穹_html1189.html
第1190章 迎接丹雷,doupocangqiong-tiancantudou/鬥破蒼穹_html1190.html
第1191章 進化，天妖傀！,doupocangqiong-tiancantudou/鬥破蒼穹_html1191.html
第1192章 丹會落幕,doupocangqiong-tiancantudou/鬥破蒼穹_html1192.html
第1193章 玄衣，天雷子,doupocangqiong-tiancantudou/鬥破蒼穹_html1193.html
第1194章 兩女對恃,doupocangqiong-tiancantudou/鬥破蒼穹_html1194.html
第1195章 龍印,doupocangqiong-tiancantudou/鬥破蒼穹_html1195.html
第1196章 星域，三千焱炎火！,doupocangqiong-tiancantudou/鬥破蒼穹_html1196.html
第1197章 兇悍的三千焱炎火,doupocangqiong-tiancantudou/鬥破蒼穹_html1197.html
第1198章 破封,doupocangqiong-tiancantudou/鬥破蒼穹_html1198.html
第1199章 魂殿援手,doupocangqiong-tiancantudou/鬥破蒼穹_html1199.html
第1200章 激戰,doupocangqiong-tiancantudou/鬥破蒼穹_html1200.html
第1201章 動手,doupocangqiong-tiancantudou/鬥破蒼穹_html1201.html
第1202章 符印,doupocangqiong-tiancantudou/鬥破蒼穹_html1202.html
第1203章 靈魂交戰,doupocangqiong-tiancantudou/鬥破蒼穹_html1203.html
第1204章 爆發,doupocangqiong-tiancantudou/鬥破蒼穹_html1204.html
第1205章 僵持,doupocangqiong-tiancantudou/鬥破蒼穹_html1205.html
第1206章 降服,doupocangqiong-tiancantudou/鬥破蒼穹_html1206.html
第1207章 吞噬異火，九星斗宗！,doupocangqiong-tiancantudou/鬥破蒼穹_html1207.html
第1208章 火雷子,doupocangqiong-tiancantudou/鬥破蒼穹_html1208.html
第1209章 情報,doupocangqiong-tiancantudou/鬥破蒼穹_html1209.html
第1210章 茯苓青丹,doupocangqiong-tiancantudou/鬥破蒼穹_html1210.html
第1211章 易塵,doupocangqiong-tiancantudou/鬥破蒼穹_html1211.html
第1212章 交手,doupocangqiong-tiancantudou/鬥破蒼穹_html1212.html
第1213章 承讓,doupocangqiong-tiancantudou/鬥破蒼穹_html1213.html
第1214章 情報到手,doupocangqiong-tiancantudou/鬥破蒼穹_html1214.html
第1215章 亡魂山脈,doupocangqiong-tiancantudou/鬥破蒼穹_html1215.html
第1216章 萬事具備,doupocangqiong-tiancantudou/鬥破蒼穹_html1216.html
第1217章 營救行動,doupocangqiong-tiancantudou/鬥破蒼穹_html1217.html
第1218章 噬石魔蟻,doupocangqiong-tiancantudou/鬥破蒼穹_html1218.html
第1219章 巨殿,doupocangqiong-tiancantudou/鬥破蒼穹_html1219.html
第1220章 大戰,doupocangqiong-tiancantudou/鬥破蒼穹_html1220.html
第1221章 殺戮,doupocangqiong-tiancantudou/鬥破蒼穹_html1221.html
第1222章 摘星老鬼,doupocangqiong-tiancantudou/鬥破蒼穹_html1222.html
第1223章 戲耍,doupocangqiong-tiancantudou/鬥破蒼穹_html1223.html
第1224章 局勢,doupocangqiong-tiancantudou/鬥破蒼穹_html1224.html
第1225章 拖延,doupocangqiong-tiancantudou/鬥破蒼穹_html1225.html
第1226章 兩敗俱傷,doupocangqiong-tiancantudou/鬥破蒼穹_html1226.html
第1227章 神秘之人,doupocangqiong-tiancantudou/鬥破蒼穹_html1227.html
第1228章 重傷,doupocangqiong-tiancantudou/鬥破蒼穹_html1228.html
第1229章 星隕閣,doupocangqiong-tiancantudou/鬥破蒼穹_html1229.html
第1230章 時間飛逝,doupocangqiong-tiancantudou/鬥破蒼穹_html1230.html
第1231章 晉階，鬥尊！,doupocangqiong-tiancantudou/鬥破蒼穹_html1231.html
第1232章 甦醒,doupocangqiong-tiancantudou/鬥破蒼穹_html1232.html
第1233章 遠古遺蹟,doupocangqiong-tiancantudou/鬥破蒼穹_html1233.html
第1234章 獸域,doupocangqiong-tiancantudou/鬥破蒼穹_html1234.html
第1235章 骸骨山脈,doupocangqiong-tiancantudou/鬥破蒼穹_html1235.html
第1236章 找場子,doupocangqiong-tiancantudou/鬥破蒼穹_html1236.html
第1237章 滾下去,doupocangqiong-tiancantudou/鬥破蒼穹_html1237.html
第1238章 空間封印,doupocangqiong-tiancantudou/鬥破蒼穹_html1238.html
第1239章 黑影人,doupocangqiong-tiancantudou/鬥破蒼穹_html1239.html
第1240章 遺蹟開啓,doupocangqiong-tiancantudou/鬥破蒼穹_html1240.html
第1241章 對頭同現,doupocangqiong-tiancantudou/鬥破蒼穹_html1241.html
第1242章 進入遺蹟,doupocangqiong-tiancantudou/鬥破蒼穹_html1242.html
第1243章 另有玄機的火道,doupocangqiong-tiancantudou/鬥破蒼穹_html1243.html
第1244章 收服,doupocangqiong-tiancantudou/鬥破蒼穹_html1244.html
第1245章 遠古森林,doupocangqiong-tiancantudou/鬥破蒼穹_html1245.html
第1246章 魂嬰妖樹,doupocangqiong-tiancantudou/鬥破蒼穹_html1246.html
第1247章 龍凰本源果,doupocangqiong-tiancantudou/鬥破蒼穹_html1247.html
第1248章 凰軒,doupocangqiong-tiancantudou/鬥破蒼穹_html1248.html
第1249章 天凰祖魂,doupocangqiong-tiancantudou/鬥破蒼穹_html1249.html
第1250章 祖魂比拼,doupocangqiong-tiancantudou/鬥破蒼穹_html1250.html
第1251章 恭喜鬥破成爲起點第一本高訂達到五,doupocangqiong-tiancantudou/鬥破蒼穹_html1251.html
第1252章  遠古丹藥,doupocangqiong-tiancantudou/鬥破蒼穹_html1252.html
第1253章 勾引丹獸,doupocangqiong-tiancantudou/鬥破蒼穹_html1253.html
第1254章 青鱗？,doupocangqiong-tiancantudou/鬥破蒼穹_html1254.html
第1255章 故人相見,doupocangqiong-tiancantudou/鬥破蒼穹_html1255.html
第1256章 恐怖的碧蛇三花瞳,doupocangqiong-tiancantudou/鬥破蒼穹_html1256.html
第1257章 主殿,doupocangqiong-tiancantudou/鬥破蒼穹_html1257.html
第1258章 封印消失,doupocangqiong-tiancantudou/鬥破蒼穹_html1258.html
第1259章 混亂,doupocangqiong-tiancantudou/鬥破蒼穹_html1259.html
第1260章  爭奪遠古卷軸,doupocangqiong-tiancantudou/鬥破蒼穹_html1260.html
第1261章 斬殺,doupocangqiong-tiancantudou/鬥破蒼穹_html1261.html
第1262章 鬥聖骨骸,doupocangqiong-tiancantudou/鬥破蒼穹_html1262.html
第1263章 聯手,doupocangqiong-tiancantudou/鬥破蒼穹_html1263.html
第1264章 大天造化掌,doupocangqiong-tiancantudou/鬥破蒼穹_html1264.html
第1265章 爭搶骸骨,doupocangqiong-tiancantudou/鬥破蒼穹_html1265.html
第1266章 收集骨骸,doupocangqiong-tiancantudou/鬥破蒼穹_html1266.html
第1267章 各方插手,doupocangqiong-tiancantudou/鬥破蒼穹_html1267.html
第1268章 四印疊加,doupocangqiong-tiancantudou/鬥破蒼穹_html1268.html
第1269章 血戰,doupocangqiong-tiancantudou/鬥破蒼穹_html1269.html
第1270章 援手,doupocangqiong-tiancantudou/鬥破蒼穹_html1270.html
第1271章 黑擎,doupocangqiong-tiancantudou/鬥破蒼穹_html1271.html
第1272章 分別,doupocangqiong-tiancantudou/鬥破蒼穹_html1272.html
第1273章 神秘紋身,doupocangqiong-tiancantudou/鬥破蒼穹_html1273.html
第1274章 遠古天蛇,doupocangqiong-tiancantudou/鬥破蒼穹_html1274.html
第1275章 天階鬥技,doupocangqiong-tiancantudou/鬥破蒼穹_html1275.html
第1276章 造化聖者,doupocangqiong-tiancantudou/鬥破蒼穹_html1276.html
第1277章 完美軀體,doupocangqiong-tiancantudou/鬥破蒼穹_html1277.html
第1278章 鬥聖骨髓,doupocangqiong-tiancantudou/鬥破蒼穹_html1278.html
第1279章 大敵來臨,doupocangqiong-tiancantudou/鬥破蒼穹_html1279.html
第1280章 混戰,doupocangqiong-tiancantudou/鬥破蒼穹_html1280.html
第1281章 施展,doupocangqiong-tiancantudou/鬥破蒼穹_html1281.html
第1282章 悽慘下場,doupocangqiong-tiancantudou/鬥破蒼穹_html1282.html
第1283章 大展神威,doupocangqiong-tiancantudou/鬥破蒼穹_html1283.html
第1284章 半聖,doupocangqiong-tiancantudou/鬥破蒼穹_html1284.html
第1285章 藥聖，藥塵！,doupocangqiong-tiancantudou/鬥破蒼穹_html1285.html
第1286章 熟人再見,doupocangqiong-tiancantudou/鬥破蒼穹_html1286.html
第1287章 際遇,doupocangqiong-tiancantudou/鬥破蒼穹_html1287.html
第1288章 趕往花宗,doupocangqiong-tiancantudou/鬥破蒼穹_html1288.html
第1289章 再見雲韻,doupocangqiong-tiancantudou/鬥破蒼穹_html1289.html
第1290章 妖花邪君,doupocangqiong-tiancantudou/鬥破蒼穹_html1290.html
第1291章 氣化天地,doupocangqiong-tiancantudou/鬥破蒼穹_html1291.html
第1292章 宗主之位,doupocangqiong-tiancantudou/鬥破蒼穹_html1292.html
第1293章 煉化,doupocangqiong-tiancantudou/鬥破蒼穹_html1293.html
第1294章 天地異象,doupocangqiong-tiancantudou/鬥破蒼穹_html1294.html
第1295章 準天階功法,doupocangqiong-tiancantudou/鬥破蒼穹_html1295.html
第1296章 撕裂封印,doupocangqiong-tiancantudou/鬥破蒼穹_html1296.html
第1297章 堵截,doupocangqiong-tiancantudou/鬥破蒼穹_html1297.html
第1298章 　　激戰,doupocangqiong-tiancantudou/鬥破蒼穹_html1298.html
第1299章 功法顯威,doupocangqiong-tiancantudou/鬥破蒼穹_html1299.html
第1300章 以一敵三,doupocangqiong-tiancantudou/鬥破蒼穹_html1300.html
第1301章 轟飛,doupocangqiong-tiancantudou/鬥破蒼穹_html1301.html
第1302章 古龍島,doupocangqiong-tiancantudou/鬥破蒼穹_html1302.html
第1303章 分裂的太虛古龍一族,doupocangqiong-tiancantudou/鬥破蒼穹_html1303.html
第1304章 動手,doupocangqiong-tiancantudou/鬥破蒼穹_html1304.html
第1305章 煉化龍凰晶層,doupocangqiong-tiancantudou/鬥破蒼穹_html1305.html
第1306章 混亂,doupocangqiong-tiancantudou/鬥破蒼穹_html1306.html
第1307章 甦醒,doupocangqiong-tiancantudou/鬥破蒼穹_html1307.html
第1308章 龍皇，紫研,doupocangqiong-tiancantudou/鬥破蒼穹_html1308.html
第1309章 龍凰古甲,doupocangqiong-tiancantudou/鬥破蒼穹_html1309.html
第1310章 虛空雷池,doupocangqiong-tiancantudou/鬥破蒼穹_html1310.html
第1311章 晉級五星,doupocangqiong-tiancantudou/鬥破蒼穹_html1311.html
第1312章 邙姓老者,doupocangqiong-tiancantudou/鬥破蒼穹_html1312.html
第1313章 離開龍島,doupocangqiong-tiancantudou/鬥破蒼穹_html1313.html
第1314章 遠古八族,doupocangqiong-tiancantudou/鬥破蒼穹_html1314.html
第1315章 玉貼,doupocangqiong-tiancantudou/鬥破蒼穹_html1315.html
第1316章 太一魂決,doupocangqiong-tiancantudou/鬥破蒼穹_html1316.html
第1317章 趕往東域,doupocangqiong-tiancantudou/鬥破蒼穹_html1317.html
第1318章 冤家路窄,doupocangqiong-tiancantudou/鬥破蒼穹_html1318.html
第1319章 喜歡,doupocangqiong-tiancantudou/鬥破蒼穹_html1319.html
第1320章 八大統領，四大都統,doupocangqiong-tiancantudou/鬥破蒼穹_html1320.html
第1321章 三統領楊皓,doupocangqiong-tiancantudou/鬥破蒼穹_html1321.html
第1322章 炎族,doupocangqiong-tiancantudou/鬥破蒼穹_html1322.html
第1323章 魂崖,doupocangqiong-tiancantudou/鬥破蒼穹_html1323.html
第1324章 古界開啓,doupocangqiong-tiancantudou/鬥破蒼穹_html1324.html
第1325章 天墓,doupocangqiong-tiancantudou/鬥破蒼穹_html1325.html
第1326章 古真,doupocangqiong-tiancantudou/鬥破蒼穹_html1326.html
第1327章 下馬威,doupocangqiong-tiancantudou/鬥破蒼穹_html1327.html
第1328章 修羅都統,doupocangqiong-tiancantudou/鬥破蒼穹_html1328.html
第1329章 邙天尺,doupocangqiong-tiancantudou/鬥破蒼穹_html1329.html
第1330章 儀式開始,doupocangqiong-tiancantudou/鬥破蒼穹_html1330.html
第1331章 血脈等級，族紋！,doupocangqiong-tiancantudou/鬥破蒼穹_html1331.html
第1332章 挑戰,doupocangqiong-tiancantudou/鬥破蒼穹_html1332.html
第1333章 勁敵！,doupocangqiong-tiancantudou/鬥破蒼穹_html1333.html
第1334章 巔峰交手,doupocangqiong-tiancantudou/鬥破蒼穹_html1334.html
第1335章 大寂滅指,doupocangqiong-tiancantudou/鬥破蒼穹_html1335.html
第1336章 落幕！,doupocangqiong-tiancantudou/鬥破蒼穹_html1336.html
第1337章 勝！,doupocangqiong-tiancantudou/鬥破蒼穹_html1337.html
第1338章 神品血脈,doupocangqiong-tiancantudou/鬥破蒼穹_html1338.html
第1339章 七彩族紋,doupocangqiong-tiancantudou/鬥破蒼穹_html1339.html
第1340章 相見,doupocangqiong-tiancantudou/鬥破蒼穹_html1340.html
第1341章 交談,doupocangqiong-tiancantudou/鬥破蒼穹_html1341.html
第1342章 天墓開啓,doupocangqiong-tiancantudou/鬥破蒼穹_html1342.html
第1343章 進入天墓,doupocangqiong-tiancantudou/鬥破蒼穹_html1343.html
第1344章 枯燥的修行,doupocangqiong-tiancantudou/鬥破蒼穹_html1344.html
第1345章 魂崖，魂厲,doupocangqiong-tiancantudou/鬥破蒼穹_html1345.html
第1346章 晉級六星,doupocangqiong-tiancantudou/鬥破蒼穹_html1346.html
第1347章 追逃,doupocangqiong-tiancantudou/鬥破蒼穹_html1347.html
第1348章 九星能量體,doupocangqiong-tiancantudou/鬥破蒼穹_html1348.html
第1349章 紫色的天妖傀,doupocangqiong-tiancantudou/鬥破蒼穹_html1349.html
第1350章 大風暴,doupocangqiong-tiancantudou/鬥破蒼穹_html1350.html
第1351章 聚集,doupocangqiong-tiancantudou/鬥破蒼穹_html1351.html
第1352章 遠古噬蟲,doupocangqiong-tiancantudou/鬥破蒼穹_html1352.html
第1353章 收取報酬,doupocangqiong-tiancantudou/鬥破蒼穹_html1353.html
第1354章 開闢晶壁,doupocangqiong-tiancantudou/鬥破蒼穹_html1354.html
第1355章 第三層,doupocangqiong-tiancantudou/鬥破蒼穹_html1355.html
第1356章 半聖能量體,doupocangqiong-tiancantudou/鬥破蒼穹_html1356.html
第1357章 血刀聖者,doupocangqiong-tiancantudou/鬥破蒼穹_html1357.html
第1358章 兩名鬥聖,doupocangqiong-tiancantudou/鬥破蒼穹_html1358.html
第1359章 現身,doupocangqiong-tiancantudou/鬥破蒼穹_html1359.html
第1360章 蕭玄！,doupocangqiong-tiancantudou/鬥破蒼穹_html1360.html
第1361章 血脈傳承,doupocangqiong-tiancantudou/鬥破蒼穹_html1361.html
第1362章 換血,doupocangqiong-tiancantudou/鬥破蒼穹_html1362.html
第1363章 血脈融合,doupocangqiong-tiancantudou/鬥破蒼穹_html1363.html
第1364章 一年半,doupocangqiong-tiancantudou/鬥破蒼穹_html1364.html
第1365章 八星斗尊巔峰！,doupocangqiong-tiancantudou/鬥破蒼穹_html1365.html
第1366章 激活族紋,doupocangqiong-tiancantudou/鬥破蒼穹_html1366.html
第1367章 最後的歷練,doupocangqiong-tiancantudou/鬥破蒼穹_html1367.html
第1368章 鬥破點擊破億，拜謝所有支持鬥破的,doupocangqiong-tiancantudou/鬥破蒼穹_html1368.html
第1369章 斬殺,doupocangqiong-tiancantudou/鬥破蒼穹_html1369.html
第1370章 第一千三百四十五 離開天墓,doupocangqiong-tiancantudou/鬥破蒼穹_html1370.html
第1371章 魂林,doupocangqiong-tiancantudou/鬥破蒼穹_html1371.html
第1372章 攤牌,doupocangqiong-tiancantudou/鬥破蒼穹_html1372.html
第1373章 離開古界,doupocangqiong-tiancantudou/鬥破蒼穹_html1373.html
第1374章 煥然一新的星隕閣,doupocangqiong-tiancantudou/鬥破蒼穹_html1374.html
第1375章 西北大陸的動盪,doupocangqiong-tiancantudou/鬥破蒼穹_html1375.html
第1376章 收徒幽泉,doupocangqiong-tiancantudou/鬥破蒼穹_html1376.html
第1377章 邀集幫手,doupocangqiong-tiancantudou/鬥破蒼穹_html1377.html
第1378章 玄黃要塞,doupocangqiong-tiancantudou/鬥破蒼穹_html1378.html
第1379章 小蕭瀟,doupocangqiong-tiancantudou/鬥破蒼穹_html1379.html
第1380章 大戰始,doupocangqiong-tiancantudou/鬥破蒼穹_html1380.html
第1381章 慘烈,doupocangqiong-tiancantudou/鬥破蒼穹_html1381.html
第1382章 一掌擊殺！,doupocangqiong-tiancantudou/鬥破蒼穹_html1382.html
第1383章 今非昔比,doupocangqiong-tiancantudou/鬥破蒼穹_html1383.html
第1384章 四天尊，血河！,doupocangqiong-tiancantudou/鬥破蒼穹_html1384.html
第1385章 噬血術,doupocangqiong-tiancantudou/鬥破蒼穹_html1385.html
第1386章 九轉成聖,doupocangqiong-tiancantudou/鬥破蒼穹_html1386.html
第1387章 落幕,doupocangqiong-tiancantudou/鬥破蒼穹_html1387.html
第1388章 毒瘤,doupocangqiong-tiancantudou/鬥破蒼穹_html1388.html
第1389章 煉丹,doupocangqiong-tiancantudou/鬥破蒼穹_html1389.html
第1390章 嚴懲,doupocangqiong-tiancantudou/鬥破蒼穹_html1390.html
第1391章 解決,doupocangqiong-tiancantudou/鬥破蒼穹_html1391.html
第1392章 動身之前,doupocangqiong-tiancantudou/鬥破蒼穹_html1392.html
第1393章  回星隕閣,doupocangqiong-tiancantudou/鬥破蒼穹_html1393.html
第1394章 空間交易會,doupocangqiong-tiancantudou/鬥破蒼穹_html1394.html
第1395章 八彩原石,doupocangqiong-tiancantudou/鬥破蒼穹_html1395.html
第1396章 古殿,doupocangqiong-tiancantudou/鬥破蒼穹_html1396.html
第1397章 最後一張殘圖,doupocangqiong-tiancantudou/鬥破蒼穹_html1397.html
第1398章 情報,doupocangqiong-tiancantudou/鬥破蒼穹_html1398.html
第1399章 莽荒古域,doupocangqiong-tiancantudou/鬥破蒼穹_html1399.html
第1400章 蠍魔三鬼,doupocangqiong-tiancantudou/鬥破蒼穹_html1400.html
第1401章 四色半的佛怒火蓮！,doupocangqiong-tiancantudou/鬥破蒼穹_html1401.html
第1402章 古圖到手,doupocangqiong-tiancantudou/鬥破蒼穹_html1402.html
第1403章 古圖之謎,doupocangqiong-tiancantudou/鬥破蒼穹_html1403.html
第1404章 淨蓮妖聖,doupocangqiong-tiancantudou/鬥破蒼穹_html1404.html
第1405章 修煉金剛琉璃身,doupocangqiong-tiancantudou/鬥破蒼穹_html1405.html
第1406章 莽荒鎮,doupocangqiong-tiancantudou/鬥破蒼穹_html1406.html
第1407章 進入莽荒古域,doupocangqiong-tiancantudou/鬥破蒼穹_html1407.html
第1408章 深入,doupocangqiong-tiancantudou/鬥破蒼穹_html1408.html
第1409章 再遇雲韻,doupocangqiong-tiancantudou/鬥破蒼穹_html1409.html
第1410章 斬殺天冥宗,doupocangqiong-tiancantudou/鬥破蒼穹_html1410.html
第1411章 遠古天魔蟒,doupocangqiong-tiancantudou/鬥破蒼穹_html1411.html
第1412章 圍剿天魔蟒,doupocangqiong-tiancantudou/鬥破蒼穹_html1412.html
第1413章 天魔血池,doupocangqiong-tiancantudou/鬥破蒼穹_html1413.html
第1414章 九星斗尊！,doupocangqiong-tiancantudou/鬥破蒼穹_html1414.html
第1415章 古域臺,doupocangqiong-tiancantudou/鬥破蒼穹_html1415.html
第1416章 下馬威,doupocangqiong-tiancantudou/鬥破蒼穹_html1416.html
第1417章 兩女相見,doupocangqiong-tiancantudou/鬥破蒼穹_html1417.html
第1418章 魂玉，獸潮,doupocangqiong-tiancantudou/鬥破蒼穹_html1418.html
第1419章 衝擊獸潮,doupocangqiong-tiancantudou/鬥破蒼穹_html1419.html
第1420章 突破！,doupocangqiong-tiancantudou/鬥破蒼穹_html1420.html
第1421章 五位半聖！,doupocangqiong-tiancantudou/鬥破蒼穹_html1421.html
第1422章 轟殺半聖傀儡,doupocangqiong-tiancantudou/鬥破蒼穹_html1422.html
第1423章 進入古樹,doupocangqiong-tiancantudou/鬥破蒼穹_html1423.html
第1424章 幻境,doupocangqiong-tiancantudou/鬥破蒼穹_html1424.html
第1425章 鬥帝的負面情緒,doupocangqiong-tiancantudou/鬥破蒼穹_html1425.html
第1426章 菩提三寶,doupocangqiong-tiancantudou/鬥破蒼穹_html1426.html
第1427章 甦醒,doupocangqiong-tiancantudou/鬥破蒼穹_html1427.html
第1428章 百世輪迴，九轉巔峰！,doupocangqiong-tiancantudou/鬥破蒼穹_html1428.html
第1429章 絕對壓制,doupocangqiong-tiancantudou/鬥破蒼穹_html1429.html
第1430章 空間破裂,doupocangqiong-tiancantudou/鬥破蒼穹_html1430.html
第1431章 二天尊，骨幽聖者,doupocangqiong-tiancantudou/鬥破蒼穹_html1431.html
第1432章 金帝焚天炎,doupocangqiong-tiancantudou/鬥破蒼穹_html1432.html
第1433章 對戰半聖,doupocangqiong-tiancantudou/鬥破蒼穹_html1433.html
第1434章 逼退骨幽,doupocangqiong-tiancantudou/鬥破蒼穹_html1434.html
第1435章 閉關,doupocangqiong-tiancantudou/鬥破蒼穹_html1435.html
第1436章 靈族之變,doupocangqiong-tiancantudou/鬥破蒼穹_html1436.html
第1437章 戰帖,doupocangqiong-tiancantudou/鬥破蒼穹_html1437.html
第1438章 大戰來臨,doupocangqiong-tiancantudou/鬥破蒼穹_html1438.html
第1439章 星界大戰,doupocangqiong-tiancantudou/鬥破蒼穹_html1439.html
第1440章 破關而出，鬥聖！,doupocangqiong-tiancantudou/鬥破蒼穹_html1440.html
第1441章 佛怒輪迴,doupocangqiong-tiancantudou/鬥破蒼穹_html1441.html
第1442章 大殺四方,doupocangqiong-tiancantudou/鬥破蒼穹_html1442.html
第1443章 魂族鬥聖,doupocangqiong-tiancantudou/鬥破蒼穹_html1443.html
第1444章 各宗隱秘,doupocangqiong-tiancantudou/鬥破蒼穹_html1444.html
第1445章 殺雞儆猴,doupocangqiong-tiancantudou/鬥破蒼穹_html1445.html
第1446章 尋求盟友,doupocangqiong-tiancantudou/鬥破蒼穹_html1446.html
第1447章 再至丹塔,doupocangqiong-tiancantudou/鬥破蒼穹_html1447.html
第1448章 小丹塔,doupocangqiong-tiancantudou/鬥破蒼穹_html1448.html
第1449章 競選長老,doupocangqiong-tiancantudou/鬥破蒼穹_html1449.html
第1450章 小丹塔大長老,doupocangqiong-tiancantudou/鬥破蒼穹_html1450.html
第1451章 那可未必,doupocangqiong-tiancantudou/鬥破蒼穹_html1451.html
第1452章 黑魔雷,doupocangqiong-tiancantudou/鬥破蒼穹_html1452.html
第1453章 九品寶丹,doupocangqiong-tiancantudou/鬥破蒼穹_html1453.html
第1454章 聯盟,doupocangqiong-tiancantudou/鬥破蒼穹_html1454.html
第1455章 天府聯盟,doupocangqiong-tiancantudou/鬥破蒼穹_html1455.html
第1456章 魂殿副殿主,doupocangqiong-tiancantudou/鬥破蒼穹_html1456.html
第1457章 九幽黃泉,doupocangqiong-tiancantudou/鬥破蒼穹_html1457.html
第1458章 九陰黃泉丹,doupocangqiong-tiancantudou/鬥破蒼穹_html1458.html
第1459章 古龍一族情勢,doupocangqiong-tiancantudou/鬥破蒼穹_html1459.html
第1460章 冥蛇地脈,doupocangqiong-tiancantudou/鬥破蒼穹_html1460.html
第1461章 被鎖之人,doupocangqiong-tiancantudou/鬥破蒼穹_html1461.html
第1462章 妖暝,doupocangqiong-tiancantudou/鬥破蒼穹_html1462.html
第1463章 妖嘯天,doupocangqiong-tiancantudou/鬥破蒼穹_html1463.html
第1464章 暴打,doupocangqiong-tiancantudou/鬥破蒼穹_html1464.html
第1465章 九幽冥杖,doupocangqiong-tiancantudou/鬥破蒼穹_html1465.html
第1466章 大勢已去,doupocangqiong-tiancantudou/鬥破蒼穹_html1466.html
第1467章 黃泉妖聖,doupocangqiong-tiancantudou/鬥破蒼穹_html1467.html
第1468章 黃泉天怒,doupocangqiong-tiancantudou/鬥破蒼穹_html1468.html
第1469章 靈魂爭鬥,doupocangqiong-tiancantudou/鬥破蒼穹_html1469.html
第1470章 　　妖聖精血,doupocangqiong-tiancantudou/鬥破蒼穹_html1470.html
第1471章 尋找幫手,doupocangqiong-tiancantudou/鬥破蒼穹_html1471.html
第1472章 吸收妖聖精血,doupocangqiong-tiancantudou/鬥破蒼穹_html1472.html
第1473章 天妖三凰,doupocangqiong-tiancantudou/鬥破蒼穹_html1473.html
第1474章 伏擊,doupocangqiong-tiancantudou/鬥破蒼穹_html1474.html
第1475章 獨鬥雙聖,doupocangqiong-tiancantudou/鬥破蒼穹_html1475.html
第1476章 絕對壓制,doupocangqiong-tiancantudou/鬥破蒼穹_html1476.html
第1477章 人質威脅,doupocangqiong-tiancantudou/鬥破蒼穹_html1477.html
第1478章 路遇,doupocangqiong-tiancantudou/鬥破蒼穹_html1478.html
第1479章 解決,doupocangqiong-tiancantudou/鬥破蒼穹_html1479.html
第1480章 再見紫研,doupocangqiong-tiancantudou/鬥破蒼穹_html1480.html
第1481章 大戰爆發,doupocangqiong-tiancantudou/鬥破蒼穹_html1481.html
第1482章 三大龍王,doupocangqiong-tiancantudou/鬥破蒼穹_html1482.html
第1483章 拼命,doupocangqiong-tiancantudou/鬥破蒼穹_html1483.html
第1484章 屠龍劍,doupocangqiong-tiancantudou/鬥破蒼穹_html1484.html
第1485章 努力到現在。,doupocangqiong-tiancantudou/鬥破蒼穹_html1485.html
第1486章 大戰落幕,doupocangqiong-tiancantudou/鬥破蒼穹_html1486.html
第1487章 二星斗聖！,doupocangqiong-tiancantudou/鬥破蒼穹_html1487.html
第1488章 最後的二十四小時！！！！,doupocangqiong-tiancantudou/鬥破蒼穹_html1488.html
第1489章 魂殿動靜,doupocangqiong-tiancantudou/鬥破蒼穹_html1489.html
第1490章 天罡殿,doupocangqiong-tiancantudou/鬥破蒼穹_html1490.html
第1491章 血洗人殿,doupocangqiong-tiancantudou/鬥破蒼穹_html1491.html
第1492章 大天尊,doupocangqiong-tiancantudou/鬥破蒼穹_html1492.html
第1493章 擊潰,doupocangqiong-tiancantudou/鬥破蒼穹_html1493.html
第1494章 血洗,doupocangqiong-tiancantudou/鬥破蒼穹_html1494.html
第1495章 靈魂光團,doupocangqiong-tiancantudou/鬥破蒼穹_html1495.html
第1496章 吸收靈魂本源,doupocangqiong-tiancantudou/鬥破蒼穹_html1496.html
第1497章 天境大圓滿,doupocangqiong-tiancantudou/鬥破蒼穹_html1497.html
第1498章 魂殿殿主！,doupocangqiong-tiancantudou/鬥破蒼穹_html1498.html
第1499章 妖火降世！,doupocangqiong-tiancantudou/鬥破蒼穹_html1499.html
第1500章 四方雲動,doupocangqiong-tiancantudou/鬥破蒼穹_html1500.html
第1501章 八荒破滅焱,doupocangqiong-tiancantudou/鬥破蒼穹_html1501.html
第1502章 再見薰兒,doupocangqiong-tiancantudou/鬥破蒼穹_html1502.html
第1503章 　藥萬歸,doupocangqiong-tiancantudou/鬥破蒼穹_html1503.html
第1504章 不知好歹,doupocangqiong-tiancantudou/鬥破蒼穹_html1504.html
第1505章 空間破裂,doupocangqiong-tiancantudou/鬥破蒼穹_html1505.html
第1506章 妖火空間,doupocangqiong-tiancantudou/鬥破蒼穹_html1506.html
第1507章 闖關,doupocangqiong-tiancantudou/鬥破蒼穹_html1507.html
第1508章 血色巨斧,doupocangqiong-tiancantudou/鬥破蒼穹_html1508.html
第1509章 虛幻與真實,doupocangqiong-tiancantudou/鬥破蒼穹_html1509.html
第1510章 突破幻境,doupocangqiong-tiancantudou/鬥破蒼穹_html1510.html
第1511章 合作,doupocangqiong-tiancantudou/鬥破蒼穹_html1511.html
第1512章 七聖鬥妖火,doupocangqiong-tiancantudou/鬥破蒼穹_html1512.html
第1513章 反控,doupocangqiong-tiancantudou/鬥破蒼穹_html1513.html
第1514章 天羅封魔陣,doupocangqiong-tiancantudou/鬥破蒼穹_html1514.html
第1515章 搶妖火本源！,doupocangqiong-tiancantudou/鬥破蒼穹_html1515.html
第1516章 驚天對撞,doupocangqiong-tiancantudou/鬥破蒼穹_html1516.html
第1517章 蕭晨出手,doupocangqiong-tiancantudou/鬥破蒼穹_html1517.html
第1518章 魂魔老人,doupocangqiong-tiancantudou/鬥破蒼穹_html1518.html
第1519章 青牛牧童,doupocangqiong-tiancantudou/鬥破蒼穹_html1519.html
第1520章 煉天古陣,doupocangqiong-tiancantudou/鬥破蒼穹_html1520.html
第1521章 淨蓮妖聖？,doupocangqiong-tiancantudou/鬥破蒼穹_html1521.html
第1522章  妖聖VS妖火,doupocangqiong-tiancantudou/鬥破蒼穹_html1522.html
第1523章 剝離,doupocangqiong-tiancantudou/鬥破蒼穹_html1523.html
第1524章 最終獲利,doupocangqiong-tiancantudou/鬥破蒼穹_html1524.html
第1525章 煉化妖火！,doupocangqiong-tiancantudou/鬥破蒼穹_html1525.html
第1526章 中州事變,doupocangqiong-tiancantudou/鬥破蒼穹_html1526.html
第1527章 破繭而出,doupocangqiong-tiancantudou/鬥破蒼穹_html1527.html
第1528章 火嬰,doupocangqiong-tiancantudou/鬥破蒼穹_html1528.html
第1529章 妖火平原,doupocangqiong-tiancantudou/鬥破蒼穹_html1529.html
第1530章 翻手滅殿,doupocangqiong-tiancantudou/鬥破蒼穹_html1530.html
第1531章 風雨欲來,doupocangqiong-tiancantudou/鬥破蒼穹_html1531.html
第1532章 回家,doupocangqiong-tiancantudou/鬥破蒼穹_html1532.html
第1533章 戰帖！,doupocangqiong-tiancantudou/鬥破蒼穹_html1533.html
第1534章 隕落之巔,doupocangqiong-tiancantudou/鬥破蒼穹_html1534.html
第1535章 魂千陌,doupocangqiong-tiancantudou/鬥破蒼穹_html1535.html
第1536章 交鋒,doupocangqiong-tiancantudou/鬥破蒼穹_html1536.html
第1537章 平一局,doupocangqiong-tiancantudou/鬥破蒼穹_html1537.html
第1538章 最後一局,doupocangqiong-tiancantudou/鬥破蒼穹_html1538.html
第1539章 蕭炎VS魂殿殿主,doupocangqiong-tiancantudou/鬥破蒼穹_html1539.html
第1540章 虛無吞炎,doupocangqiong-tiancantudou/鬥破蒼穹_html1540.html
第1541章 小伊顯威,doupocangqiong-tiancantudou/鬥破蒼穹_html1541.html
第1542章 分出勝負,doupocangqiong-tiancantudou/鬥破蒼穹_html1542.html
第1543章  下殺手,doupocangqiong-tiancantudou/鬥破蒼穹_html1543.html
第1544章 黑色珠子,doupocangqiong-tiancantudou/鬥破蒼穹_html1544.html
第1545章 傳信,doupocangqiong-tiancantudou/鬥破蒼穹_html1545.html
第1546章 凰天,doupocangqiong-tiancantudou/鬥破蒼穹_html1546.html
第1547章 兩族對恃,doupocangqiong-tiancantudou/鬥破蒼穹_html1547.html
第1548章 交手,doupocangqiong-tiancantudou/鬥破蒼穹_html1548.html
第1549章 九色光柱,doupocangqiong-tiancantudou/鬥破蒼穹_html1549.html
第1550章 彩鱗出關,doupocangqiong-tiancantudou/鬥破蒼穹_html1550.html
第1551章 變故,doupocangqiong-tiancantudou/鬥破蒼穹_html1551.html
第1552章 化龍魔陣,doupocangqiong-tiancantudou/鬥破蒼穹_html1552.html
第1553章 毀滅火體,doupocangqiong-tiancantudou/鬥破蒼穹_html1553.html
第1554章 瘋狂的北龍王,doupocangqiong-tiancantudou/鬥破蒼穹_html1554.html
第1555章 擊殺,doupocangqiong-tiancantudou/鬥破蒼穹_html1555.html
第1556章 煉製傀儡,doupocangqiong-tiancantudou/鬥破蒼穹_html1556.html
第1557章 北王,doupocangqiong-tiancantudou/鬥破蒼穹_html1557.html
第1558章 吞噬黑魔雷,doupocangqiong-tiancantudou/鬥破蒼穹_html1558.html
第1559章 九玄金雷,doupocangqiong-tiancantudou/鬥破蒼穹_html1559.html
第1560章 聚靈,doupocangqiong-tiancantudou/鬥破蒼穹_html1560.html
第1561章 九玄金雷的力量,doupocangqiong-tiancantudou/鬥破蒼穹_html1561.html
第1562章 變化,doupocangqiong-tiancantudou/鬥破蒼穹_html1562.html
第1563章 平靜,doupocangqiong-tiancantudou/鬥破蒼穹_html1563.html
第1564章 藥族藥典,doupocangqiong-tiancantudou/鬥破蒼穹_html1564.html
第1565章 出手,doupocangqiong-tiancantudou/鬥破蒼穹_html1565.html
第1566章 兇悍,doupocangqiong-tiancantudou/鬥破蒼穹_html1566.html
第1567章 萬火長老,doupocangqiong-tiancantudou/鬥破蒼穹_html1567.html
第1568章 魂虛子,doupocangqiong-tiancantudou/鬥破蒼穹_html1568.html
第1569章 藥典開始,doupocangqiong-tiancantudou/鬥破蒼穹_html1569.html
第1570章 討教,doupocangqiong-tiancantudou/鬥破蒼穹_html1570.html
第1571章 生靈之焱,doupocangqiong-tiancantudou/鬥破蒼穹_html1571.html
第1572章  煉丹較量,doupocangqiong-tiancantudou/鬥破蒼穹_html1572.html
第1573章 搶奪能量,doupocangqiong-tiancantudou/鬥破蒼穹_html1573.html
第1574章 丹雨,doupocangqiong-tiancantudou/鬥破蒼穹_html1574.html
第1575章 借玉,doupocangqiong-tiancantudou/鬥破蒼穹_html1575.html
第1576章 驚變,doupocangqiong-tiancantudou/鬥破蒼穹_html1576.html
第1577章 本體,doupocangqiong-tiancantudou/鬥破蒼穹_html1577.html
第1578章 藥帝殘魂,doupocangqiong-tiancantudou/鬥破蒼穹_html1578.html
第1579章 願望終達成。,doupocangqiong-tiancantudou/鬥破蒼穹_html1579.html
第1580章 吞靈,doupocangqiong-tiancantudou/鬥破蒼穹_html1580.html
第1581章  滅族之戰,doupocangqiong-tiancantudou/鬥破蒼穹_html1581.html
第1582章 借火,doupocangqiong-tiancantudou/鬥破蒼穹_html1582.html
第1583章 七色火蓮,doupocangqiong-tiancantudou/鬥破蒼穹_html1583.html
第1584章 逃生,doupocangqiong-tiancantudou/鬥破蒼穹_html1584.html
第1585章 吞服,doupocangqiong-tiancantudou/鬥破蒼穹_html1585.html
第1586章 逃,doupocangqiong-tiancantudou/鬥破蒼穹_html1586.html
第1587章 擊退,doupocangqiong-tiancantudou/鬥破蒼穹_html1587.html
第1588章 再進古界,doupocangqiong-tiancantudou/鬥破蒼穹_html1588.html
第1589章 魂族之秘,doupocangqiong-tiancantudou/鬥破蒼穹_html1589.html
第1590章 六星中期,doupocangqiong-tiancantudou/鬥破蒼穹_html1590.html
第1591章 雷動,doupocangqiong-tiancantudou/鬥破蒼穹_html1591.html
第1592章 出手,doupocangqiong-tiancantudou/鬥破蒼穹_html1592.html
第1593章 賜教,doupocangqiong-tiancantudou/鬥破蒼穹_html1593.html
第1594章 窺視,doupocangqiong-tiancantudou/鬥破蒼穹_html1594.html
第1595章 古怪,doupocangqiong-tiancantudou/鬥破蒼穹_html1595.html
第1596章 搜尋,doupocangqiong-tiancantudou/鬥破蒼穹_html1596.html
第1597章 奪玉,doupocangqiong-tiancantudou/鬥破蒼穹_html1597.html
第1598章 失玉,doupocangqiong-tiancantudou/鬥破蒼穹_html1598.html
第1599章 商議,doupocangqiong-tiancantudou/鬥破蒼穹_html1599.html
第1600章 再進天墓,doupocangqiong-tiancantudou/鬥破蒼穹_html1600.html
第1601章 本源帝氣,doupocangqiong-tiancantudou/鬥破蒼穹_html1601.html
第1602章 天墓之魂,doupocangqiong-tiancantudou/鬥破蒼穹_html1602.html
第1603章 抽取靈魂本源,doupocangqiong-tiancantudou/鬥破蒼穹_html1603.html
第1604章 帝境靈魂,doupocangqiong-tiancantudou/鬥破蒼穹_html1604.html
第1605章 出天墓,doupocangqiong-tiancantudou/鬥破蒼穹_html1605.html
第1606章 大戰前夕,doupocangqiong-tiancantudou/鬥破蒼穹_html1606.html
第1607章 大軍出動,doupocangqiong-tiancantudou/鬥破蒼穹_html1607.html
第1608章 大軍出動,doupocangqiong-tiancantudou/鬥破蒼穹_html1608.html
第1609章 葬天山脈,doupocangqiong-tiancantudou/鬥破蒼穹_html1609.html
第1610章 父子相見（明天請一天假）,doupocangqiong-tiancantudou/鬥破蒼穹_html1610.html
第1611章 大戰,doupocangqiong-tiancantudou/鬥破蒼穹_html1611.html
第1612章 魂元天,doupocangqiong-tiancantudou/鬥破蒼穹_html1612.html
第1613章 死寂之門,doupocangqiong-tiancantudou/鬥破蒼穹_html1613.html
第1614章 據爲己有,doupocangqiong-tiancantudou/鬥破蒼穹_html1614.html
第1615章 破界,doupocangqiong-tiancantudou/鬥破蒼穹_html1615.html
第1616章 退走,doupocangqiong-tiancantudou/鬥破蒼穹_html1616.html
第1617章 定計,doupocangqiong-tiancantudou/鬥破蒼穹_html1617.html
第1618章 寧靜,doupocangqiong-tiancantudou/鬥破蒼穹_html1618.html
第1619章 雷劫丹,doupocangqiong-tiancantudou/鬥破蒼穹_html1619.html
第1620章 七星斗聖,doupocangqiong-tiancantudou/鬥破蒼穹_html1620.html
第1621章 探測古帝洞府,doupocangqiong-tiancantudou/鬥破蒼穹_html1621.html
第1622章 古帝洞府所在,doupocangqiong-tiancantudou/鬥破蒼穹_html1622.html
第1623章 黑角域之難,doupocangqiong-tiancantudou/鬥破蒼穹_html1623.html
第1624章 趕至,doupocangqiong-tiancantudou/鬥破蒼穹_html1624.html
第1625章 故人再見,doupocangqiong-tiancantudou/鬥破蒼穹_html1625.html
第1626章 再入岩漿世界,doupocangqiong-tiancantudou/鬥破蒼穹_html1626.html
第1627章 岩漿之底的空間,doupocangqiong-tiancantudou/鬥破蒼穹_html1627.html
第1628章 神秘生物,doupocangqiong-tiancantudou/鬥破蒼穹_html1628.html
第1629章 對話,doupocangqiong-tiancantudou/鬥破蒼穹_html1629.html
第1630章 大戰來臨！,doupocangqiong-tiancantudou/鬥破蒼穹_html1630.html
第1631章 洞府之戰！,doupocangqiong-tiancantudou/鬥破蒼穹_html1631.html
第1632章 以一敵二,doupocangqiong-tiancantudou/鬥破蒼穹_html1632.html
第1633章 洞府出現,doupocangqiong-tiancantudou/鬥破蒼穹_html1633.html
第1634章 危機關頭,doupocangqiong-tiancantudou/鬥破蒼穹_html1634.html
第1635章 老龍皇,doupocangqiong-tiancantudou/鬥破蒼穹_html1635.html
第1636章 古帝洞府開啓,doupocangqiong-tiancantudou/鬥破蒼穹_html1636.html
第1637章 異火廣場,doupocangqiong-tiancantudou/鬥破蒼穹_html1637.html
第1638章 恐怖的帝品雛丹,doupocangqiong-tiancantudou/鬥破蒼穹_html1638.html
第1639章 搶奪帝品雛丹,doupocangqiong-tiancantudou/鬥破蒼穹_html1639.html
第1640章 失手,doupocangqiong-tiancantudou/鬥破蒼穹_html1640.html
第1641章 魂天帝的野心,doupocangqiong-tiancantudou/鬥破蒼穹_html1641.html
第1642章 中州之難,doupocangqiong-tiancantudou/鬥破蒼穹_html1642.html
第1643章 異火榜第一！,doupocangqiong-tiancantudou/鬥破蒼穹_html1643.html
第1644章 帝之本源,doupocangqiong-tiancantudou/鬥破蒼穹_html1644.html
第1645章 古帝傳承,doupocangqiong-tiancantudou/鬥破蒼穹_html1645.html
第1646章 源氣,doupocangqiong-tiancantudou/鬥破蒼穹_html1646.html
第1647章 浩劫,doupocangqiong-tiancantudou/鬥破蒼穹_html1647.html
第1648章 魂帝，魂天帝！,doupocangqiong-tiancantudou/鬥破蒼穹_html1648.html
第1649章 兩年三個月，五百三十萬。,doupocangqiong-tiancantudou/鬥破蒼穹_html1649.html
第1650章 鬥帝強者的力量！,doupocangqiong-tiancantudou/鬥破蒼穹_html1650.html
第1651章 新書已發~~~,doupocangqiong-tiancantudou/鬥破蒼穹_html1651.html
第1652章 出關！,doupocangqiong-tiancantudou/鬥破蒼穹_html1652.html
第1653章 今天晚上七點半，鬥破在線大活動。,doupocangqiong-tiancantudou/鬥破蒼穹_html1653.html
第1654章 雙帝之戰！（上）,doupocangqiong-tiancantudou/鬥破蒼穹_html1654.html
第1655章 雙帝之戰！（下）,doupocangqiong-tiancantudou/鬥破蒼穹_html1655.html
第1656章 結束，也是開始。,doupocangqiong-tiancantudou/鬥破蒼穹_html1656.html
第1657章 感言。,doupocangqiong-tiancantudou/鬥破蒼穹_html1657.html
第1658章 五帝破空,doupocangqiong-tiancantudou/鬥破蒼穹_html1658.html
第1659章 新書大主宰已發。,doupocangqiong-tiancantudou/鬥破蒼穹_html1659.html
蕭玄魂天帝篇,doupocangqiong-tiancantudou/鬥破蒼穹_html1660.html
蕭炎雲韻篇,doupocangqiong-tiancantudou/鬥破蒼穹_html1661.html
《鬥破蒼穹：鬥帝之路》手遊·角色傳記（上,doupocangqiong-tiancantudou/鬥破蒼穹_html1662.html
《鬥破蒼穹：鬥帝之路》手遊·角色傳記（下,doupocangqiong-tiancantudou/鬥破蒼穹_html1663.html
