感謝諸多盟主、諸多打賞,隨意和大家聊聊.
第十三篇 碧遊宮學藝 第一章 入碧遊宮,feijianwendao-wochixihongshi/飛劍問道_html2.html
第十三篇 碧遊宮學藝 第二章 寶山,feijianwendao-wochixihongshi/飛劍問道_html3.html
第十三篇 第三章 劍典三十五卷,feijianwendao-wochixihongshi/飛劍問道_html4.html
第十三篇 第四章 師兄師姐們,feijianwendao-wochixihongshi/飛劍問道_html5.html
第十三篇 第五章 歸鄉,歲月
第十三篇 第六章 追殺魔神帝君,feijianwendao-wochixihongshi/飛劍問道_html7.html
第十三篇 第七章 斷劍谷潛修,feijianwendao-wochixihongshi/飛劍問道_html8.html
第十三篇 第八章 頓悟,feijianwendao-wochixihongshi/飛劍問道_html9.html
第十三篇 第九章 三個目標,feijianwendao-wochixihongshi/飛劍問道_html10.html
第十三篇 第十章 白闡世界,feijianwendao-wochixihongshi/飛劍問道_html11.html
第十三篇 第十一章 白闡魔君,feijianwendao-wochixihongshi/飛劍問道_html12.html
第十三篇 第十二章 魔中之魔,feijianwendao-wochixihongshi/飛劍問道_html13.html
第十三篇 第十三章 鷹魔王的盛宴,feijianwendao-wochixihongshi/飛劍問道_html14.html
第十三篇 第十四章 殺妖,feijianwendao-wochixihongshi/飛劍問道_html15.html
第十三篇 第十五章 本命飛劍之威!,feijianwendao-wochixihongshi/飛劍問道_html16.html
第十三篇 第十六章 化神丹,feijianwendao-wochixihongshi/飛劍問道_html17.html
第十三篇 第十七章 熊山大妖,feijianwendao-wochixihongshi/飛劍問道_html18.html
第十三篇 第十八章 九山島主,feijianwendao-wochixihongshi/飛劍問道_html19.html
第十三篇 第十九章 大昌世界的秦劍仙,feijianwendao-wochixihongshi/飛劍問道_html20.html
第十三篇 第二十章 崔連峰,feijianwendao-wochixihongshi/飛劍問道_html21.html
第十三篇 第二十一章 神通小成,feijianwendao-wochixihongshi/飛劍問道_html22.html
第十三篇 第二十二章 龍山界,feijianwendao-wochixihongshi/飛劍問道_html23.html
第十三篇 第二十三章 暴露,feijianwendao-wochixihongshi/飛劍問道_html24.html
第十三篇 第二十四章 大神通,feijianwendao-wochixihongshi/飛劍問道_html25.html
第十三篇 第二十五章 一道金線,feijianwendao-wochixihongshi/飛劍問道_html26.html
第十三篇 第二十六章 紫微劍圖,feijianwendao-wochixihongshi/飛劍問道_html27.html
第十三篇 第二十七章 大戰落幕,feijianwendao-wochixihongshi/飛劍問道_html28.html
第十三篇 第二十八章 入羣星殿,feijianwendao-wochixihongshi/飛劍問道_html29.html
第十三篇 第二十九章 先天奇物‘混沌精金’,feijianwendao-wochixihongshi/飛劍問道_html30.html
第十三篇 第三十章 孕養本命飛劍,feijianwendao-wochixihongshi/飛劍問道_html31.html
第十三篇 第三十一章 熊山妖王降臨,feijianwendao-wochixihongshi/飛劍問道_html32.html
第十三篇 第三十二章 約戰,feijianwendao-wochixihongshi/飛劍問道_html33.html
第十三篇 第三十三章 本命極品靈寶,feijianwendao-wochixihongshi/飛劍問道_html34.html
第十三篇 第三十四章 秦雲戰熊山妖王,feijianwendao-wochixihongshi/飛劍問道_html35.html
第十三篇 第三十五章 五行劍經,feijianwendao-wochixihongshi/飛劍問道_html36.html
第十三篇 第三十六章 名聲,feijianwendao-wochixihongshi/飛劍問道_html37.html
第十四篇 三千年悟劍 第一章 魔尊,feijianwendao-wochixihongshi/飛劍問道_html38.html
第十四篇 三千年悟劍 第二章 道生出的一,feijianwendao-wochixihongshi/飛劍問道_html39.html
第十四篇 三千年悟劍 第三章 葵食宮主,feijianwendao-wochixihongshi/飛劍問道_html40.html
第十四篇 第四章 尾巴,feijianwendao-wochixihongshi/飛劍問道_html41.html
第十四篇 第五章 後怕,feijianwendao-wochixihongshi/飛劍問道_html42.html
第十四篇 第六章 薩許師兄的善意,feijianwendao-wochixihongshi/飛劍問道_html43.html
第十四篇 第七章 玉鼎門孟歡,feijianwendao-wochixihongshi/飛劍問道_html44.html
第十四篇 第八章 抵達玉鼎門,feijianwendao-wochixihongshi/飛劍問道_html45.html
第十四篇 第九章 飛舟,feijianwendao-wochixihongshi/飛劍問道_html46.html
第十四篇 第十章 懲戒,feijianwendao-wochixihongshi/飛劍問道_html47.html
第十四篇 第十一章 煙雨劍道,feijianwendao-wochixihongshi/飛劍問道_html48.html
第十四篇 第十二章 寒鯊宮兩兄弟,feijianwendao-wochixihongshi/飛劍問道_html49.html
第十四篇 第十三章 瘋狂的楊崧仙人,feijianwendao-wochixihongshi/飛劍問道_html50.html
第十四篇 第十四章 旁觀者‘秦雲’,feijianwendao-wochixihongshi/飛劍問道_html51.html
第十四篇 第十五章 翻臉,feijianwendao-wochixihongshi/飛劍問道_html52.html
第十四篇 第十六章 消息傳播,feijianwendao-wochixihongshi/飛劍問道_html53.html
第十四篇 第十七章 換取,feijianwendao-wochixihongshi/飛劍問道_html54.html
第十四篇 第十八章 火闡道人和秦雲,feijianwendao-wochixihongshi/飛劍問道_html55.html
第十四篇 第十九章 五行先天奇物,feijianwendao-wochixihongshi/飛劍問道_html56.html
第十四篇 第二十章 本命先天靈寶,feijianwendao-wochixihongshi/飛劍問道_html57.html
第十四篇 第二十一章 第六個名額,feijianwendao-wochixihongshi/飛劍問道_html58.html
第十四篇 第二十二章 雷獸府,feijianwendao-wochixihongshi/飛劍問道_html59.html
第十四篇 第二十三章 攪亂時空,feijianwendao-wochixihongshi/飛劍問道_html60.html
第十四篇 第二十四章 秦雲的計劃,feijianwendao-wochixihongshi/飛劍問道_html61.html
第十四篇 第二十五章 無聲無息,feijianwendao-wochixihongshi/飛劍問道_html62.html
第十四篇 第二十六章 天仙極致,feijianwendao-wochixihongshi/飛劍問道_html63.html
第十四篇 第二十七章 救援,feijianwendao-wochixihongshi/飛劍問道_html64.html
第十四篇 第二十八章 神通大成,feijianwendao-wochixihongshi/飛劍問道_html65.html
第十四篇 第二十九章 少了九千年,feijianwendao-wochixihongshi/飛劍問道_html66.html
第十四篇 第三十章 三千年修行,feijianwendao-wochixihongshi/飛劍問道_html67.html
第十四篇 第三十一章 分雷果,feijianwendao-wochixihongshi/飛劍問道_html68.html
第十四篇 第三十二章 薩許師兄,feijianwendao-wochixihongshi/飛劍問道_html69.html
第十四篇 第三十三章 江河滔滔,feijianwendao-wochixihongshi/飛劍問道_html70.html
第十四篇 第三十四章 歸來 本篇終,feijianwendao-wochixihongshi/飛劍問道_html71.html
第十五篇 名傳三界 第一章 萬法池內修行,feijianwendao-wochixihongshi/飛劍問道_html72.html
第十五篇 第二章 匹敵大能?,feijianwendao-wochixihongshi/飛劍問道_html73.html
第十五篇 第三章 出關,feijianwendao-wochixihongshi/飛劍問道_html74.html
第十五篇 第四章 大巫示警,feijianwendao-wochixihongshi/飛劍問道_html75.html
第十五篇 第五章 韓家求援,feijianwendao-wochixihongshi/飛劍問道_html76.html
第十五篇 第六章 秦雲出手,feijianwendao-wochixihongshi/飛劍問道_html77.html
第十五篇 第七章 天兵天將,feijianwendao-wochixihongshi/飛劍問道_html78.html
第十五篇 第八章 困敵的本事,feijianwendao-wochixihongshi/飛劍問道_html79.html
第十五篇 第九章 拉攏,feijianwendao-wochixihongshi/飛劍問道_html80.html
第十五篇 第十章 奎弗帝君的抉擇,feijianwendao-wochixihongshi/飛劍問道_html81.html
第十五篇 第十一章 波迦老祖,feijianwendao-wochixihongshi/飛劍問道_html82.html
第十五篇 第十二章 名爲‘黑翼’,feijianwendao-wochixihongshi/飛劍問道_html83.html
第十五篇 第十三章 驚了,feijianwendao-wochixihongshi/飛劍問道_html84.html
第十五篇 第十四章 天庭震動,feijianwendao-wochixihongshi/飛劍問道_html85.html
第十五篇 第十五章 世界轉化,feijianwendao-wochixihongshi/飛劍問道_html86.html
第十五篇 第十六章 秦雲的第六劍,feijianwendao-wochixihongshi/飛劍問道_html87.html
第十五篇 第十七章 各方齊聚,feijianwendao-wochixihongshi/飛劍問道_html88.html
第十五篇 第十八章 黑翼魔尊和秦雲,feijianwendao-wochixihongshi/飛劍問道_html89.html
第十五篇 第十九章 陣破,逃!
第十五篇 第二十章 生擒活捉,feijianwendao-wochixihongshi/飛劍問道_html91.html
第十五篇 第二十一章 隔空交鋒,feijianwendao-wochixihongshi/飛劍問道_html92.html
第十五篇 第二十二章 斬,feijianwendao-wochixihongshi/飛劍問道_html93.html
第十五篇 第二十三章 誰都不見 本篇終,feijianwendao-wochixihongshi/飛劍問道_html94.html
第十六篇 渡劫 第一章 滅星,feijianwendao-wochixihongshi/飛劍問道_html95.html
第十六篇 渡劫 第二章 兇威,feijianwendao-wochixihongshi/飛劍問道_html96.html
第十六篇 渡劫 第三章 二郎真君楊戩,feijianwendao-wochixihongshi/飛劍問道_html97.html
第十六篇 渡劫 第四章 唯一的法子,feijianwendao-wochixihongshi/飛劍問道_html98.html
第十六篇 第五章 秦雲渡劫,feijianwendao-wochixihongshi/飛劍問道_html99.html
第十六篇 第六章 散仙秦雲,feijianwendao-wochixihongshi/飛劍問道_html100.html
第十六篇 第七章 秦雲戰滅星,feijianwendao-wochixihongshi/飛劍問道_html101.html
第十六篇 第八章 終成大道,feijianwendao-wochixihongshi/飛劍問道_html102.html
第十六篇 第九章 飛劍一出三界驚,feijianwendao-wochixihongshi/飛劍問道_html103.html
第十六篇 第十章 功德,feijianwendao-wochixihongshi/飛劍問道_html104.html
第十六篇 第十一章 見道祖,feijianwendao-wochixihongshi/飛劍問道_html105.html
第十六篇 第十二章 準備,feijianwendao-wochixihongshi/飛劍問道_html106.html
第十六篇 第十三章 捅破天了!,feijianwendao-wochixihongshi/飛劍問道_html107.html
第十六篇 第十四章 大能們觀戰,feijianwendao-wochixihongshi/飛劍問道_html108.html
第十六篇 第十五章 魔祖現身,feijianwendao-wochixihongshi/飛劍問道_html109.html
第十六篇 第十六章 抉擇,feijianwendao-wochixihongshi/飛劍問道_html110.html
第十六篇 第十七章 海量功德,feijianwendao-wochixihongshi/飛劍問道_html111.html
第十六篇 第十八章 時光長河,feijianwendao-wochixihongshi/飛劍問道_html112.html
第十六篇 第十九章 賜予,feijianwendao-wochixihongshi/飛劍問道_html113.html
第十六篇 第二十章 三界的盡頭,feijianwendao-wochixihongshi/飛劍問道_html114.html
第十六篇 第二十一章 交易,feijianwendao-wochixihongshi/飛劍問道_html115.html
第十六篇 第二十二章 輪迴甘露,feijianwendao-wochixihongshi/飛劍問道_html116.html
第十六篇 第二十三章 兩百年,feijianwendao-wochixihongshi/飛劍問道_html117.html
第十六篇 第二十四章 突破,七星術!
第十六篇 第二十五章 天地人三劍 本篇終,feijianwendao-wochixihongshi/飛劍問道_html119.html
第十七篇 鋒芒 第一章 元神突破,feijianwendao-wochixihongshi/飛劍問道_html120.html
第十七篇 鋒芒 第二章 蒙坎通,feijianwendao-wochixihongshi/飛劍問道_html121.html
第十七篇 第三章 求救,feijianwendao-wochixihongshi/飛劍問道_html122.html
第十七篇 第四章 心魔分身,feijianwendao-wochixihongshi/飛劍問道_html123.html
第十七篇 第五章 終出劍,feijianwendao-wochixihongshi/飛劍問道_html124.html
第十七篇 第六章 是秦雲!,feijianwendao-wochixihongshi/飛劍問道_html125.html
第十七篇 第七章 血海老祖,feijianwendao-wochixihongshi/飛劍問道_html126.html
第十七篇 第八章 了結因果,feijianwendao-wochixihongshi/飛劍問道_html127.html
第十七篇 第九章 雷獸的贈與,feijianwendao-wochixihongshi/飛劍問道_html128.html
第十七篇 第十章 誅仙殿內三百年,feijianwendao-wochixihongshi/飛劍問道_html129.html
第十七篇 第十一章 后土娘娘,feijianwendao-wochixihongshi/飛劍問道_html130.html
第十七篇 第十二章 悟,feijianwendao-wochixihongshi/飛劍問道_html131.html
第十七篇 第十三章 天之大道,feijianwendao-wochixihongshi/飛劍問道_html132.html
第十七篇 第十四章 容忍,feijianwendao-wochixihongshi/飛劍問道_html133.html
第十七篇 第十五章 時光匆匆,feijianwendao-wochixihongshi/飛劍問道_html134.html
第十七篇 第十六章 白伏的危機,feijianwendao-wochixihongshi/飛劍問道_html135.html
第十七篇 第十七章 出手,feijianwendao-wochixihongshi/飛劍問道_html136.html
第十七篇 第十八章 黃袍僧人,feijianwendao-wochixihongshi/飛劍問道_html137.html
第十七篇 第十九章 醞釀,feijianwendao-wochixihongshi/飛劍問道_html138.html
第十七篇 第二十章 三刃山,feijianwendao-wochixihongshi/飛劍問道_html139.html
第十七篇 第二十一章 殺進來,feijianwendao-wochixihongshi/飛劍問道_html140.html
第十七篇 第二十二章 迷宮,feijianwendao-wochixihongshi/飛劍問道_html141.html
第十七篇 第二十三章 地之大道 上,feijianwendao-wochixihongshi/飛劍問道_html142.html
第十七篇 第二十四章 地之大道 下,feijianwendao-wochixihongshi/飛劍問道_html143.html
第十七篇 第二十五章 巫支祁,feijianwendao-wochixihongshi/飛劍問道_html144.html
第十七篇 第二十六章 道家散仙的厲害,feijianwendao-wochixihongshi/飛劍問道_html145.html
第十七篇 第二十七章 秦雲的煙雨陣,feijianwendao-wochixihongshi/飛劍問道_html146.html
第十七篇 第二十八章 秦雲和楊戩,feijianwendao-wochixihongshi/飛劍問道_html147.html
第十七篇 第二十九章 你也趕緊撤,feijianwendao-wochixihongshi/飛劍問道_html148.html
第十七篇 第三十章 共生死,並肩而戰
第十七篇 第三十一章 護身第一大陣,feijianwendao-wochixihongshi/飛劍問道_html150.html
第十七篇 第三十二章 出山,feijianwendao-wochixihongshi/飛劍問道_html151.html
第十七篇 第三十三章 后羿的箭,feijianwendao-wochixihongshi/飛劍問道_html152.html
第十七篇 第三十四章 沖天恨意,feijianwendao-wochixihongshi/飛劍問道_html153.html
第十七篇 第三十五章 暗涌 本篇終,feijianwendao-wochixihongshi/飛劍問道_html154.html
第十八篇 造化 第一章 秦玉羅,feijianwendao-wochixihongshi/飛劍問道_html155.html
第十八篇 第二章 教導,feijianwendao-wochixihongshi/飛劍問道_html156.html
第十八篇 第三章 七星劍道,feijianwendao-wochixihongshi/飛劍問道_html157.html
第十八篇 第四章 忘不了,放不開
第十八篇 第五章 突破,feijianwendao-wochixihongshi/飛劍問道_html159.html
第十八篇 第六章 相遇,feijianwendao-wochixihongshi/飛劍問道_html160.html
第十八篇 第七章 長點記性,feijianwendao-wochixihongshi/飛劍問道_html161.html
第十八篇 第八章 秦劍仙!,feijianwendao-wochixihongshi/飛劍問道_html162.html
第十八篇 第九章 七星連殺,feijianwendao-wochixihongshi/飛劍問道_html163.html
第十八篇 第十章 白澤妖皇,feijianwendao-wochixihongshi/飛劍問道_html164.html
第十八篇 第十一章 逆鱗,feijianwendao-wochixihongshi/飛劍問道_html165.html
第十八篇 第十二章 薪火火種,feijianwendao-wochixihongshi/飛劍問道_html166.html
第十八篇 第十三章 照亮了道路,feijianwendao-wochixihongshi/飛劍問道_html167.html
第十八篇 第十四章 欣賞,feijianwendao-wochixihongshi/飛劍問道_html168.html
第十八篇 第十五章 人道精神?,feijianwendao-wochixihongshi/飛劍問道_html169.html
第十八篇 第十六章 斬情絲,feijianwendao-wochixihongshi/飛劍問道_html170.html
第十八篇 第十七章 明悟,feijianwendao-wochixihongshi/飛劍問道_html171.html
第十八篇 第十八章 被秦雲盯上了,feijianwendao-wochixihongshi/飛劍問道_html172.html
第十八篇 第十九章 石室內的父子,feijianwendao-wochixihongshi/飛劍問道_html173.html
第十八篇 第二十章 殺得好,feijianwendao-wochixihongshi/飛劍問道_html174.html
第十八篇 第二十一章 亂星海深處的寶貝,feijianwendao-wochixihongshi/飛劍問道_html175.html
第十八篇 第二十二章 裂開,feijianwendao-wochixihongshi/飛劍問道_html176.html
第十八篇 第二十三章 先天第一奇物!,feijianwendao-wochixihongshi/飛劍問道_html177.html
第十八篇 第二十四章 蓮子們的歸處,feijianwendao-wochixihongshi/飛劍問道_html178.html
第十八篇 第二十五章 孕養本命飛劍 本篇終,feijianwendao-wochixihongshi/飛劍問道_html179.html
第十九篇 大道圓滿 第一章 貪婪,feijianwendao-wochixihongshi/飛劍問道_html180.html
第十九篇 大道圓滿 第二章 試探,feijianwendao-wochixihongshi/飛劍問道_html181.html
第十九篇 大道圓滿 第三章 實力,feijianwendao-wochixihongshi/飛劍問道_html182.html
第十九篇 第四章 煙雨劍館的館主,feijianwendao-wochixihongshi/飛劍問道_html183.html
第十九篇 第五章 丹藥,feijianwendao-wochixihongshi/飛劍問道_html184.html
第十九篇 第六章 這就是人間,feijianwendao-wochixihongshi/飛劍問道_html185.html
第十九篇 第七章 大道圓滿,feijianwendao-wochixihongshi/飛劍問道_html186.html
第十九篇 第八章 師尊,我突破了!
第十九篇 第九章 半步天道境,feijianwendao-wochixihongshi/飛劍問道_html188.html
第十九篇 第十章 狐仙,feijianwendao-wochixihongshi/飛劍問道_html189.html
第十九篇 第十一章 陰陽一道,feijianwendao-wochixihongshi/飛劍問道_html190.html
第十九篇 第十二章 情報網,feijianwendao-wochixihongshi/飛劍問道_html191.html
第十九篇 第十三章 誘餌,feijianwendao-wochixihongshi/飛劍問道_html192.html
第十九篇 第十四章 各方到來,feijianwendao-wochixihongshi/飛劍問道_html193.html
第十九篇 第十五章 趕緊走,feijianwendao-wochixihongshi/飛劍問道_html194.html
第十九篇 第十六章 隱藏了些實力,feijianwendao-wochixihongshi/飛劍問道_html195.html
第十九篇 第十七章 暗算,feijianwendao-wochixihongshi/飛劍問道_html196.html
第十九篇 第十八章 魔祖出手,feijianwendao-wochixihongshi/飛劍問道_html197.html
第十九篇 第十九章 反轉,feijianwendao-wochixihongshi/飛劍問道_html198.html
第十九篇 第二十章 鎮壓,feijianwendao-wochixihongshi/飛劍問道_html199.html
第十九篇 第二十一章 惠豐大世界的傳說,feijianwendao-wochixihongshi/飛劍問道_html200.html
第十九篇 第二十二章 求情,feijianwendao-wochixihongshi/飛劍問道_html201.html
第十九篇 第二十三章 改換門庭,feijianwendao-wochixihongshi/飛劍問道_html202.html
第十九篇 第二十四章 功德來源,feijianwendao-wochixihongshi/飛劍問道_html203.html
第一章 歸來,feijianwendao-wochixihongshi/飛劍問道_html204.html
第二章 擒下,feijianwendao-wochixihongshi/飛劍問道_html205.html
第三章 妖怪頭領‘褚庸’,feijianwendao-wochixihongshi/飛劍問道_html206.html
第四章 我是他的弟弟!,feijianwendao-wochixihongshi/飛劍問道_html207.html
第五章 本命飛劍,feijianwendao-wochixihongshi/飛劍問道_html208.html
第六章 二十歲前不入仙門,終生無望
第七章 西山劍園,feijianwendao-wochixihongshi/飛劍問道_html210.html
第八章 謝霜,feijianwendao-wochixihongshi/飛劍問道_html211.html
第九章 再相見,feijianwendao-wochixihongshi/飛劍問道_html212.html
第十章 殺雞儆猴,feijianwendao-wochixihongshi/飛劍問道_html213.html
第十一章 賣身契?,feijianwendao-wochixihongshi/飛劍問道_html214.html
第十二章 名妓塵霜,feijianwendao-wochixihongshi/飛劍問道_html215.html
第十三章 逃不過一個‘利’字,feijianwendao-wochixihongshi/飛劍問道_html216.html
第十四章 十萬兩銀子,feijianwendao-wochixihongshi/飛劍問道_html217.html
第十五章 卷宗記載,feijianwendao-wochixihongshi/飛劍問道_html218.html
第十六章 聲名鵲起,feijianwendao-wochixihongshi/飛劍問道_html219.html
第十七章 郡守來訪,feijianwendao-wochixihongshi/飛劍問道_html220.html
第十八章 靈果,feijianwendao-wochixihongshi/飛劍問道_html221.html
第十九章 花魁,feijianwendao-wochixihongshi/飛劍問道_html222.html
第二十章 觸怒水神,feijianwendao-wochixihongshi/飛劍問道_html223.html
第二十一章 掌心雷,feijianwendao-wochixihongshi/飛劍問道_html224.html
第二十二章 伊蕭,feijianwendao-wochixihongshi/飛劍問道_html225.html
第二十三章 絕不容有失,feijianwendao-wochixihongshi/飛劍問道_html226.html
第二十四章 賈懷仁的渴望,feijianwendao-wochixihongshi/飛劍問道_html227.html
第二十五章 妖怪老僕‘錢叔’,feijianwendao-wochixihongshi/飛劍問道_html228.html
第二十六章 寒萃靈液,feijianwendao-wochixihongshi/飛劍問道_html229.html
第二十七章 進山,feijianwendao-wochixihongshi/飛劍問道_html230.html
第二十八章 密信,feijianwendao-wochixihongshi/飛劍問道_html231.html
第二十九章 靈果成熟,feijianwendao-wochixihongshi/飛劍問道_html232.html
第三十章 白虎大妖,feijianwendao-wochixihongshi/飛劍問道_html233.html
第三十一章 羣妖聚,feijianwendao-wochixihongshi/飛劍問道_html234.html
第三十二章 法寶?煙雨劍意!,feijianwendao-wochixihongshi/飛劍問道_html235.html
第三十三章 老僕‘錢寶’,feijianwendao-wochixihongshi/飛劍問道_html236.html
第三十四章 搏命,feijianwendao-wochixihongshi/飛劍問道_html237.html
第三十五章 虎妖斷爪,feijianwendao-wochixihongshi/飛劍問道_html238.html
第三十六章 先讓我試試,feijianwendao-wochixihongshi/飛劍問道_html239.html
第三十七章 秦雲的最強招數,feijianwendao-wochixihongshi/飛劍問道_html240.html
第三十八章 崑崙州伊氏,feijianwendao-wochixihongshi/飛劍問道_html241.html
第三十九章 激動和憤怒,feijianwendao-wochixihongshi/飛劍問道_html242.html
第四十章 爲禍一方,feijianwendao-wochixihongshi/飛劍問道_html243.html
第四十一章 指日可待,feijianwendao-wochixihongshi/飛劍問道_html244.html
第四十二章 師叔不來了,feijianwendao-wochixihongshi/飛劍問道_html245.html
第四十三章 看錯人了?,feijianwendao-wochixihongshi/飛劍問道_html246.html
第四十四章 十三年磨一劍,feijianwendao-wochixihongshi/飛劍問道_html247.html
第四十五章 定計,feijianwendao-wochixihongshi/飛劍問道_html248.html
第四十六章 本命飛劍終成,feijianwendao-wochixihongshi/飛劍問道_html249.html
第四十七章 煉氣十二層,feijianwendao-wochixihongshi/飛劍問道_html250.html
第四十八章 出發,feijianwendao-wochixihongshi/飛劍問道_html251.html
第四十九章 兩個狂妄的人族小輩,feijianwendao-wochixihongshi/飛劍問道_html252.html
第五十章 假內丹,feijianwendao-wochixihongshi/飛劍問道_html253.html
第五十一章 你逃不掉的!,feijianwendao-wochixihongshi/飛劍問道_html254.html
第五十二章 窮途末路?,feijianwendao-wochixihongshi/飛劍問道_html255.html
第五十三章 先天實丹境,feijianwendao-wochixihongshi/飛劍問道_html256.html
第五十四章 飛劍!飛劍!,feijianwendao-wochixihongshi/飛劍問道_html257.html
第五十五章 依偎,feijianwendao-wochixihongshi/飛劍問道_html258.html
第五十六章 歸途,feijianwendao-wochixihongshi/飛劍問道_html259.html
第五十七章 廣凌震動,feijianwendao-wochixihongshi/飛劍問道_html260.html
第五十八章 天亮了,feijianwendao-wochixihongshi/飛劍問道_html261.html
第二篇 巡天使 第一章 見面,feijianwendao-wochixihongshi/飛劍問道_html262.html
第二篇 巡天使 第二章 交易,feijianwendao-wochixihongshi/飛劍問道_html263.html
第二篇 第三章 風雨欲來,feijianwendao-wochixihongshi/飛劍問道_html264.html
第二篇 第四章 洪家老九,feijianwendao-wochixihongshi/飛劍問道_html265.html
第二篇 第五章 得罪不起,feijianwendao-wochixihongshi/飛劍問道_html266.html
第二篇 第六章 敵人來襲,feijianwendao-wochixihongshi/飛劍問道_html267.html
第二篇 第七章 紅玉道人坐鎮,feijianwendao-wochixihongshi/飛劍問道_html268.html
第二篇 第八章 拜帖,feijianwendao-wochixihongshi/飛劍問道_html269.html
第二篇 第九章 伊蕭要走了?,feijianwendao-wochixihongshi/飛劍問道_html270.html
第二篇 第十章 威脅?,feijianwendao-wochixihongshi/飛劍問道_html271.html
第二篇 第十一章 深夜盜寶,feijianwendao-wochixihongshi/飛劍問道_html272.html
第二篇 第十二章 分離,feijianwendao-wochixihongshi/飛劍問道_html273.html
第二篇 第十三章 七品飛劍,feijianwendao-wochixihongshi/飛劍問道_html274.html
第二篇 第十四章 新任郡守,feijianwendao-wochixihongshi/飛劍問道_html275.html
第二篇 第十五章 劉家,feijianwendao-wochixihongshi/飛劍問道_html276.html
第二篇 第十六章 金霄大妖,feijianwendao-wochixihongshi/飛劍問道_html277.html
第二篇 第十七章 緊迫感,feijianwendao-wochixihongshi/飛劍問道_html278.html
第二篇 第十八章 對付秦雲,feijianwendao-wochixihongshi/飛劍問道_html279.html
第二篇 第十九章 調兵遣將,feijianwendao-wochixihongshi/飛劍問道_html280.html
第二篇 第二十章 紅眼,feijianwendao-wochixihongshi/飛劍問道_html281.html
第二篇 第二十一章 全城轟動,feijianwendao-wochixihongshi/飛劍問道_html282.html
第二篇 第二十二章 秦雲公子仁慈,feijianwendao-wochixihongshi/飛劍問道_html283.html
第二篇 第二十三章 安置,feijianwendao-wochixihongshi/飛劍問道_html284.html
第二篇 第二十四章 寫信,feijianwendao-wochixihongshi/飛劍問道_html285.html
第二篇 第二十五章 龍潭虎穴,feijianwendao-wochixihongshi/飛劍問道_html286.html
第二篇 第二十六章 五轉玄木大陣,feijianwendao-wochixihongshi/飛劍問道_html287.html
第二篇 第二十七章 公冶丙,你好狠!
第二篇 第二十八章 初探郡守府,feijianwendao-wochixihongshi/飛劍問道_html289.html
第二篇 第二十九章 上書朝廷,feijianwendao-wochixihongshi/飛劍問道_html290.html
第二篇 第三十章 飄水仙石,feijianwendao-wochixihongshi/飛劍問道_html291.html
第二篇 第三十一章 跨入先天 上,feijianwendao-wochixihongshi/飛劍問道_html292.html
第二篇 第三十二章 跨入先天 下,feijianwendao-wochixihongshi/飛劍問道_html293.html
第二篇 第三十三章 飛劍法訣,feijianwendao-wochixihongshi/飛劍問道_html294.html
第二篇 第三十四章 公冶丙和秦雲,feijianwendao-wochixihongshi/飛劍問道_html295.html
第二篇 第三十五章 公冶丙的真面目,feijianwendao-wochixihongshi/飛劍問道_html296.html
第二篇 第三十六章 妖魔!,feijianwendao-wochixihongshi/飛劍問道_html297.html
第二篇 第三十七章 劍光化虹,feijianwendao-wochixihongshi/飛劍問道_html298.html
第二篇 第三十八章 秦雲要殺我!,feijianwendao-wochixihongshi/飛劍問道_html299.html
第二篇 第三十九章 逃離,feijianwendao-wochixihongshi/飛劍問道_html300.html
第二篇 第四十章 捉拿秦雲,feijianwendao-wochixihongshi/飛劍問道_html301.html
第二篇 第四十一章 逃不掉了,feijianwendao-wochixihongshi/飛劍問道_html302.html
第二篇 第四十二章 巡天盟,feijianwendao-wochixihongshi/飛劍問道_html303.html
第二篇 第四十三章 巡天使‘秦雲’,feijianwendao-wochixihongshi/飛劍問道_html304.html
第二篇 第四十四章 杏花香,feijianwendao-wochixihongshi/飛劍問道_html305.html
第三篇 江州煙雨 第一章 再相見,feijianwendao-wochixihongshi/飛劍問道_html306.html
第三篇 江州煙雨 第二章 神霄門大師兄,feijianwendao-wochixihongshi/飛劍問道_html307.html
第三篇 第三章 劍氣斬妖,feijianwendao-wochixihongshi/飛劍問道_html308.html
第三篇 第四章 廣凌,秦雲
第三篇 第五章 秦雲和黑妖王,feijianwendao-wochixihongshi/飛劍問道_html310.html
第三篇 第六章 煙雨劍訣,feijianwendao-wochixihongshi/飛劍問道_html311.html
第三篇 第七章 大戰落幕,feijianwendao-wochixihongshi/飛劍問道_html312.html
第三篇 第八章 九山島主的老朋友,feijianwendao-wochixihongshi/飛劍問道_html313.html
第三篇 第九章 法寶衣袍,feijianwendao-wochixihongshi/飛劍問道_html314.html
第三篇 第十章 明月見證,feijianwendao-wochixihongshi/飛劍問道_html315.html
第三篇 第十一章 劍意第二層,feijianwendao-wochixihongshi/飛劍問道_html316.html
第三篇 第十二章 伊蕭的父親,feijianwendao-wochixihongshi/飛劍問道_html317.html
第三篇 第十三章 救我!,feijianwendao-wochixihongshi/飛劍問道_html318.html
第三篇 第十四章 怒火沖天,feijianwendao-wochixihongshi/飛劍問道_html319.html
第三篇 第十五章 仙凡有別,feijianwendao-wochixihongshi/飛劍問道_html320.html
第三篇 第十六章 兩成實力,feijianwendao-wochixihongshi/飛劍問道_html321.html
第三篇 第十七章 劍仙一脈的缺陷,feijianwendao-wochixihongshi/飛劍問道_html322.html
第三篇 第十八章 萬象殿,feijianwendao-wochixihongshi/飛劍問道_html323.html
第三篇 第十九章 拜入宗派,feijianwendao-wochixihongshi/飛劍問道_html324.html
第三篇 第二十章 街邊刺殺,feijianwendao-wochixihongshi/飛劍問道_html325.html
第三篇 第二十一章 百變毒叟的寶物,feijianwendao-wochixihongshi/飛劍問道_html326.html
第三篇 第二十二章 惡龍山三妖王,feijianwendao-wochixihongshi/飛劍問道_html327.html
第三篇 第二十三章 五品飛劍,feijianwendao-wochixihongshi/飛劍問道_html328.html
第三篇 第二十四章 江上明月,feijianwendao-wochixihongshi/飛劍問道_html329.html
第三篇 第二十五章 仙人洞府,feijianwendao-wochixihongshi/飛劍問道_html330.html
第三篇 第二十六章 秦公子出手,feijianwendao-wochixihongshi/飛劍問道_html331.html
第三篇 第二十七章 求救也沒用的,feijianwendao-wochixihongshi/飛劍問道_html332.html
第三篇 第二十八章 求饒,feijianwendao-wochixihongshi/飛劍問道_html333.html
第三篇 第二十九章 蛟龍王,你好狠
第三篇 第三十章 我有一劍,feijianwendao-wochixihongshi/飛劍問道_html335.html
第三篇 第三十一章 停下啊!,feijianwendao-wochixihongshi/飛劍問道_html336.html
第三篇 第三十二章 萬象殿的新報價,feijianwendao-wochixihongshi/飛劍問道_html337.html
第三篇 第三十三章 離去,feijianwendao-wochixihongshi/飛劍問道_html338.html
第四篇 仙人洞府 第一章 第六塊符牌,feijianwendao-wochixihongshi/飛劍問道_html339.html
第四篇 仙人洞府 第二章 玉清妹子,feijianwendao-wochixihongshi/飛劍問道_html340.html
第四篇 仙人洞府 第三章 老友相聚,feijianwendao-wochixihongshi/飛劍問道_html341.html
第四篇 仙人洞府 第四章 仙府開啓之日,feijianwendao-wochixihongshi/飛劍問道_html342.html
第四篇 第五章 伊蕭出關,feijianwendao-wochixihongshi/飛劍問道_html343.html
第四篇 第六章 常在河邊走,feijianwendao-wochixihongshi/飛劍問道_html344.html
第四篇 第七章 六方匯聚,feijianwendao-wochixihongshi/飛劍問道_html345.html
第四篇 第八章 天下皆知,feijianwendao-wochixihongshi/飛劍問道_html346.html
第四篇 第九章 仙府,開
第四篇 第十章 處處皆寶物,feijianwendao-wochixihongshi/飛劍問道_html348.html
第四篇 第十一章 道藏閣,feijianwendao-wochixihongshi/飛劍問道_html349.html
第四篇 第十二章 飛劍白露,feijianwendao-wochixihongshi/飛劍問道_html350.html
第四篇 第十三章 誰都別和我搶!,feijianwendao-wochixihongshi/飛劍問道_html351.html
第四篇 第十四章 十六皇子的臉面,feijianwendao-wochixihongshi/飛劍問道_html352.html
第四篇 第十五章 交手 上,feijianwendao-wochixihongshi/飛劍問道_html353.html
第四篇 第十六章 交手 下,feijianwendao-wochixihongshi/飛劍問道_html354.html
第四篇 第十七章 極境存在?,feijianwendao-wochixihongshi/飛劍問道_html355.html
第四篇 第十八章 洪九帶路,feijianwendao-wochixihongshi/飛劍問道_html356.html
第四篇 第十九章 仙丹!!!,feijianwendao-wochixihongshi/飛劍問道_html357.html
第四篇 第二十章 金丹外丹 上,feijianwendao-wochixihongshi/飛劍問道_html358.html
第四篇 第二十一章 金丹外丹 下,feijianwendao-wochixihongshi/飛劍問道_html359.html
第四篇 第二十二章 星空藏寶,feijianwendao-wochixihongshi/飛劍問道_html360.html
第四篇 第二十三章 地火,feijianwendao-wochixihongshi/飛劍問道_html361.html
第四篇 第二十四章 超品法寶‘金丹爐’,feijianwendao-wochixihongshi/飛劍問道_html362.html
第四篇 第二十五章 都天神煞旗,feijianwendao-wochixihongshi/飛劍問道_html363.html
第四篇 第二十六章 伊蕭呢?,feijianwendao-wochixihongshi/飛劍問道_html364.html
第四篇 第二十七章 生死不相棄,feijianwendao-wochixihongshi/飛劍問道_html365.html
第四篇 第二十八章 無人去救,feijianwendao-wochixihongshi/飛劍問道_html366.html
第四篇 第二十九章 相聚,feijianwendao-wochixihongshi/飛劍問道_html367.html
第四篇 第三十章 劍老人,feijianwendao-wochixihongshi/飛劍問道_html368.html
第四篇 第三十一章 三座石室,feijianwendao-wochixihongshi/飛劍問道_html369.html
第四篇 第三十二章 成親,feijianwendao-wochixihongshi/飛劍問道_html370.html
第四篇 第三十三章 先天實丹境,feijianwendao-wochixihongshi/飛劍問道_html371.html
第四篇 第三十四章 飛劍之術‘輪迴’,feijianwendao-wochixihongshi/飛劍問道_html372.html
第四篇 第三十五章 出來了! 本篇終,feijianwendao-wochixihongshi/飛劍問道_html373.html
第五篇 江州第一人 第一章 歸來,風起雲涌
第五篇 江州第一人 第二章 衆妖魔,feijianwendao-wochixihongshi/飛劍問道_html375.html
第五篇 江州第一人 第三章 巡天盟中,feijianwendao-wochixihongshi/飛劍問道_html376.html
第五篇 江州第一人 第四章 黃巾力士,feijianwendao-wochixihongshi/飛劍問道_html377.html
第五篇 江州第一人 第五章 回廣凌,feijianwendao-wochixihongshi/飛劍問道_html378.html
第五篇 江州第一人 第六章 暗怒,feijianwendao-wochixihongshi/飛劍問道_html379.html
第五篇 江州第一人 第七章 替身命符,feijianwendao-wochixihongshi/飛劍問道_html380.html
第五篇 江州第一人 第八章 各方忌憚,feijianwendao-wochixihongshi/飛劍問道_html381.html
第五篇 江州第一人 第九章 極境!,feijianwendao-wochixihongshi/飛劍問道_html382.html
第五篇 第十章 逼迫、勸說,feijianwendao-wochixihongshi/飛劍問道_html383.html
第五篇 第十一章 兄弟,feijianwendao-wochixihongshi/飛劍問道_html384.html
第五篇 第十二章 你爹的兄弟,feijianwendao-wochixihongshi/飛劍問道_html385.html
第五篇 第十三章 黃蛟湖,feijianwendao-wochixihongshi/飛劍問道_html386.html
第五篇 第十四章 嘉安郡城外藍婆山,feijianwendao-wochixihongshi/飛劍問道_html387.html
第五篇 第十五章 大妖魔來襲 上,feijianwendao-wochixihongshi/飛劍問道_html388.html
第五篇 第十六章 大妖魔來襲 下,feijianwendao-wochixihongshi/飛劍問道_html389.html
第五篇 第十七章 龍後,feijianwendao-wochixihongshi/飛劍問道_html390.html
第五篇 第十八章 天下震動,feijianwendao-wochixihongshi/飛劍問道_html391.html
第五篇 第十九章 如意觀主來了,feijianwendao-wochixihongshi/飛劍問道_html392.html
第五篇 第二十章 斬殺大妖魔,feijianwendao-wochixihongshi/飛劍問道_html393.html
第五篇 第二十一章 極境層次,feijianwendao-wochixihongshi/飛劍問道_html394.html
第五篇 第二十二章 瞠目結舌 上,feijianwendao-wochixihongshi/飛劍問道_html395.html
第五篇 第二十三章 瞠目結舌 下,feijianwendao-wochixihongshi/飛劍問道_html396.html
第五篇 第二十四章 萬劍歸宗,feijianwendao-wochixihongshi/飛劍問道_html397.html
第五篇 第二十五章 大戰落幕,feijianwendao-wochixihongshi/飛劍問道_html398.html
第五篇 第二十六章 餘波,feijianwendao-wochixihongshi/飛劍問道_html399.html
第五篇 第二十七章 各方賓客,feijianwendao-wochixihongshi/飛劍問道_html400.html
第五篇 第二十八章 伊蕭的身世,feijianwendao-wochixihongshi/飛劍問道_html401.html
第五篇 第二十九章 白君月的請求,feijianwendao-wochixihongshi/飛劍問道_html402.html
第五篇 第三十章 黃蛟,黑龍宮
2017過去了,2018開始.
第五篇 第三十一章 龍王拒絕,feijianwendao-wochixihongshi/飛劍問道_html405.html
第五篇 第三十二章 赦免的條件,feijianwendao-wochixihongshi/飛劍問道_html406.html
第五篇 第三十三章 上古天龍宮 上,feijianwendao-wochixihongshi/飛劍問道_html407.html
第五篇 第三十四章 上古天龍宮 下,feijianwendao-wochixihongshi/飛劍問道_html408.html
第五篇 第三十五章 暫時離開,feijianwendao-wochixihongshi/飛劍問道_html409.html
第五篇 第三十六章 好心提醒,feijianwendao-wochixihongshi/飛劍問道_html410.html
第五篇 第三十七章 三年,feijianwendao-wochixihongshi/飛劍問道_html411.html
第五篇 第三十八章 終成金丹 本篇終,feijianwendao-wochixihongshi/飛劍問道_html412.html
第六篇 玉瓶內的魔神 第一章 天龍血晶,feijianwendao-wochixihongshi/飛劍問道_html413.html
第六篇 玉瓶內的魔神 第二章 法寶‘乾坤環’,feijianwendao-wochixihongshi/飛劍問道_html414.html
第六篇 第三章 大收穫,feijianwendao-wochixihongshi/飛劍問道_html415.html
第六篇 第四章 真相,feijianwendao-wochixihongshi/飛劍問道_html416.html
第六篇 第五章 龍女敖雪,feijianwendao-wochixihongshi/飛劍問道_html417.html
第六篇 第六章 查探入口,feijianwendao-wochixihongshi/飛劍問道_html418.html
第六篇 第七章 了斷,feijianwendao-wochixihongshi/飛劍問道_html419.html
第六篇 第八章 玉瓶,feijianwendao-wochixihongshi/飛劍問道_html420.html
第六篇 第九章 雲州除妖,feijianwendao-wochixihongshi/飛劍問道_html421.html
第六篇 第十章 青翅妖王的絕望,feijianwendao-wochixihongshi/飛劍問道_html422.html
第六篇 第十一章 他一定入道了!,feijianwendao-wochixihongshi/飛劍問道_html423.html
第六篇 第十二章 玉瓶的歸屬,feijianwendao-wochixihongshi/飛劍問道_html424.html
第六篇 第十三章 天下大變,feijianwendao-wochixihongshi/飛劍問道_html425.html
第六篇 第十四章 降臨,feijianwendao-wochixihongshi/飛劍問道_html426.html
第六篇 第十五章 歲月,feijianwendao-wochixihongshi/飛劍問道_html427.html
第六篇 第十六章 玉瓶再現,feijianwendao-wochixihongshi/飛劍問道_html428.html
第六篇 第十七章 秦雲來了,feijianwendao-wochixihongshi/飛劍問道_html429.html
第六篇 第十八章 人的名,樹的影
第六篇 第十九章 疑似法寶,feijianwendao-wochixihongshi/飛劍問道_html431.html
第六篇 第二十章 困獸,feijianwendao-wochixihongshi/飛劍問道_html432.html
第六篇 第二十一章 活捉,feijianwendao-wochixihongshi/飛劍問道_html433.html
第六篇 第二十二章 於石奇的報復,feijianwendao-wochixihongshi/飛劍問道_html434.html
第六篇 第二十三章 瓶塞和玉瓶,feijianwendao-wochixihongshi/飛劍問道_html435.html
第六篇 第二十四章 秦雲戰魔神 上,feijianwendao-wochixihongshi/飛劍問道_html436.html
第六篇 第二十五章 秦雲戰魔神 中,feijianwendao-wochixihongshi/飛劍問道_html437.html
第六篇 第二十六章 秦雲戰魔神 下,feijianwendao-wochixihongshi/飛劍問道_html438.html
第六篇 第二十七章 張祖師和玉瓶,feijianwendao-wochixihongshi/飛劍問道_html439.html
第六篇 第二十八章 魔神卜明,feijianwendao-wochixihongshi/飛劍問道_html440.html
第六篇 第二十九章 五件寶物,feijianwendao-wochixihongshi/飛劍問道_html441.html
第六篇 第三十章 那一截手臂 本篇終,feijianwendao-wochixihongshi/飛劍問道_html442.html
第七篇 入道 第一章 成年禮,feijianwendao-wochixihongshi/飛劍問道_html443.html
第七篇 入道 第二章 凡俗三重天,feijianwendao-wochixihongshi/飛劍問道_html444.html
第七篇 入道 第三章 火鳳城,feijianwendao-wochixihongshi/飛劍問道_html445.html
第七篇 入道 第四章 神魔殿,feijianwendao-wochixihongshi/飛劍問道_html446.html
第七篇 入道 第五章 月光劍術,feijianwendao-wochixihongshi/飛劍問道_html447.html
第七篇 入道 第六章 伴生靈物,feijianwendao-wochixihongshi/飛劍問道_html448.html
第七篇 入道 第七章 突破,神魔境 上
第七篇 第八章 突破,神魔境 下
第七篇 第九章 十年後,feijianwendao-wochixihongshi/飛劍問道_html451.html
第七篇 第十章 迎戰,feijianwendao-wochixihongshi/飛劍問道_html452.html
第七篇 第十一章 秦雲!回來!,feijianwendao-wochixihongshi/飛劍問道_html453.html
第七篇 第十二章 斬殺魔神,feijianwendao-wochixihongshi/飛劍問道_html454.html
第七篇 第十三章 處在下風,feijianwendao-wochixihongshi/飛劍問道_html455.html
第七篇 第十四章 入道,feijianwendao-wochixihongshi/飛劍問道_html456.html
第七篇 第十五章 攔不住,feijianwendao-wochixihongshi/飛劍問道_html457.html
第七篇 第十六章 大勝,feijianwendao-wochixihongshi/飛劍問道_html458.html
第七篇 第十七章 天神,feijianwendao-wochixihongshi/飛劍問道_html459.html
第七篇 第十八章 五十年期滿,feijianwendao-wochixihongshi/飛劍問道_html460.html
第七篇 第十九章 秦雲的目標,feijianwendao-wochixihongshi/飛劍問道_html461.html
第七篇 第二十章 暴露,feijianwendao-wochixihongshi/飛劍問道_html462.html
第七篇 第二十一章 魔巢血蓮,feijianwendao-wochixihongshi/飛劍問道_html463.html
第七篇 第二十二章 夢醒,離去
第七篇 第二十三章 尾聲,feijianwendao-wochixihongshi/飛劍問道_html465.html
第七篇 第二十四章 降臨,孟一秋
第七篇 第二十五章 周山劍派,feijianwendao-wochixihongshi/飛劍問道_html467.html
第七篇 第二十六章 一招斃命,feijianwendao-wochixihongshi/飛劍問道_html468.html
第七篇 第二十七章 我可不是極境,feijianwendao-wochixihongshi/飛劍問道_html469.html
第七篇 第二十八章 地榜排名,feijianwendao-wochixihongshi/飛劍問道_html470.html
第七篇 第二十九章 乘船去帝京,feijianwendao-wochixihongshi/飛劍問道_html471.html
第七篇 第三十章 風風雨雨,feijianwendao-wochixihongshi/飛劍問道_html472.html
第七篇 第三十一章 惜雨樓前,feijianwendao-wochixihongshi/飛劍問道_html473.html
第七篇 第三十二章 長街之戰,feijianwendao-wochixihongshi/飛劍問道_html474.html
第七篇 第三十三章 ‘鎖天’極境,feijianwendao-wochixihongshi/飛劍問道_html475.html
第七篇 第三十四章 埋伏,feijianwendao-wochixihongshi/飛劍問道_html476.html
第七篇 第三十五章 兇手,feijianwendao-wochixihongshi/飛劍問道_html477.html
第七篇 第三十六章 名列天榜,feijianwendao-wochixihongshi/飛劍問道_html478.html
第七篇 第三十七章 楚國武庫,feijianwendao-wochixihongshi/飛劍問道_html479.html
第七篇 第三十八章 龔燕兒,feijianwendao-wochixihongshi/飛劍問道_html480.html
第七篇 第三十九章 臘月大雪,feijianwendao-wochixihongshi/飛劍問道_html481.html
第七篇 第四十章 一劍,feijianwendao-wochixihongshi/飛劍問道_html482.html
第七篇 第四十一章 繼位,feijianwendao-wochixihongshi/飛劍問道_html483.html
第七篇 第四十二章 神榜第一,feijianwendao-wochixihongshi/飛劍問道_html484.html
第七篇 第四十三章 楚王和秦雲,feijianwendao-wochixihongshi/飛劍問道_html485.html
第七篇 第四十四章 李如濟拜訪,feijianwendao-wochixihongshi/飛劍問道_html486.html
第七篇 第四十五章 五年後,feijianwendao-wochixihongshi/飛劍問道_html487.html
第七篇 第四十六章 帝京城的慌亂,feijianwendao-wochixihongshi/飛劍問道_html488.html
第七篇 第四十七章 寂寞,feijianwendao-wochixihongshi/飛劍問道_html489.html
第七篇 第四十八章 破碎虛空?,feijianwendao-wochixihongshi/飛劍問道_html490.html
第七篇 第四十九章 代價,feijianwendao-wochixihongshi/飛劍問道_html491.html
第七篇 第五十章 大戰過後,feijianwendao-wochixihongshi/飛劍問道_html492.html
第七篇 第五十一章 孟歡,feijianwendao-wochixihongshi/飛劍問道_html493.html
第七篇 第五十二章 天上地下,誰都救不了你!
第七篇 第五十三章 第二次入道 上,feijianwendao-wochixihongshi/飛劍問道_html495.html
第七篇 第五十四章 第二次入道 下,feijianwendao-wochixihongshi/飛劍問道_html496.html
第七篇 第五十五章 戰書,feijianwendao-wochixihongshi/飛劍問道_html497.html
第七篇 第五十六章 三月初九,歸澤山
第七篇 第五十七章 神仙手段,feijianwendao-wochixihongshi/飛劍問道_html499.html
第七篇 第五十八章 天罰降臨,feijianwendao-wochixihongshi/飛劍問道_html500.html
第七篇 第五十九章 飛昇,feijianwendao-wochixihongshi/飛劍問道_html501.html
第七篇 第六十章 歸來,甦醒
第七篇 第六十一章 佈局千年,feijianwendao-wochixihongshi/飛劍問道_html503.html
第七篇 第六十二章 最終入道?,feijianwendao-wochixihongshi/飛劍問道_html504.html
第七篇 第六十三章 驅虎吞狼,feijianwendao-wochixihongshi/飛劍問道_html505.html
第七篇 第六十四章 進入洞天,feijianwendao-wochixihongshi/飛劍問道_html506.html
第七篇 第六十五章 域外黃蛟,feijianwendao-wochixihongshi/飛劍問道_html507.html
第七篇 第六十六章 相遇,feijianwendao-wochixihongshi/飛劍問道_html508.html
第七篇 第六十七章 煉劍成絲,虛空留痕!
第七篇 第六十八章 黃蛟的三件藏寶,feijianwendao-wochixihongshi/飛劍問道_html510.html
第七篇 第六十九章 你這老黑龍也來了?,feijianwendao-wochixihongshi/飛劍問道_html511.html
第七篇 第七十章 蛟龍王之死,feijianwendao-wochixihongshi/飛劍問道_html512.html
第七篇 第七十一章 劍道之基,feijianwendao-wochixihongshi/飛劍問道_html513.html
第七篇 第七十二章 誰殺的? 本篇終,feijianwendao-wochixihongshi/飛劍問道_html514.html
第八篇 災劫 第一章 危機,feijianwendao-wochixihongshi/飛劍問道_html515.html
第八篇 災劫 第二章 寶光驚人,feijianwendao-wochixihongshi/飛劍問道_html516.html
第八篇 第三章 一鍋端,feijianwendao-wochixihongshi/飛劍問道_html517.html
第八篇 第四章 功德無量,feijianwendao-wochixihongshi/飛劍問道_html518.html
第八篇 第五章 廣凌城外,feijianwendao-wochixihongshi/飛劍問道_html519.html
第八篇 第六章 秦雲戰域外魔神,feijianwendao-wochixihongshi/飛劍問道_html520.html
第八篇 第七章 相見歡,離別苦
第八篇 第八章 張祖師的痛惜,feijianwendao-wochixihongshi/飛劍問道_html522.html
第八篇 第九章 超品本命飛劍,feijianwendao-wochixihongshi/飛劍問道_html523.html
第八篇 第十章 護法神將,feijianwendao-wochixihongshi/飛劍問道_html524.html
第八篇 第十一章 龍王的寶物,feijianwendao-wochixihongshi/飛劍問道_html525.html
第八篇 第十二章 囑託,feijianwendao-wochixihongshi/飛劍問道_html526.html
第八篇 第十三章 域外魔神,feijianwendao-wochixihongshi/飛劍問道_html527.html
第八篇 第十四章 巡天鑑震動,feijianwendao-wochixihongshi/飛劍問道_html528.html
第八篇 第十五章 轉世仙人們,feijianwendao-wochixihongshi/飛劍問道_html529.html
第八篇 第十六章 召喚秦雲,feijianwendao-wochixihongshi/飛劍問道_html530.html
第八篇 第十七章 出手,feijianwendao-wochixihongshi/飛劍問道_html531.html
第八篇 第十八章 逃逃逃,feijianwendao-wochixihongshi/飛劍問道_html532.html
第八篇 第十九章 解決禍患,feijianwendao-wochixihongshi/飛劍問道_html533.html
第八篇 第二十章 封侯,feijianwendao-wochixihongshi/飛劍問道_html534.html
第八篇 第二十一章 八方來賀,feijianwendao-wochixihongshi/飛劍問道_html535.html
第八篇 第二十二章 龍族的來歷,feijianwendao-wochixihongshi/飛劍問道_html536.html
第八篇 第二十三章 代價,feijianwendao-wochixihongshi/飛劍問道_html537.html
第八篇 第二十四章 喜事,feijianwendao-wochixihongshi/飛劍問道_html538.html
第八篇 第二十五章 虛空挪移,feijianwendao-wochixihongshi/飛劍問道_html539.html
第八篇 第二十六章 這就是代價!,feijianwendao-wochixihongshi/飛劍問道_html540.html
第八篇 第二十七章 她一定活着,feijianwendao-wochixihongshi/飛劍問道_html541.html
第八篇 第二十八章 金仙,feijianwendao-wochixihongshi/飛劍問道_html542.html
第八篇 第二十九章 祖龍境存在‘蒲曲龍君’,feijianwendao-wochixihongshi/飛劍問道_html543.html
第八篇 第三十章 秦雲的三條路,feijianwendao-wochixihongshi/飛劍問道_html544.html
第八篇 第三十一章 行走天下 本篇終,feijianwendao-wochixihongshi/飛劍問道_html545.html
第九篇 紅塵劍仙 第一章 十五年後,feijianwendao-wochixihongshi/飛劍問道_html546.html
第九篇 紅塵劍仙 第二章 褚老太爺,feijianwendao-wochixihongshi/飛劍問道_html547.html
第九篇 紅塵劍仙 第三章 半年爲期,feijianwendao-wochixihongshi/飛劍問道_html548.html
第九篇 紅塵劍仙 第四章 英雄?,feijianwendao-wochixihongshi/飛劍問道_html549.html
第九篇 第五章 狐妖,feijianwendao-wochixihongshi/飛劍問道_html550.html
第九篇 第六章 你想多了,feijianwendao-wochixihongshi/飛劍問道_html551.html
第九篇 第七章 因果線,feijianwendao-wochixihongshi/飛劍問道_html552.html
第九篇 第八章 柳暗花明,feijianwendao-wochixihongshi/飛劍問道_html553.html
第九篇 第九章 終於出現了!,feijianwendao-wochixihongshi/飛劍問道_html554.html
第九篇 第十章 雲秀仙人的寶藏,feijianwendao-wochixihongshi/飛劍問道_html555.html
第九篇 第十一章 大巫屍體?,feijianwendao-wochixihongshi/飛劍問道_html556.html
第九篇 第十二章 如夢劍,feijianwendao-wochixihongshi/飛劍問道_html557.html
第九篇 第十三章 擒拿,feijianwendao-wochixihongshi/飛劍問道_html558.html
第九篇 第十四章 有情人,feijianwendao-wochixihongshi/飛劍問道_html559.html
第九篇 第十五章 帝君神甲,feijianwendao-wochixihongshi/飛劍問道_html560.html
第九篇 第十六章 大滁世界,feijianwendao-wochixihongshi/飛劍問道_html561.html
第九篇 第十七章 定計,feijianwendao-wochixihongshi/飛劍問道_html562.html
第九篇 第十八章 降臨大滁世界,feijianwendao-wochixihongshi/飛劍問道_html563.html
第九篇 第十九章 跳板,feijianwendao-wochixihongshi/飛劍問道_html564.html
第九篇 第二十章 魅青姑娘,feijianwendao-wochixihongshi/飛劍問道_html565.html
第九篇 第二十一章 瞧他不順眼,feijianwendao-wochixihongshi/飛劍問道_html566.html
第九篇 第二十二章 萬象殿的再度邀請,feijianwendao-wochixihongshi/飛劍問道_html567.html
第九篇 第二十三章 離去,feijianwendao-wochixihongshi/飛劍問道_html568.html
第九篇 第二十四章 貪桐家族,feijianwendao-wochixihongshi/飛劍問道_html569.html
第九篇 第二十五章 一念滅絕,feijianwendao-wochixihongshi/飛劍問道_html570.html
第九篇 第二十六章 斬殺魔神,feijianwendao-wochixihongshi/飛劍問道_html571.html
第九篇 第二十七章 最後一件法寶手套,feijianwendao-wochixihongshi/飛劍問道_html572.html
第九篇 第二十八章 無力,feijianwendao-wochixihongshi/飛劍問道_html573.html
第九篇 第二十九章 一年時間,feijianwendao-wochixihongshi/飛劍問道_html574.html
第九篇 第三十章 湊齊,feijianwendao-wochixihongshi/飛劍問道_html575.html
第九篇 第三十一章 域外道家一脈,feijianwendao-wochixihongshi/飛劍問道_html576.html
第九篇 第三十二章 路過一個世界,feijianwendao-wochixihongshi/飛劍問道_html577.html
第九篇 第三十三章 我終於找到你了!,feijianwendao-wochixihongshi/飛劍問道_html578.html
第九篇 第三十四章 神仙神仙,我答應你
第九篇 第三十五章 大昌世界,我來了!
第九篇 第三十六章 女兒,feijianwendao-wochixihongshi/飛劍問道_html581.html
第九篇 第三十七章 審問賀謙,feijianwendao-wochixihongshi/飛劍問道_html582.html
第九篇 第三十八章 又是一年,feijianwendao-wochixihongshi/飛劍問道_html583.html
第九篇 第三十九章 大世界,feijianwendao-wochixihongshi/飛劍問道_html584.html
第九篇 第四十章 出發,明耀大世界 本篇終
第十篇 天仙境 第一章 試煉弟子們,feijianwendao-wochixihongshi/飛劍問道_html586.html
第十篇 天仙境 第二章 古虞界內,feijianwendao-wochixihongshi/飛劍問道_html587.html
第十篇 天仙境 第三章 聰明選擇,feijianwendao-wochixihongshi/飛劍問道_html588.html
第十篇 天仙境 第四章 孟歡,feijianwendao-wochixihongshi/飛劍問道_html589.html
第十篇 天仙境 第五章 好心幫忙,feijianwendao-wochixihongshi/飛劍問道_html590.html
第十篇 第六章 太上一脈?,feijianwendao-wochixihongshi/飛劍問道_html591.html
第十篇 第七章 我是靈寶一脈,feijianwendao-wochixihongshi/飛劍問道_html592.html
第十篇 第八章 陸凡和秦雲,feijianwendao-wochixihongshi/飛劍問道_html593.html
第十篇 第九章 飛劍出!,feijianwendao-wochixihongshi/飛劍問道_html594.html
第十篇 第十章 深入,feijianwendao-wochixihongshi/飛劍問道_html595.html
第十篇 第十一章 救人,feijianwendao-wochixihongshi/飛劍問道_html596.html
第十篇 第十二章 湊齊大半,feijianwendao-wochixihongshi/飛劍問道_html597.html
第十篇 第十三章 洞天之內,feijianwendao-wochixihongshi/飛劍問道_html598.html
第十篇 第十四章 桃樹下的白袍人,feijianwendao-wochixihongshi/飛劍問道_html599.html
第十篇 第十五章 蝴蝶圖,feijianwendao-wochixihongshi/飛劍問道_html600.html
第十篇 第十六章 突破,天仙境 上
第十篇 第十七章 突破,天仙境 下
第十篇 第十八章 歡兒!,feijianwendao-wochixihongshi/飛劍問道_html603.html
第十篇 第十九章 寶塔,feijianwendao-wochixihongshi/飛劍問道_html604.html
第十篇 第二十章 熟悉的身影,feijianwendao-wochixihongshi/飛劍問道_html605.html
第十篇 第二十一章 恭喜孟師弟,feijianwendao-wochixihongshi/飛劍問道_html606.html
第十篇 第二十二章 上稟,feijianwendao-wochixihongshi/飛劍問道_html607.html
第十年 第二十三章 爭奪,feijianwendao-wochixihongshi/飛劍問道_html608.html
第十篇 第二十四章 離去,feijianwendao-wochixihongshi/飛劍問道_html609.html
第十篇 第二十五章 身份,feijianwendao-wochixihongshi/飛劍問道_html610.html
第十篇 第二十六章 邀請,feijianwendao-wochixihongshi/飛劍問道_html611.html
第十篇 第二十七章 再見蒲曲龍君 本篇終,feijianwendao-wochixihongshi/飛劍問道_html612.html
第十一篇 滅蠻祖教 第一章 召集,feijianwendao-wochixihongshi/飛劍問道_html613.html
第十一篇 第二章 妻子伊蕭,feijianwendao-wochixihongshi/飛劍問道_html614.html
第十一篇 第三章 星如雨,feijianwendao-wochixihongshi/飛劍問道_html615.html
第十一篇 第四章 滅!,feijianwendao-wochixihongshi/飛劍問道_html616.html
第十一篇 第五章 百柄劍器,feijianwendao-wochixihongshi/飛劍問道_html617.html
第十一篇 第六章 牛魔之軀,feijianwendao-wochixihongshi/飛劍問道_html618.html
第十一篇 第七章 蠻祖教主的弱點,feijianwendao-wochixihongshi/飛劍問道_html619.html
第十一篇 第八章 魔神世界的帝君,feijianwendao-wochixihongshi/飛劍問道_html620.html
第十一篇 第九章 爲了活命,feijianwendao-wochixihongshi/飛劍問道_html621.html
第十一篇 第十章 鷲虎天魔的實力,feijianwendao-wochixihongshi/飛劍問道_html622.html
第十一篇 第十一章 乾坤世界,feijianwendao-wochixihongshi/飛劍問道_html623.html
第十一篇 第十二章 提前發動,feijianwendao-wochixihongshi/飛劍問道_html624.html
第十一篇 第十三章 魔神帝君的兩位弟子,feijianwendao-wochixihongshi/飛劍問道_html625.html
第十一篇 第十四章 踏平蠻祖教,feijianwendao-wochixihongshi/飛劍問道_html626.html
第十一篇 第十五章 大昌世界和魔神世界的碰撞,feijianwendao-wochixihongshi/飛劍問道_html627.html
第十一篇 第十六章 你會後悔的!,feijianwendao-wochixihongshi/飛劍問道_html628.html
第十一篇 第十七章 女兒和尊者,feijianwendao-wochixihongshi/飛劍問道_html629.html
第十一篇 第十八章 我沒法救她!,feijianwendao-wochixihongshi/飛劍問道_html630.html
第十一篇 第十九章 黃袍尊者,feijianwendao-wochixihongshi/飛劍問道_html631.html
第十一篇 第二十章 自創劍仙法門?,feijianwendao-wochixihongshi/飛劍問道_html632.html
第十一篇 第二十一章 元神是一柄劍?,feijianwendao-wochixihongshi/飛劍問道_html633.html
第十一篇 第二十二章 西海的那頭上古天龍,feijianwendao-wochixihongshi/飛劍問道_html634.html
第十一篇 第二十三章 凝練元神,feijianwendao-wochixihongshi/飛劍問道_html635.html
第十一篇 第二十四章 終離去 本篇終,feijianwendao-wochixihongshi/飛劍問道_html636.html
第十二篇 自創法門 第一章 秦雲和女兒,feijianwendao-wochixihongshi/飛劍問道_html637.html
第十二篇 第二章 神霄道人的決定,feijianwendao-wochixihongshi/飛劍問道_html638.html
第十二篇 第三章 本命飛劍的蛻變,feijianwendao-wochixihongshi/飛劍問道_html639.html
第十二篇 第四章 秦雲的自薦,feijianwendao-wochixihongshi/飛劍問道_html640.html
第十二篇 第五章 第三位劍師的誕生,feijianwendao-wochixihongshi/飛劍問道_html641.html
第十二篇 第六章 明悟,feijianwendao-wochixihongshi/飛劍問道_html642.html
第十二篇 第七章 突飛猛進,feijianwendao-wochixihongshi/飛劍問道_html643.html
第十二篇 第八章 天妖夔牛,feijianwendao-wochixihongshi/飛劍問道_html644.html
第十二篇 第九章 輸的太快,feijianwendao-wochixihongshi/飛劍問道_html645.html
第十二篇 第十章 再敗金蛇!,feijianwendao-wochixihongshi/飛劍問道_html646.html
第十二篇 第十一章 無路可退,feijianwendao-wochixihongshi/飛劍問道_html647.html
第十二篇 第十二章 褚負的贈與,feijianwendao-wochixihongshi/飛劍問道_html648.html
第十二篇 第十三章 月夜下的突破,feijianwendao-wochixihongshi/飛劍問道_html649.html
第十二篇 第十四章 女兒,feijianwendao-wochixihongshi/飛劍問道_html650.html
第十二篇 第十五章 和女兒的初次見面,feijianwendao-wochixihongshi/飛劍問道_html651.html
第十二篇 第十六章 相處,feijianwendao-wochixihongshi/飛劍問道_html652.html
第十二篇 第十七章 欲掃清天下魔神,feijianwendao-wochixihongshi/飛劍問道_html653.html
第十二篇 第十八章 元神!元神!,feijianwendao-wochixihongshi/飛劍問道_html654.html
第十二篇 第十九章 我就是你父親,feijianwendao-wochixihongshi/飛劍問道_html655.html
第十二篇 第二十章 捉拿秦雲,feijianwendao-wochixihongshi/飛劍問道_html656.html
第十二篇 第二十一章 面對衆戰將,feijianwendao-wochixihongshi/飛劍問道_html657.html
第十二篇 第二十二章 尊者現身,feijianwendao-wochixihongshi/飛劍問道_html658.html
第十二篇 第二十三章 秦雲的來歷,feijianwendao-wochixihongshi/飛劍問道_html659.html
第十二篇 第二十四章 降臨,feijianwendao-wochixihongshi/飛劍問道_html660.html
第十二篇 第二十五章 一家團聚 本篇終,feijianwendao-wochixihongshi/飛劍問道_html661.html
第二十篇 邀請 第一章 三界的未來,feijianwendao-wochixihongshi/飛劍問道_html662.html
第二十篇 第二章 橫掃處處,feijianwendao-wochixihongshi/飛劍問道_html663.html
第二十篇 第三章 實力還不夠,feijianwendao-wochixihongshi/飛劍問道_html664.html
第二十篇 第四章 妖族的改變,feijianwendao-wochixihongshi/飛劍問道_html665.html
第二十篇 第五章 邀請,feijianwendao-wochixihongshi/飛劍問道_html666.html
第二十篇 第六章 三界之外,feijianwendao-wochixihongshi/飛劍問道_html667.html
第二十篇 第七章 時空潮汐,feijianwendao-wochixihongshi/飛劍問道_html668.html
第二十篇 第八章 動手,feijianwendao-wochixihongshi/飛劍問道_html669.html
第二十篇 第九章 活捉,feijianwendao-wochixihongshi/飛劍問道_html670.html
第二十篇 第十章 陷阱,feijianwendao-wochixihongshi/飛劍問道_html671.html
第二十篇 第十一章 斬殺,feijianwendao-wochixihongshi/飛劍問道_html672.html
第二十篇 第十二章 逃命,feijianwendao-wochixihongshi/飛劍問道_html673.html
第二十篇 第十三章 回來了,feijianwendao-wochixihongshi/飛劍問道_html674.html
第二十篇 第十四章 如今的秦家,feijianwendao-wochixihongshi/飛劍問道_html675.html
第二十篇 第十五章 血脈?,feijianwendao-wochixihongshi/飛劍問道_html676.html
第二十篇 第十六章 盤古血脈,feijianwendao-wochixihongshi/飛劍問道_html677.html
第二十篇 第十七章 交易,feijianwendao-wochixihongshi/飛劍問道_html678.html
第二十篇 第十八章 只剩下一千年,feijianwendao-wochixihongshi/飛劍問道_html679.html
第二十篇 第十九章 第十一次散仙之劫,feijianwendao-wochixihongshi/飛劍問道_html680.html
第二十篇 第二十章 又強了,feijianwendao-wochixihongshi/飛劍問道_html681.html
第二十篇 第二十一章 秦雲和后羿,feijianwendao-wochixihongshi/飛劍問道_html682.html
第二十篇 第二十二章 聚齊 本篇終,feijianwendao-wochixihongshi/飛劍問道_html683.html
第二十一篇 寶地 第一章 路遇偷襲,feijianwendao-wochixihongshi/飛劍問道_html684.html
第二十一篇 寶地 第二章 空手搏殺,feijianwendao-wochixihongshi/飛劍問道_html685.html
第二十一篇 第三章 心力,feijianwendao-wochixihongshi/飛劍問道_html686.html
第二十一篇 第四章 萬花宮,feijianwendao-wochixihongshi/飛劍問道_html687.html
第二十一篇 第五章 放棄?,feijianwendao-wochixihongshi/飛劍問道_html688.html
第二十一篇 第六章 絕望的萬花宮主,feijianwendao-wochixihongshi/飛劍問道_html689.html
第二十一篇 第七章 博瀚島的強者們,feijianwendao-wochixihongshi/飛劍問道_html690.html
第二十一篇 第八章 功成,feijianwendao-wochixihongshi/飛劍問道_html691.html
第二十一篇 第九章 山谷之秘,feijianwendao-wochixihongshi/飛劍問道_html692.html
第二十一篇 第十章 渴望,feijianwendao-wochixihongshi/飛劍問道_html693.html
第二十一篇 第十一章 島主和山谷,feijianwendao-wochixihongshi/飛劍問道_html694.html
第二十一篇 第十二章 神果熟了麼?,feijianwendao-wochixihongshi/飛劍問道_html695.html
第二十一篇 第十三章 兩個選擇,feijianwendao-wochixihongshi/飛劍問道_html696.html
第二十一篇 第十四章 神果到手,feijianwendao-wochixihongshi/飛劍問道_html697.html
第二十一篇 第十五章 進不去的博瀚島主,feijianwendao-wochixihongshi/飛劍問道_html698.html
第二十一篇 第十六章 博瀚島主的實力,feijianwendao-wochixihongshi/飛劍問道_html699.html
第二十一篇 第十七章 拼到最後,feijianwendao-wochixihongshi/飛劍問道_html700.html
第二十一篇 第十八章 分寶,feijianwendao-wochixihongshi/飛劍問道_html701.html
第二十一篇 第十九章 功德至寶 本篇終,feijianwendao-wochixihongshi/飛劍問道_html702.html
第二十二篇 散仙之劫 第一章 閉關前的準備,feijianwendao-wochixihongshi/飛劍問道_html703.html
第二十二篇 散仙之劫 第二章 啓靈果,feijianwendao-wochixihongshi/飛劍問道_html704.html
第二十二篇 散仙之劫 第三章 提升,feijianwendao-wochixihongshi/飛劍問道_html705.html
第二十二篇 散仙之劫 第四章 選弟子,feijianwendao-wochixihongshi/飛劍問道_html706.html
第二十二篇 第五章 劍修兩脈,feijianwendao-wochixihongshi/飛劍問道_html707.html
第二十二篇 第六章 心魔深種,feijianwendao-wochixihongshi/飛劍問道_html708.html
第二十二篇 第七章 殺混沌神魔‘虞呲’,feijianwendao-wochixihongshi/飛劍問道_html709.html
第二十二篇 第八章 黃鬚老人,feijianwendao-wochixihongshi/飛劍問道_html710.html
第二十二篇 第九章 翻臉!,feijianwendao-wochixihongshi/飛劍問道_html711.html
第二十二篇 第十章 約定,feijianwendao-wochixihongshi/飛劍問道_html712.html
第二十二篇 第十一章 動手,feijianwendao-wochixihongshi/飛劍問道_html713.html
第二十二篇 第十二章 不要臉皮,feijianwendao-wochixihongshi/飛劍問道_html714.html
第二十二篇 第十三章 邀請好友們,feijianwendao-wochixihongshi/飛劍問道_html715.html
第二十二篇 第十四章 收徒大典,feijianwendao-wochixihongshi/飛劍問道_html716.html
第二十二篇 第十五章 安排,feijianwendao-wochixihongshi/飛劍問道_html717.html
第二十二篇 第十六章 師父和徒弟,feijianwendao-wochixihongshi/飛劍問道_html718.html
第二十二篇 第十七章 天劫終臨,feijianwendao-wochixihongshi/飛劍問道_html719.html
第二十二篇 第十八章 渡劫 上,feijianwendao-wochixihongshi/飛劍問道_html720.html
第二十二篇 第十九章 渡劫 下 本篇終,feijianwendao-wochixihongshi/飛劍問道_html721.html
第二十三篇 三界之變 第一章 分身之術,feijianwendao-wochixihongshi/飛劍問道_html722.html
第二十三篇 第二章 四字劍訣,feijianwendao-wochixihongshi/飛劍問道_html723.html
第二十三篇 第三章 戰爭爆發,feijianwendao-wochixihongshi/飛劍問道_html724.html
第二十三篇 第四章 曠日持久,feijianwendao-wochixihongshi/飛劍問道_html725.html
第二十三篇 第五章 煙雨劍派,feijianwendao-wochixihongshi/飛劍問道_html726.html
第二十三篇 第六章 新的天道境,feijianwendao-wochixihongshi/飛劍問道_html727.html
第二十三篇 第七章 參悟,feijianwendao-wochixihongshi/飛劍問道_html728.html
第二十三篇 第八章 陰陽大道,feijianwendao-wochixihongshi/飛劍問道_html729.html
第二十三篇 第九章 碧遊宮新掌教,feijianwendao-wochixihongshi/飛劍問道_html730.html
第二十三篇 第十章 魔祖黑蓮,feijianwendao-wochixihongshi/飛劍問道_html731.html
第二十三篇 第十一章 追殺,feijianwendao-wochixihongshi/飛劍問道_html732.html
第二十三篇 第十二章 星空,修行絕地
第二十三篇 第十三章 結盟,發動!
第二十三篇 第十四章 被追上了,feijianwendao-wochixihongshi/飛劍問道_html735.html
第二十三篇 第十五章 雙方,feijianwendao-wochixihongshi/飛劍問道_html736.html
第二十三篇 第十六章 一個單挑一羣,feijianwendao-wochixihongshi/飛劍問道_html737.html
第二十三篇 第十七章 秦雲出手,feijianwendao-wochixihongshi/飛劍問道_html738.html
第二十三篇 第十八章 怎麼這麼強?,feijianwendao-wochixihongshi/飛劍問道_html739.html
第二十三篇 第十九章 新的三界 大結局,feijianwendao-wochixihongshi/飛劍問道_html740.html
後記,許多年以後
