第1章 他叫白小純,一念永恆_html1.html
第2章 火竈房,一念永恆_html2.html
第3章 六句真言,一念永恆_html3.html
第4章 煉靈,一念永恆_html4.html
第5章 萬一丟了小命咋辦,一念永恆_html5.html
第6章 靈氣上頭,一念永恆_html6.html
第7章 龜紋認主,一念永恆_html7.html
第8章 我和你拼了！,一念永恆_html8.html
第9章 延年益壽丹,一念永恆_html9.html
第10章 師兄別走,一念永恆_html10.html
第11章 侯小妹,一念永恆_html11.html
第12章 籬笆牆上,一念永恆_html12.html
第13章 你也來吧！,一念永恆_html13.html
第14章 三師兄？三師姐？,一念永恆_html14.html
第15章 不死長生功！,一念永恆_html15.html
第16章 心細入微,一念永恆_html16.html
第17章 小烏龜,一念永恆_html17.html
第18章 引領氣氛！,一念永恆_html18.html
第19章 白鼠狼的傳說,一念永恆_html19.html
第20章 一地雞毛,一念永恆_html20.html
第21章 小純哥哥……,一念永恆_html21.html
第22章 師姐放心！,一念永恆_html22.html
第23章 偷雞狂魔,一念永恆_html23.html
第24章 你是誰,一念永恆_html24.html
第25章 不死鐵皮！,一念永恆_html25.html
第26章 靈尾雞好吃麼？,一念永恆_html26.html
第27章 這……這是竹子？,一念永恆_html27.html
第28章 壓力纔是動力,一念永恆_html28.html
第29章 舉重若輕,一念永恆_html29.html
第30章 來吧！,一念永恆_html30.html
第31章 恥辱啊！,一念永恆_html31.html
第32章 運氣逆天,一念永恆_html32.html
第33章 打倒白小純！,一念永恆_html33.html
第34章 草木碾壓,一念永恆_html34.html
第35章 又見許寶財,一念永恆_html35.html
第36章 小烏龜稱霸！,一念永恆_html36.html
第37章 舉輕若重,一念永恆_html37.html
第38章 紫氣化鼎,一念永恆_html38.html
第39章 碾壓……,一念永恆_html39.html
第40章 追求極致,一念永恆_html40.html
第41章 煉靈之效,一念永恆_html41.html
第42章 晉升考覈,一念永恆_html42.html
第43章 很慢……很慢……,一念永恆_html43.html
第44章 天都亮了,一念永恆_html44.html
第45章 弄死你不難！,一念永恆_html45.html
第46章 執法堂的任務！,一念永恆_html46.html
第47章 小純出宗門,一念永恆_html47.html
第48章 這個世界,一念永恆_html48.html
第49章 落陳家族,一念永恆_html49.html
第50章 詭異庭院,一念永恆_html50.html
第51章 馮師兄是個好人啊,一念永恆_html51.html
第52章 落陳叛變,一念永恆_html52.html
第53章 勇氣！,一念永恆_html53.html
第54章 道義在心！,一念永恆_html54.html
第55章 少主陳恆！,一念永恆_html55.html
第56章 相依爲命,一念永恆_html56.html
第57章 我們都要活下去！,一念永恆_html57.html
第58章 困獸猶鬥！,一念永恆_html58.html
第59章 你死我活！,一念永恆_html59.html
第60章 生死激戰,一念永恆_html60.html
第61章 絕命一擊！,一念永恆_html61.html
第62章 牛刀殺雞！,一念永恆_html62.html
第63章 碾壓落陳！,一念永恆_html63.html
第64章 精神與葬禮,一念永恆_html64.html
第65章 守陵人,一念永恆_html65.html
第66章 爲宗門赴湯蹈火,一念永恆_html66.html
第67章 師兄，咱師傅呢？,一念永恆_html67.html
第68章 師侄們，別跑！,一念永恆_html68.html
第69章 白小純，少主讓你去拜見,一念永恆_html69.html
第70章 嗨，李師兄,一念永恆_html70.html
第71章 活着的榮耀苗子,一念永恆_html71.html
第72章 師門有規,一念永恆_html72.html
第73章 是誰幹的！,一念永恆_html73.html
第74章 原來是白小純！,一念永恆_html74.html
第75章 我冤枉啊！！,一念永恆_html75.html
第76章 凝氣八層！,一念永恆_html76.html
第77章 拍賣會,一念永恆_html77.html
第78章 他們是在說我麼,一念永恆_html78.html
第79章 小純，我們信了,一念永恆_html79.html
第80章 張大胖的天賦,一念永恆_html80.html
第81章 念靈古法,一念永恆_html81.html
第82章 南岸天驕,一念永恆_html82.html
第83章 請周長老出馬,一念永恆_html83.html
第84章 難以置信的爆發,一念永恆_html84.html
第85章 他是……第一？,一念永恆_html85.html
第86章 又來這套……,一念永恆_html86.html
第87章 南北外門天驕戰,一念永恆_html87.html
第88章 強悍的北岸,一念永恆_html88.html
第89章 你認輸吧,一念永恆_html89.html
第90章 北岸公敵,一念永恆_html90.html
第91章 瘋狂的北岸,一念永恆_html91.html
第92章 公孫婉兒的絕望,一念永恆_html92.html
第93章 此丹對人也有用,一念永恆_html93.html
第94章 白師叔，我們是自己人,一念永恆_html94.html
第95章 劍，不是這麼用的！,一念永恆_html95.html
第96章 戰鬼牙,一念永恆_html96.html
第97章 我就是張大胖！,一念永恆_html97.html
第98章 龍象化海經,一念永恆_html98.html
第99章 找上門來,一念永恆_html99.html
第100章 還不向你白師叔認錯,一念永恆_html100.html
第101章 水澤國度與元磁翅！,一念永恆_html101.html
第102章 有人在麼？,一念永恆_html102.html
第103章 我要爲宗門做貢獻！,一念永恆_html103.html
第104章 我保證……,一念永恆_html104.html
第105章 動物大越獄！,一念永恆_html105.html
第106章 瘋狂的兔子！,一念永恆_html106.html
第107章 天雷洗藥大法,一念永恆_html107.html
第108章 講義氣的張大胖,一念永恆_html108.html
第109章 紫鼎山的小雨……,一念永恆_html109.html
第110章 發配萬蛇谷,一念永恆_html110.html
第111章 觸摸桎梏,一念永恆_html111.html
第112章 金風玉露一相逢！,一念永恆_html112.html
第113章 要出大事……,一念永恆_html113.html
第114章 李青候懂了……,一念永恆_html114.html
第115章 不！別傳出去,一念永恆_html115.html
第116章 鼻祖驚現！！,一念永恆_html116.html
第117章 寒門藥卷！,一念永恆_html117.html
第118章 不受待見……,一念永恆_html118.html
第119章 春天，我埋下了育獸種,一念永恆_html119.html
第120章 挑戰白小純！,一念永恆_html120.html
第121章 紙鶴飛滿天……,一念永恆_html121.html
第122章 此戰，我接受！,一念永恆_html122.html
第123章 戰！,一念永恆_html123.html
第124章 馭人大法,一念永恆_html124.html
第125章 當年那隻夜行獸……,一念永恆_html125.html
第126章 厚積薄發,一念永恆_html126.html
第127章 魂浮虛無,一念永恆_html127.html
第128章 靈醒！,一念永恆_html128.html
第129章 一根骨刺！,一念永恆_html129.html
第130章 育獸花開,一念永恆_html130.html
第131章 一切爲了奉獻,一念永恆_html131.html
第132章 本源返祖之血,一念永恆_html132.html
第133章 小不點，別試了,一念永恆_html133.html
第134章 陰魂不散……,一念永恆_html134.html
第135章 北岸大爆發！,一念永恆_html135.html
第136章 都來過了,一念永恆_html136.html
第137章 我的戰獸！（第一更）,一念永恆_html137.html
第138章 鐵蛋的愛好……（第二更）,一念永恆_html138.html
求月票,一念永恆_html139.html
第139章 不是我乾的呀（第三更）,一念永恆_html140.html
第140章 築基聖地（第四更）,一念永恆_html141.html
第141章 隕劍深淵！（第一更）,一念永恆_html142.html
第142章 各宗天驕！（第二更）,一念永恆_html143.html
第143章 一定是故意的（第三更）,一念永恆_html144.html
第144章 白爺和你拼了（第四更）,一念永恆_html145.html
第145章 必誅！（第一更）,一念永恆_html146.html
第146章 強悍！（第二更）,一念永恆_html147.html
第147章 怪丹出世！（第三更）,一念永恆_html148.html
致我可愛的讀者們！,一念永恆_html149.html
第148章 哥哥，陪我玩吧,一念永恆_html150.html
第149章 只看白師叔想不想了,一念永恆_html151.html
第150章 哥哥有事……,一念永恆_html152.html
第151章 白小純，你和我鬥？！,一念永恆_html153.html
第152章 你無恥！你才無恥！,一念永恆_html154.html
第153章 潮汐，開始！,一念永恆_html155.html
第154章 大道爭鋒！,一念永恆_html156.html
第155章 破第一桎梏！,一念永恆_html157.html
第156章 要殺我？！,一念永恆_html158.html
第157章 逆勢而上！,一念永恆_html159.html
第158章 靈溪宗，守護白小純！,一念永恆_html160.html
第159章 不死金皮！,一念永恆_html161.html
第160章 斬天驕！,一念永恆_html162.html
第161章 廢你潮汐！,一念永恆_html163.html
第162章 天脈之氣！,一念永恆_html164.html
第163章 你爭我奪！,一念永恆_html165.html
第164章 那又如何！,一念永恆_html166.html
第165章 奪天脈！,一念永恆_html167.html
第166章 天道築基！,一念永恆_html168.html
第167章 九幽鬼域！,一念永恆_html169.html
第168章 微服私訪……,一念永恆_html170.html
第169章 侯某從不說假話,一念永恆_html171.html
第170章 凌菲仙子,一念永恆_html172.html
第171章 刺殺白小純！,一念永恆_html173.html
第172章 白小純，對不起！,一念永恆_html174.html
第173章 這個世界！,一念永恆_html175.html
第174章 星空道極宗！,一念永恆_html176.html
第175章 請白師兄自重,一念永恆_html177.html
第176章 唯一隱藏傳承！,一念永恆_html178.html
第177章 通天法眼！,一念永恆_html179.html
第178章 小面具，和白爺躲貓貓？,一念永恆_html180.html
第179章 我告訴你一個秘密,一念永恆_html181.html
第180章 莫非是天意……,一念永恆_html182.html
第181章 無人能鎮壓……,一念永恆_html183.html
第182章 我的寶珠……,一念永恆_html184.html
第183章 我很快就回來……,一念永恆_html185.html
第184章 這怎麼可能！！,一念永恆_html186.html
第185章 血溪宗秘,一念永恆_html187.html
第186章 修行寶地！,一念永恆_html188.html
第187章 宋缺有個小姑……,一念永恆_html189.html
第188章 養屍坊,一念永恆_html190.html
第189章 大變毛髮,一念永恆_html191.html
第190章 綠毛護主,一念永恆_html192.html
第191章 屍峰有賞,一念永恆_html193.html
第192章 血崖試煉,一念永恆_html194.html
第193章 吃獨食……,一念永恆_html195.html
第194章 看見本護法，還不拜見！,一念永恆_html196.html
第195章 我選擇宋姐姐的中峰,一念永恆_html197.html
第196章 神秘世界,一念永恆_html198.html
第197章 中峰秘術！,一念永恆_html199.html
第198章 是誰暗算我！,一念永恆_html200.html
第199章 血梅的洞府……,一念永恆_html201.html
第200章 血梅少主，好巧…,一念永恆_html202.html
第201章 我白小純……,一念永恆_html203.html
第202章 兔子急了！,一念永恆_html204.html
第203章 真以爲我怕了你們！,一念永恆_html205.html
第204章 逆血返祖！,一念永恆_html206.html
第205章 真是一個好宗門啊,一念永恆_html207.html
第206章 兇名赫赫,一念永恆_html208.html
第207章 夜魔遠播……,一念永恆_html209.html
第208章 宋姐姐救我,一念永恆_html210.html
第209章 會不會被滅口……,一念永恆_html211.html
第210章 絕世妖孽……,一念永恆_html212.html
第211章 血溪宗的遲疑,一念永恆_html213.html
第212章 小小哼哼子！,一念永恆_html214.html
第213章 我回來了……,一念永恆_html215.html
第214章 掐指一算！,一念永恆_html216.html
第215章 無所不知！,一念永恆_html217.html
第216章 王獸之威！,一念永恆_html218.html
第217章 談判破裂！,一念永恆_html219.html
第218章 築基中期,一念永恆_html220.html
第219章 聖丹殘壁,一念永恆_html221.html
第220章 萬物草木道,一念永恆_html222.html
第221章 我要煉藥！,一念永恆_html223.html
第222章 丹爐滿天飛,一念永恆_html224.html
第223章 這樣不算叛宗吧,一念永恆_html225.html
第224章 夜葬，跟我回家！,一念永恆_html226.html
第225章 一切放心,一念永恆_html227.html
第226章 神秘的黑氣……,一念永恆_html228.html
第227章 請問……你也是仙草麼？,一念永恆_html229.html
第228章 瘟魔之稱，名揚天下,一念永恆_html230.html
第229章 她若用強……怎麼辦,一念永恆_html231.html
第230章 我作爲長輩，也有不對的地方……,一念永恆_html232.html
第231章 四鬼之力,一念永恆_html233.html
第232章 咦？你怎麼不說了？,一念永恆_html234.html
第233章 真的不會炸？,一念永恆_html235.html
第234章 瘟魔來了,一念永恆_html236.html
第235章 小黑，吸了它！,一念永恆_html237.html
第236章 少澤峰的巨響,一念永恆_html238.html
第237章 五階靈藥！,一念永恆_html239.html
第238章 要不要截留呢……,一念永恆_html240.html
第239章 我太正直了,一念永恆_html241.html
第240章 血魔就是血主！,一念永恆_html242.html
第241章 血子試煉！,一念永恆_html243.html
第242章 夜葬，殺你者，賈烈！,一念永恆_html244.html
第243章 滿滿的惡意啊,一念永恆_html245.html
第244章 不公平！,一念永恆_html246.html
第245章 第二關,一念永恆_html247.html
第246章 這是什麼？,一念永恆_html248.html
第247章 走開啊，別跟着我,一念永恆_html249.html
第248章 居然給他吃了！！,一念永恆_html250.html
第249章 殺！,一念永恆_html251.html
第250章 我的計劃,一念永恆_html252.html
第251章 這一次真的不怪我,一念永恆_html253.html
第252章 十鬼天妖身！,一念永恆_html254.html
第253章 時辰到來！,一念永恆_html255.html
第254章 碎喉鎖再現！,一念永恆_html256.html
第255章 你是白小純？！,一念永恆_html257.html
第256章 小肚肚！！,一念永恆_html258.html
第257章 中峰血光！,一念永恆_html259.html
第258章 記憶，就是傳承！,一念永恆_html260.html
第259章 第二血祖！,一念永恆_html261.html
第260章 杜血梅，你出來！,一念永恆_html262.html
第261章 老祖義子！,一念永恆_html263.html
第262章 閨房盜寶！,一念永恆_html264.html
第263章 延時的意外……,一念永恆_html265.html
第264章 龜殼,一念永恆_html266.html
第265章 我回來了！,一念永恆_html267.html
第266章 你們一定很想我,一念永恆_html268.html
第267章 我們相信……,一念永恆_html269.html
第268章 誓殺夜葬,一念永恆_html270.html
第269章 若有所思,一念永恆_html271.html
第270章 真空妙有,一念永恆_html272.html
第271章 鐵蛋在手，靈溪我有,一念永恆_html273.html
第272章 周心琪，白某送你一場緣法,一念永恆_html274.html
第273章 也曾少年輕狂過！,一念永恆_html275.html
第274章 落陳大陣！,一念永恆_html276.html
第275章 種道第九陣,一念永恆_html277.html
第276章 陣法完成！,一念永恆_html278.html
第277章 血溪宗……到來！,一念永恆_html279.html
第278章 就憑我是中峰血子！,一念永恆_html280.html
第279章 老祖，不要再戰了！,一念永恆_html281.html
第280章 血溪宗，給我回去！,一念永恆_html282.html
第281章 我真的懂了！,一念永恆_html283.html
第282章 現在，可以聽我說話了麼！,一念永恆_html284.html
第283章 旱炎出手！,一念永恆_html285.html
第284章 千面子！,一念永恆_html286.html
第285章 早上……好……,一念永恆_html287.html
第286章 女人太可怕了！,一念永恆_html288.html
第287章 天上的鳥是什麼鳥……,一念永恆_html289.html
第288章 老祖，我要去戰場！,一念永恆_html290.html
第289章 玄溪境內！,一念永恆_html291.html
第290章 中峰血子，法力無邊，靈溪天脈，威,一念永恆_html292.html
第291章 我要……煉藥！,一念永恆_html293.html
第292章 瘟魔肆虐！,一念永恆_html294.html
第293章 踏入前線,一念永恆_html295.html
第294章 拿去玩！,一念永恆_html296.html
第295章 你是活得？！,一念永恆_html297.html
第296章 殺千刀的小烏龜，我恨你！,一念永恆_html298.html
第297章 金鱷前輩，您聽我說！,一念永恆_html299.html
第298章 合陣！,一念永恆_html300.html
第299章 化身之威！,一念永恆_html301.html
第300章 衝冠一怒！,一念永恆_html302.html
第301章 戰場楊威！,一念永恆_html303.html
第302章 戰林墓！,一念永恆_html304.html
第303章 強悍肉身！,一念永恆_html305.html
第304章 斬林墓,一念永恆_html306.html
第305章 天角斬牛！,一念永恆_html307.html
第306章 目標...白小純！,一念永恆_html308.html
第307章 陽烏陰鴉,一念永恆_html309.html
第308章 玄溪降！,一念永恆_html310.html
第309章 杜血梅，拜見血子！,一念永恆_html311.html
第310章 那道……疤痕！！,一念永恆_html312.html
第311章 此事，弟子當仁不讓！,一念永恆_html313.html
第312章 逆河宗成立！,一念永恆_html314.html
第313章 宗門在，我在！,一念永恆_html315.html
第314章 兩宗之秘！,一念永恆_html316.html
第315章 真靈開眼！,一念永恆_html317.html
第316章 我就是小烏龜！,一念永恆_html318.html
第317章 你全家都是小蝌蚪,一念永恆_html319.html
第318章 吞了……,一念永恆_html320.html
第319章 永夜傘！,一念永恆_html321.html
第320章 永夜傘威！,一念永恆_html322.html
第321章 小小蛤蟆怪,一念永恆_html323.html
第322章 齊聚血溪！,一念永恆_html324.html
第323章 融竅開祖,一念永恆_html325.html
第324章 血祖開眼！,一念永恆_html326.html
第325章 目標，中游！！,一念永恆_html327.html
第326章 修爲突破！,一念永恆_html328.html
第327章 空榕邪樹！,一念永恆_html329.html
第328章 攻空河院,一念永恆_html330.html
第329章 釘邪樹！,一念永恆_html331.html
第330章 築基不滅,一念永恆_html332.html
第331章 一定有人保護我,一念永恆_html333.html
第332章 鳳鳥悽鳴,一念永恆_html334.html
第333章 全面碾壓！,一念永恆_html335.html
第334章 斬殺！,一念永恆_html336.html
第335章 斬結丹！,一念永恆_html337.html
第336章 金陽之丹！,一念永恆_html338.html
第337章 天道金丹！,一念永恆_html339.html
第338章 觸摸第二層桎梏！,一念永恆_html340.html
第339章 一掌滅結丹！,一念永恆_html341.html
第340章 真靈甦醒！,一念永恆_html342.html
第341章 不死金剛丹！,一念永恆_html343.html
第342章 再無空河院，惟尊逆河宗,一念永恆_html344.html
第343章 百廢俱興,一念永恆_html345.html
第344章 不乾淨的東西……,一念永恆_html346.html
第345章 神秘勢力再次出現！,一念永恆_html347.html
第346章 當學舌兔不再學舌……,一念永恆_html348.html
第347章 兔子的弱點……,一念永恆_html349.html
第348章 一封情書……,一念永恆_html350.html
第349章 你說謊！,一念永恆_html351.html
第350章 來我洞府坐坐……,一念永恆_html352.html
第351章 白師兄，你進來吧,一念永恆_html353.html
第352章 所謂莽荒！,一念永恆_html354.html
第353章 指向星空道極！,一念永恆_html355.html
第354章 鐵蛋渡劫！,一念永恆_html356.html
第355章 王獸紫丹！,一念永恆_html357.html
第356章 惡意而來,一念永恆_html358.html
第357章 囂張跋扈！,一念永恆_html359.html
第358章 仗勢欺人！,一念永恆_html360.html
第359章 去去去，我去！,一念永恆_html361.html
第360章 只有一個？,一念永恆_html362.html
第361章 傳承開啓！,一念永恆_html363.html
第362章 我拿到一個就行,一念永恆_html364.html
第363章 欺負人啊！,一念永恆_html365.html
第364章 那是什麼……,一念永恆_html366.html
第365章 無恥，作弊！,一念永恆_html367.html
第366章 人山訣！,一念永恆_html368.html
第367章 我給你們解釋一下,一念永恆_html369.html
第368章 一個印記……,一念永恆_html370.html
第369章 白小純，我要殺了你！,一念永恆_html371.html
第370章 老祖救命……,一念永恆_html372.html
第371章 他們在喊我（第三更）,一念永恆_html373.html
第372章 三息逆河丹！,一念永恆_html374.html
第373章 質子！,一念永恆_html375.html
第374章 白小純的護道者……,一念永恆_html376.html
第375章 不請自來,一念永恆_html377.html
第376章 天尊！,一念永恆_html378.html
第377章 我會回來的！,一念永恆_html379.html
第378章 星空道極宗,一念永恆_html380.html
第379章 我餓了,一念永恆_html381.html
第380章 走投無路,一念永恆_html382.html
第381章 超級辟穀丹！,一念永恆_html383.html
第382章 引起關注,一念永恆_html384.html
第383章 心機手段,一念永恆_html385.html
第384章 再遇神算子,一念永恆_html386.html
第385章 還不納頭來拜？,一念永恆_html387.html
第386章 致幻丹,一念永恆_html388.html
第387章 青龍崛起,一念永恆_html389.html
第388章 人竟能這麼活,一念永恆_html390.html
第389章 今夜，將那白藥師擒來,一念永恆_html391.html
第390章 道友，你是張大海麼？,一念永恆_html392.html
第391章 護道重逢,一念永恆_html393.html
第392章 被舉報了……,一念永恆_html394.html
第393章 空域彩虹,一念永恆_html395.html
第394章 杜凌菲再現！！,一念永恆_html396.html
第395章 重整旗鼓！,一念永恆_html397.html
第396章 長生客棧,一念永恆_html398.html
第397章 金丹中期！,一念永恆_html399.html
第398章 宋缺的夢想……,一念永恆_html400.html
第399章 缺兒，是你！,一念永恆_html401.html
第400章 何人如此大膽！,一念永恆_html402.html
第401章 欺上家門！,一念永恆_html403.html
第402章 你敢傷我！,一念永恆_html404.html
第403章 我是質子！,一念永恆_html405.html
第404章 送你上天……,一念永恆_html406.html
第405章 空域,一念永恆_html407.html
第406章 降……降魔堂？,一念永恆_html408.html
第407章 這裡纔是廣場！,一念永恆_html409.html
第408章 執行任務……,一念永恆_html410.html
第409章 馮有德的驚喜！,一念永恆_html411.html
第410章 你……你在說我？,一念永恆_html412.html
第411章 小純大怒,一念永恆_html413.html
第412章 宗門對我太好了,一念永恆_html414.html
第413章 小純，降魔堂是你的家,一念永恆_html415.html
第414章 誰敢要白小純小命！,一念永恆_html416.html
第415章 星空道極榜,一念永恆_html417.html
第416章 萬山谷,一念永恆_html418.html
第417章 山有靈,一念永恆_html419.html
第418章 排名爲尊,一念永恆_html420.html
第419章 瞧不起我！,一念永恆_html421.html
第420章 好暖和啊,一念永恆_html422.html
第421章 他在游泳？,一念永恆_html423.html
第422章 沒有休止,一念永恆_html424.html
第423章 奇異試煉,一念永恆_html425.html
第424章 守護者怒了,一念永恆_html426.html
第425章 不正經的橋,一念永恆_html427.html
第426章 欺負人啊！,一念永恆_html428.html
第427章 你們不用勸我了！,一念永恆_html429.html
第428章 人與山融,一念永恆_html430.html
第429章 我也能！,一念永恆_html431.html
第430章 主人，你放過我吧！,一念永恆_html432.html
第431章 急火攻心！,一念永恆_html433.html
第432章 六個時辰,一念永恆_html434.html
第433章 重闖星空榜！,一念永恆_html435.html
第434章 聚魂丹威！,一念永恆_html436.html
第435章 戰公孫婉兒！,一念永恆_html437.html
第436章 國度裂塑！,一念永恆_html438.html
第437章 修爲突破！,一念永恆_html439.html
第438章 我只有一個願望,一念永恆_html440.html
第439章 非同尋常的逆河宗,一念永恆_html441.html
第440章 獵魂試煉,一念永恆_html442.html
第441章 杜凌菲現身！,一念永恆_html443.html
第442章 登船,一念永恆_html444.html
第443章 第一趙天驕,一念永恆_html445.html
第444章 現在，我可以好好吃飯了,一念永恆_html446.html
第445章 今晚可以吃飯嗎？,一念永恆_html447.html
第446章 不乾淨的東西又來了！,一念永恆_html448.html
第447章 白師弟，借一步說話,一念永恆_html449.html
第448章 原來你是這種人…,一念永恆_html450.html
第449章 贏字訣！,一念永恆_html451.html
第450章 情聖白小純,一念永恆_html452.html
第451章 百變天驕,一念永恆_html453.html
第452章 小純，我聽你的！,一念永恆_html454.html
第453章 放心，一起有我,一念永恆_html455.html
第454章 師姐聽我說,一念永恆_html456.html
第455章 白影如魅,一念永恆_html457.html
第456章 趙師兄，你受傷了！,一念永恆_html458.html
第457章 小純，我承受不住了,一念永恆_html459.html
第458章 表白……,一念永恆_html460.html
第459章 有本事啊,一念永恆_html461.html
第460章 上岸,一念永恆_html462.html
第461章 你們等着！,一念永恆_html463.html
第462章 界城,一念永恆_html464.html
第463章 巨人殘骨,一念永恆_html465.html
第464章 蠻荒雲獸,一念永恆_html466.html
第465章 威嚴長城！,一念永恆_html467.html
第466章 剝皮軍,一念永恆_html468.html
第467章 土著巨人！,一念永恆_html469.html
第468章 煉魂師！,一念永恆_html470.html
第469章 誰說我怕了？,一念永恆_html471.html
第470章 你真想加入剝皮軍麼？,一念永恆_html472.html
第471章 徵你十年！,一念永恆_html473.html
第472章 你也欺負我！,一念永恆_html474.html
第473章 煉藥，能出什麼事,一念永恆_html475.html
第474章 有個老頭，得罪我了,一念永恆_html476.html
第475章 要炸啦！,一念永恆_html477.html
第476章 這是什麼法寶！,一念永恆_html478.html
第477章 白小純，你知道你幹了什麼嗎,一念永恆_html479.html
第478章 十三個！,一念永恆_html480.html
第479章 晉升十夫長,一念永恆_html481.html
第480章 中飽私囊……,一念永恆_html482.html
第481章 季風,一念永恆_html483.html
第482章 他的丹爐，將成爲歷史！,一念永恆_html484.html
第483章 白小純怒了！,一念永恆_html485.html
第484章 萬靈駭然發情丹！,一念永恆_html486.html
第485章 全世界通緝白小純！,一念永恆_html487.html
第486章 聚魂丹大成！,一念永恆_html488.html
第487章 丹威！,一念永恆_html489.html
第488章 刺殺！,一念永恆_html490.html
第489章 這個可以有！,一念永恆_html491.html
第490章 戰仙鼓！,一念永恆_html492.html
第491章 百部之戰,一念永恆_html493.html
第492章 聚魂驚威！,一念永恆_html494.html
第493章 死不足惜,一念永恆_html495.html
第494章 白魔,一念永恆_html496.html
第495章 我認識你們頭領,一念永恆_html497.html
第496章 拼命！,一念永恆_html498.html
第497章 還有誰想死！,一念永恆_html499.html
第498章 寒界！,一念永恆_html500.html
第499章 強戰撼衆！,一念永恆_html501.html
第500章 欲斬元嬰！,一念永恆_html502.html
第501章 這怎麼可能！,一念永恆_html503.html
第502章 晉升千夫長！,一念永恆_html504.html
第503章 五軍搶人,一念永恆_html505.html
第504章 金丹大圓滿！,一念永恆_html506.html
第505章 真正不死禁！,一念永恆_html507.html
第506章 我也要成爲萬夫長！,一念永恆_html508.html
第507章 莫非要勾引紅塵女……,一念永恆_html509.html
第508章 自己發佈任務……,一念永恆_html510.html
第509章 這是明搶啊,一念永恆_html511.html
第510章 它們看不到我！,一念永恆_html512.html
第511章 來啊，誰敢動手！,一念永恆_html513.html
第512章 此魂，我要獻給巨鬼王！,一念永恆_html514.html
第513章 老子是官兵！,一念永恆_html515.html
第514章 乖，拿着丹藥,一念永恆_html516.html
第515章 我死也不去！,一念永恆_html517.html
第516章 他莫非是天人？,一念永恆_html518.html
第517章 一切爲了萬夫長！,一念永恆_html519.html
第518章 大魂？！,一念永恆_html520.html
第519章 黑色光柱！,一念永恆_html521.html
第520章 祭獻冤魂,一念永恆_html522.html
第521章 真靈護食,一念永恆_html523.html
第522章 晉升萬夫長！,一念永恆_html524.html
第523章 執掌第三軍,一念永恆_html525.html
第524章 得意的宋缺,一念永恆_html526.html
第525章 換了萬夫長？,一念永恆_html527.html
第526章 萬夫長居然是你？！,一念永恆_html528.html
第527章 他還是個孩子,一念永恆_html529.html
第528章 錦衣界城,一念永恆_html530.html
第529章 學會一招,一念永恆_html531.html
第530章 彷彿看到了自己,一念永恆_html532.html
第531章 我委屈啊,一念永恆_html533.html
第532章 出大事了,一念永恆_html534.html
第533章 天人魂的消息！,一念永恆_html535.html
第534章 名單,一念永恆_html536.html
第535章 逼人太甚！,一念永恆_html537.html
第536章 白魔來了！,一念永恆_html538.html
第537章 小純快跑,一念永恆_html539.html
第538章 來者不善,一念永恆_html540.html
第539章 九色火！,一念永恆_html541.html
第540章 紅帽子，綠帽子，我們是一羣小帽子,一念永恆_html542.html
第541章 紅腦袋，綠腦袋，我們最喜歡白腦袋,一念永恆_html543.html
第542章 血饅頭,一念永恆_html544.html
第543章 血肉祭！,一念永恆_html545.html
第544章 爺爺叫週一星！,一念永恆_html546.html
第545章 金紋箭！,一念永恆_html547.html
第546章 噓……,一念永恆_html548.html
第547章 我先走了……噓……,一念永恆_html549.html
第548章 白小純，你也有今天！,一念永恆_html550.html
第549章 我背後……有人！,一念永恆_html551.html
第550章 我會乖乖的……,一念永恆_html552.html
第551章 試煉之地,一念永恆_html553.html
第552章 煉靈？！,一念永恆_html554.html
第553章 神秘莫測！,一念永恆_html555.html
第554章 極致！,一念永恆_html556.html
第555章 第三層！,一念永恆_html557.html
第556章 天人魂到手！,一念永恆_html558.html
第557章 紅塵姐姐聽我解釋,一念永恆_html559.html
第558章 打不死……,一念永恆_html560.html
第559章 這是什麼獸！,一念永恆_html561.html
第560章 天人魂，融！,一念永恆_html562.html
第561章 獸爪撕天！,一念永恆_html563.html
第562章 銷聲匿跡,一念永恆_html564.html
第563章 有緣的一對人……,一念永恆_html565.html
第564章 煉魂師！,一念永恆_html566.html
第565章 煉魂，就是煉靈！,一念永恆_html567.html
第566章 我恨姓白的！,一念永恆_html568.html
第567章 來啊，誰怕誰啊！,一念永恆_html569.html
第568章 你快讓它停下！,一念永恆_html570.html
第569章 煉火之法,一念永恆_html571.html
第570章 你到底是誰！,一念永恆_html572.html
第571章 我就不信了！,一念永恆_html573.html
第572章 白道友救命！,一念永恆_html574.html
第573章 冥皇繼承人,一念永恆_html575.html
第574章 煉靈自身元嬰！,一念永恆_html576.html
第575章 瞅你咋地！,一念永恆_html577.html
第576章 欺負人……,一念永恆_html578.html
第577章 黃品煉魂師！,一念永恆_html579.html
第578章 重印面具！,一念永恆_html580.html
第579章 半神魂！,一念永恆_html581.html
第580章 殺手鐗,一念永恆_html582.html
第581章 東郊白家,一念永恆_html583.html
第582章 庶子白浩,一念永恆_html584.html
第583章 發現端倪！,一念永恆_html585.html
第584章 天資絕倫！,一念永恆_html586.html
第585章 我要他死！,一念永恆_html587.html
第586章 你，太讓人失望了,一念永恆_html588.html
第587章 引蛇出洞！,一念永恆_html589.html
第588章 祖地欲啓,一念永恆_html590.html
第589章 天降火雨,一念永恆_html591.html
第590章 天火神通,一念永恆_html592.html
第591章 我不懂！,一念永恆_html593.html
第592章 冷酷白父！,一念永恆_html594.html
第593章 祭祖考覈,一念永恆_html595.html
第594章 要忍住,一念永恆_html596.html
抑鬱苦悶、無所適從、一吐爲快、不再贅述,一念永恆_html597.html
第595章 白小純的答案！,一念永恆_html598.html
第596章 口誅筆伐！,一念永恆_html599.html
第597章 神棍傳道,一念永恆_html600.html
第598章 祖地開,一念永恆_html601.html
第599章 天人魂！,一念永恆_html602.html
第600章 五姐。你要什麼？,一念永恆_html603.html
第601章 你敢要，我就敢給,一念永恆_html604.html
第602章 白浩，你該死！,一念永恆_html605.html
第603章 殺我就是叛族,一念永恆_html606.html
第604章 掌落齊亡,一念永恆_html607.html
第605章 收穫天人魂,一念永恆_html608.html
第606章 萬衆煉火,一念永恆_html609.html
第607章 請開始你的表演,一念永恆_html610.html
第608章 老祖出手,一念永恆_html611.html
第609章 逃出白家,一念永恆_html612.html
第610章 逆子，給我死,一念永恆_html613.html
第611章 壓打白父,一念永恆_html614.html
第612章 我的天啊,一念永恆_html615.html
第613章 白父駭然,一念永恆_html616.html
第614章 生擒！,一念永恆_html617.html
第615章 本王偏要讓他活,一念永恆_html618.html
第616章 老祖親臨,一念永恆_html619.html
第617章 再戰天人！,一念永恆_html620.html
第618章 天王旨,一念永恆_html621.html
第619章 巨鬼城,一念永恆_html622.html
第620章 我想遠走高飛…,一念永恆_html623.html
第621章 魔牢,一念永恆_html624.html
第622章 面對現實……,一念永恆_html625.html
第623章 隊長，他們這是要幹嘛去？,一念永恆_html626.html
第624章 我白小純那麼的單純,一念永恆_html627.html
第625章 老魔，祝你破記錄,一念永恆_html628.html
第626章 晉升鞭手……,一念永恆_html629.html
第627章 分贓……,一念永恆_html630.html
第628章 橫掃丁區……,一念永恆_html631.html
第629章 神秘老者,一念永恆_html632.html
第630章 太霸道了,一念永恆_html633.html
第631章 等換天，就好了,一念永恆_html634.html
第632章 一不做二不休……,一念永恆_html635.html
第633章 認識我也沒用！,一念永恆_html636.html
第634章 你奈我何,一念永恆_html637.html
第635章 十四色火，成！,一念永恆_html638.html
第636章 全身是寶……,一念永恆_html639.html
第637章 蔡家族老,一念永恆_html640.html
第638章 你想速死麼！,一念永恆_html641.html
第639章 自信的巨鬼王！,一念永恆_html642.html
第640章 我聞到了寶物的味道,一念永恆_html643.html
第641章 天王旨！,一念永恆_html644.html
第642章 強悍的陸世友,一念永恆_html645.html
第643章 大秘密啊！,一念永恆_html646.html
第644章 叛亂驚起！！,一念永恆_html647.html
第645章 巨鬼王的遊戲！,一念永恆_html648.html
第646章 我們去打劫他！,一念永恆_html649.html
第647章 好刺激……,一念永恆_html650.html
第648章 人形盾牌啊,一念永恆_html651.html
第649章 弟650章 悲催的巨鬼王……,一念永恆_html652.html
第650章 老祖英明~,一念永恆_html653.html
第651章 半神魂爆！,一念永恆_html654.html
第652章 這是個瘋子！,一念永恆_html655.html
第653章 這禁制真毒啊！,一念永恆_html656.html
第654章 萬嬰血幡！,一念永恆_html657.html
第655章 我陣法多了！,一念永恆_html658.html
第656章 我還能用99次！,一念永恆_html659.html
第657章 需要下點血本,一念永恆_html660.html
第658章 奢侈戰,一念永恆_html661.html
第659章 鬼王魂血！,一念永恆_html662.html
第660章 逃出鬼王城！,一念永恆_html663.html
第661章 老哥，我是爲了救你啊,一念永恆_html664.html
第662章 害怕也不慫！,一念永恆_html665.html
第663章 遊戲結束,一念永恆_html666.html
第664章 千穿萬穿,一念永恆_html667.html
第665章 將叛亂者，拿下！,一念永恆_html668.html
第666章 白總管,一念永恆_html669.html
第667章 目標：天道元嬰！,一念永恆_html670.html
第668章 天道元嬰！,一念永恆_html671.html
第669章 凡道元嬰全境無敵！,一念永恆_html672.html
第670章 自己煮自己……,一念永恆_html673.html
第671章 冥皇石榜風雲動！,一念永恆_html674.html
第672章 讓人抓狂的攀升……,一念永恆_html675.html
第673章 徹底轟動,一念永恆_html676.html
第674章 這個老色鬼！,一念永恆_html677.html
第675章 抄家,一念永恆_html678.html
第676章 請白總管鑑賞……,一念永恆_html679.html
第677章 暗渡也沒用,一念永恆_html680.html
第678章 你這是搶奪！,一念永恆_html681.html
第679章 好大一口鍋,一念永恆_html682.html
第680章 殺！,一念永恆_html683.html
第681章 漸變,一念永恆_html684.html
第682章 白浩，你糊塗！,一念永恆_html685.html
第683章 實力再漲,一念永恆_html686.html
第684章 鬼王花開,一念永恆_html687.html
第685章 又要見我？,一念永恆_html688.html
第686章 王爺放心！,一念永恆_html689.html
第687章 故人,一念永恆_html690.html
第688章 他們要殺我？！,一念永恆_html691.html
第689章 巨鬼王你奶奶個腿兒！,一念永恆_html692.html
第690章 不行，我要報仇！,一念永恆_html693.html
第691章 你坑我也坑！,一念永恆_html694.html
第692章 老鷹抓小雞....,一念永恆_html695.html
第693章 白浩之魂！,一念永恆_html696.html
第694章 碾壓衆強！,一念永恆_html697.html
第695章 不滅帝拳！,一念永恆_html698.html
第696章 白浩你別走,一念永恆_html699.html
第697章 皇族秘法,一念永恆_html700.html
第698章 誰是磨石！,一念永恆_html701.html
第699章 我還真突破了啊！,一念永恆_html702.html
第700章 半步天人也鎮壓！,一念永恆_html703.html
第701章 掉地上了……,一念永恆_html704.html
第702章 快跑啊！,一念永恆_html705.html
第703章 老子回來了！,一念永恆_html706.html
第704章 你究竟幹了什麼事……,一念永恆_html707.html
第705章 目瞪口呆的巨鬼王,一念永恆_html708.html
第706章 你我相遇，是緣分……,一念永恆_html709.html
第707章 我是你的師尊！,一念永恆_html710.html
第708章 爲師叫做白小純,一念永恆_html711.html
第709章 裝傻充愣,一念永恆_html712.html
第710章 小純爆了……,一念永恆_html713.html
第711章 啊？這麼急……,一念永恆_html714.html
第712章 魁皇城！,一念永恆_html715.html
第713章 紫陌紅塵拂面來,一念永恆_html716.html
第714章 我是你未婚夫……,一念永恆_html717.html
第715章 好漢不吃眼前虧,一念永恆_html718.html
第716章 爲師有經驗吧,一念永恆_html719.html
第717章 大家別衝動,一念永恆_html720.html
第718章 師尊，你看那裡……,一念永恆_html721.html
第719章 冥皇拳,一念永恆_html722.html
第720章 一間煉靈鋪,一念永恆_html723.html
第721章 相依爲命的師徒,一念永恆_html724.html
第722章 來了個托兒……,一念永恆_html725.html
第723章 樹欲靜風不止,一念永恆_html726.html
第724章 讓他滾出魁皇城,一念永恆_html727.html
第725章 算錯帳了,一念永恆_html728.html
第726章 我最恨耍賴的！,一念永恆_html729.html
第727章 天公算個鳥！,一念永恆_html730.html
第728章 還降服不了你？,一念永恆_html731.html
第729章 世子出手,一念永恆_html732.html
第730章 夾中間了,一念永恆_html733.html
第731章 不就是商戰麼,一念永恆_html734.html
第732章 放毒…,一念永恆_html735.html
第733章 小點聲！,一念永恆_html736.html
第734章 都給我住手！,一念永恆_html737.html
第735章 控制節奏…,一念永恆_html738.html
第736章 好人做到底,一念永恆_html739.html
第737章 老夫要來挑戰你！,一念永恆_html740.html
第738章 賭了！,一念永恆_html741.html
第739章 勢均力敵,一念永恆_html742.html
第740章 融火境界！,一念永恆_html743.html
第741章 別開生面,一念永恆_html744.html
第742章 震撼全城！,一念永恆_html745.html
第743章 白大師！,一念永恆_html746.html
第744章 又來了…,一念永恆_html747.html
第745章 大黑是誰…,一念永恆_html748.html
第746章 我們去爲民除害！,一念永恆_html749.html
第747章 小純大怒！,一念永恆_html750.html
第748章 勢如破竹！,一念永恆_html751.html
第749章 第九重天！,一念永恆_html752.html
第750章 皇族秘陣,一念永恆_html753.html
第751章 天人一拳！！,一念永恆_html754.html
第752章 蠻荒克我啊,一念永恆_html755.html
第753章 天隨人願,一念永恆_html756.html
第754章 我不是白浩…,一念永恆_html757.html
第755章 我…監察使？,一念永恆_html758.html
第756章 你敢不敢！,一念永恆_html759.html
第757章 難道此地鬧鬼！,一念永恆_html760.html
第758章 我們是自己人,一念永恆_html761.html
第759章 監察底蘊！,一念永恆_html762.html
第760章 你們認識我？,一念永恆_html763.html
第761章 聽說你擅長抄家！,一念永恆_html764.html
第762章 你知不知罪,一念永恆_html765.html
第763章 李家掙扎！,一念永恆_html766.html
第764章 本大人喜歡養花,一念永恆_html767.html
第765章 來自後院的一聲吼,一念永恆_html768.html
第766章 你知道我姑父是誰麼！！,一念永恆_html769.html
第767章 萬人坑！,一念永恆_html770.html
第768章 陳天公，你敢動一下試試,一念永恆_html771.html
第769章 卑職有一計,一念永恆_html772.html
第770章 祭祖之日,一念永恆_html773.html
第771章 有本事來打一架！,一念永恆_html774.html
第772章 當代魁皇,一念永恆_html775.html
第773章 陛下，我搶了一個天人魂！,一念永恆_html776.html
第774章 這白浩真不是個東西……,一念永恆_html777.html
第775章 坑死你……,一念永恆_html778.html
第776章 十八火配方！,一念永恆_html779.html
第777章 雁過拔毛,一念永恆_html780.html
第778章 可憐的孩子,一念永恆_html781.html
第779章 抄家上癮,一念永恆_html782.html
第780章 暗流急現,一念永恆_html783.html
第781章 煉十八色火,一念永恆_html784.html
第782章 驚變！,一念永恆_html785.html
第783章 煞氣滔天,一念永恆_html786.html
第784章 巨鬼王的溫暖,一念永恆_html787.html
第785章 大天師，卑職有一計！,一念永恆_html788.html
第786章 庶子毒計！,一念永恆_html789.html
第787章 衆恩令！,一念永恆_html790.html
第788章 銀甲屍傀,一念永恆_html791.html
第789章 恩令起！,一念永恆_html792.html
第790章 這白浩瘋了,一念永恆_html793.html
第791章 滿城風雨,一念永恆_html794.html
第792章 天公家族,一念永恆_html795.html
第793章 天公也給我忍！,一念永恆_html796.html
第794章 找到線索！,一念永恆_html797.html
第795章 殺向周家！,一念永恆_html798.html
第796章 殺滅崩！,一念永恆_html799.html
第797章 我也給你十息！,一念永恆_html800.html
第798章 白浩，你騙我！,一念永恆_html801.html
第799章 師徒團聚,一念永恆_html802.html
第800章 你是故意的吧,一念永恆_html803.html
第801章 大天師召見,一念永恆_html804.html
第802章 和我鬥？,一念永恆_html805.html
第803章 羣起攻之,一念永恆_html806.html
第804章 殿內煉火！,一念永恆_html807.html
第805章 震撼公侯！,一念永恆_html808.html
第806章 地品雷火劫,一念永恆_html809.html
第807章 有本事再來一個,一念永恆_html810.html
第808章 我們都是師字輩,一念永恆_html811.html
第809章 我捨不得你們啊,一念永恆_html812.html
第810章 寵物……,一念永恆_html813.html
第811章 那裡……有人！,一念永恆_html814.html
第812章 守陵老爺爺……,一念永恆_html815.html
第813章 有問題，找老爺爺,一念永恆_html816.html
第814章 突飛猛進,一念永恆_html817.html
第815章 十九色火,一念永恆_html818.html
第816章 白小純？！,一念永恆_html819.html
第817章 是她！,一念永恆_html820.html
第818章 這是在釣魚啊,一念永恆_html821.html
第819章 激戰,一念永恆_html822.html
第820章 看不到我……,一念永恆_html823.html
第821章 小純出手！,一念永恆_html824.html
第822章 小哥哥,一念永恆_html825.html
第823章 全力擊退！,一念永恆_html826.html
第824章 拼了！,一念永恆_html827.html
第825章 元嬰後期,一念永恆_html828.html
第826章 竟把我的小熊弄碎了,一念永恆_html829.html
第827章 岳父救我！,一念永恆_html830.html
第828章 鬼體吞生,一念永恆_html831.html
第829章 她不是白小純！,一念永恆_html832.html
第830章 強者齊聚！,一念永恆_html833.html
第831章 二次絕殺！（第三更）,一念永恆_html834.html
第832章 啊……啊……,一念永恆_html835.html
第833章 冥皇降臨！,一念永恆_html836.html
第834章 因果,一念永恆_html837.html
第835章 天地道法！,一念永恆_html838.html
第836章 天尊降臨！,一念永恆_html839.html
第837章 你憑什麼不認可！,一念永恆_html840.html
第838章 絕世之戰！,一念永恆_html841.html
第839章 那根血發！,一念永恆_html842.html
第840章 師尊，救命！,一念永恆_html843.html
第841章 我也不是那麼優秀……,一念永恆_html844.html
第842章 天尊血發,一念永恆_html845.html
第843章 不死骨爆發,一念永恆_html846.html
第844章 震撼蠻荒,一念永恆_html847.html
第845章 冥皇繼位,一念永恆_html848.html
第846章 摘下面具,一念永恆_html849.html
第847章 話別,一念永恆_html850.html
第848章 是不是搞錯了……,一念永恆_html851.html
第849章 缺兒你別激動……,一念永恆_html852.html
第850章 宋缺，你憑什麼不服氣！,一念永恆_html853.html
第851章 白小純，你給我一個交代！,一念永恆_html854.html
第852章 千萬不要捏碎啊！！！,一念永恆_html855.html
第853章 那是……神算子？,一念永恆_html856.html
第854章 三人行,一念永恆_html857.html
第855章 骨舟歌聲,一念永恆_html858.html
第856章 逆河之危,一念永恆_html859.html
第857章 詭異骨舟,一念永恆_html860.html
第858章 畫與長生！,一念永恆_html861.html
第859章,一念永恆_html862.html
第860章 梳頭的背影,一念永恆_html863.html
第861章 風雨飄搖,一念永恆_html864.html
第862章 還回去。。。,一念永恆_html865.html
第863章 算個屁！,一念永恆_html866.html
第864章 你們敢！,一念永恆_html867.html
第865章 他是白小純！,一念永恆_html868.html
第866章 斬肉身！,一念永恆_html869.html
第867章 戰！,一念永恆_html870.html
第868章 強悍無比！,一念永恆_html871.html
第869章 再殺！,一念永恆_html872.html
第870章 不安！,一念永恆_html873.html
第871章 風暴,一念永恆_html874.html
第872章 小純？,一念永恆_html875.html
第873章 會不會抄家？,一念永恆_html876.html
第874章 任重道遠,一念永恆_html877.html
第875章 回家,一念永恆_html878.html
第876章 物是人非,一念永恆_html879.html
第877章 永恆,一念永恆_html880.html
第878章 缺兒也在啊,一念永恆_html881.html
第879章 小純，你看這是什麼？,一念永恆_html882.html
第880章 宋君婉,一念永恆_html883.html
第881章 天人震怒,一念永恆_html884.html
第882章 鐵血堂出動！,一念永恆_html885.html
第883章 黑雲再臨！,一念永恆_html886.html
第884章 我扔出去！,一念永恆_html887.html
第885章 天品二十一色火！,一念永恆_html888.html
第886章 天人！,一念永恆_html889.html
第887章 想走？,一念永恆_html890.html
第888章 沒我快！,一念永恆_html891.html
第889章 強悍！,一念永恆_html892.html
第890章 五倍不滅拳！,一念永恆_html893.html
第891章 鐵血堂的震撼,一念永恆_html894.html
第892章 半神法旨！,一念永恆_html895.html
第893章 天人丹！,一念永恆_html896.html
第894章 開桎梏,一念永恆_html897.html
第895章 不死血！,一念永恆_html898.html
第896章 今日之息換明日之醒！,一念永恆_html899.html
第897章 保護她……,一念永恆_html900.html
第898章 迴歸星空道極宗,一念永恆_html901.html
第899章 惹我就打陳賀天！,一念永恆_html902.html
第900章 陳賀天：#￥%@#……,一念永恆_html903.html
第901章 不是老夫！不是！！！,一念永恆_html904.html
第902章 這是誤會…,一念永恆_html905.html
第903章 白道友，你東西掉了,一念永恆_html906.html
第904章 小純，你別開玩笑了,一念永恆_html907.html
第905章 日月長空訣,一念永恆_html908.html
第906章 如魚得水,一念永恆_html909.html
第907章 半神不在家？,一念永恆_html910.html
第908章 分手丹……,一念永恆_html911.html
第909章 我要煉解藥！,一念永恆_html912.html
第910章 疑問！,一念永恆_html913.html
第911章 全宗搬家,一念永恆_html914.html
第912章 半神歸來,一念永恆_html915.html
第913章 叵測人心,一念永恆_html916.html
第914章 出發,一念永恆_html917.html
第915章 張大胖的夢,一念永恆_html918.html
第916章 殊途同歸,一念永恆_html919.html
第917章 不一樣的天人,一念永恆_html920.html
第918章 他怎麼來湊熱鬧了？,一念永恆_html921.html
第919章 渴望一敗,一念永恆_html922.html
第920章 高貴的杜凌菲！,一念永恆_html923.html
第921章 杜凌菲的身份！,一念永恆_html924.html
第922章 依如往昔,一念永恆_html925.html
第923章 吸收岳父一根頭髮……,一念永恆_html926.html
第924章 試煉開啓！,一念永恆_html927.html
第925章 兇險之地！,一念永恆_html928.html
第926章 不懷好意,一念永恆_html929.html
第927章 欺負我？！,一念永恆_html930.html
第928章 多大的事啊,一念永恆_html931.html
第929章 小飛你好,一念永恆_html932.html
第930章 不會是天尊吧,一念永恆_html933.html
第931章 你敢激我？,一念永恆_html934.html
第932章 你一定故意的,一念永恆_html935.html
第933章 這是什麼神通！,一念永恆_html936.html
第934章 神殺,一念永恆_html937.html
第935章 聞風喪膽,一念永恆_html938.html
第936章 他還是個孩子,一念永恆_html939.html
第937章 月亮花,一念永恆_html940.html
第938章 拆散他們！,一念永恆_html941.html
第939章 哥哥，我們不適合……,一念永恆_html942.html
第940章 那一聲呼喚……,一念永恆_html943.html
第941章 憋屈的雲雷子,一念永恆_html944.html
第942章 一枚銅錢！！,一念永恆_html945.html
第943章 我走錯路了……,一念永恆_html946.html
第944章 第一次麼？,一念永恆_html947.html
第945章 你不是侯小妹！,一念永恆_html948.html
第946章 緣由,一念永恆_html949.html
第947章 生命禁區,一念永恆_html950.html
第948章 驕傲如他！,一念永恆_html951.html
第949章 各顯神通！,一念永恆_html952.html
第950章 白小純的誓言！,一念永恆_html953.html
第951章 骨舟起航！,一念永恆_html954.html
第952章 女嬰初醒！,一念永恆_html955.html
第953章 不善北脈,一念永恆_html956.html
第954章 咄咄逼人,一念永恆_html957.html
第955章 約法三章,一念永恆_html958.html
第956章 天尊首徒！,一念永恆_html959.html
第957章 我賣藥！,一念永恆_html960.html
第958章 約法四章,一念永恆_html961.html
第959章 我還可以種花,一念永恆_html962.html
第960章 瘋狂月亮花,一念永恆_html963.html
第961章 押起來！,一念永恆_html964.html
第962章 嗯？啊！,一念永恆_html965.html
第963章 老弟，我有一套神功！,一念永恆_html966.html
第964章 別煩我,一念永恆_html967.html
第965章 現在的年輕人這麼不要命啊？,一念永恆_html968.html
第966章 雷宗詫異,一念永恆_html969.html
第967章 爆！,一念永恆_html970.html
第968章 我也忍你們好久了！,一念永恆_html971.html
第969章 小純翻天！,一念永恆_html972.html
第970章 扔出去,一念永恆_html973.html
第971章 似曾相識,一念永恆_html974.html
第972章 答案,一念永恆_html975.html
第973章 驚變,一念永恆_html976.html
第974章 他已經來了,一念永恆_html977.html
第975章 父女,一念永恆_html978.html
第976章 都是我的了！,一念永恆_html979.html
第977章 鏡崩同入！,一念永恆_html980.html
第978章 老夫要扒你皮！,一念永恆_html981.html
第979章 都是騙子,一念永恆_html982.html
第980章 我還有一口氣,一念永恆_html983.html
第981章 無膽老鬼，進來一戰！,一念永恆_html984.html
第982章 不公平！,一念永恆_html985.html
第983章 抓狂的老鬼,一念永恆_html986.html
第984章 暴打老鬼……,一念永恆_html987.html
第985章 死了？,一念永恆_html988.html
第986章 戰爭升級,一念永恆_html989.html
第987章 大圓滿！,一念永恆_html990.html
第988章 局勢嚴峻,一念永恆_html991.html
第989章 我忍……,一念永恆_html992.html
第990章 肉身半神！,一念永恆_html993.html
第991章 重臨冰原,一念永恆_html994.html
第992章 焦急！！,一念永恆_html995.html
第993章 我一定可以阻止……,一念永恆_html996.html
第994章 最強天人,一念永恆_html997.html
第995章 降臨巨鬼城！,一念永恆_html998.html
第996章 我回來了,一念永恆_html999.html
第997章 我讓你們……停手！,一念永恆_html1000.html
第998章 戰半神！,一念永恆_html1001.html
第999章 逆天恢復！,一念永恆_html1002.html
第1000章 罷戰，不打了,一念永恆_html1003.html
第1001章 天尊之手！,一念永恆_html1004.html
第1002章 再次對決！,一念永恆_html1005.html
第1003章 你的命運！,一念永恆_html1006.html
第1004章 第二次,一念永恆_html1007.html
第1005章 緣由,一念永恆_html1008.html
第1006章 一滴眼淚,一念永恆_html1009.html
第1007章 你們怎麼如此自私！,一念永恆_html1010.html
第1008章 二十二色火！,一念永恆_html1011.html
第1009章 連天烽火！,一念永恆_html1012.html
第1010章 血氣沖天,一念永恆_html1013.html
第1011章 血祖復活！,一念永恆_html1014.html
第1012章 三叩謝師恩,一念永恆_html1015.html
第1013章 或有一絲,一念永恆_html1016.html
第1014章 永恆之龜,一念永恆_html1017.html
第1015章 從來沒有世界之門！,一念永恆_html1018.html
第1016章 我還是恨你！,一念永恆_html1019.html
第1017章 絕望的魁皇城,一念永恆_html1020.html
第1018章 魁祖的氣息！,一念永恆_html1021.html
第1019章 一觸即發！,一念永恆_html1022.html
第1020章 鱷首！,一念永恆_html1023.html
第1021章 四大凶獸！,一念永恆_html1024.html
第1022章 通天道門,一念永恆_html1025.html
第1023章 一目晶淵,一念永恆_html1026.html
第1024章 長生燈！,一念永恆_html1027.html
第1025章 絕倫道法！,一念永恆_html1028.html
第1026章 第十道門,一念永恆_html1029.html
第1027章 天崩地裂！,一念永恆_html1030.html
第1028章 白秀才,一念永恆_html1031.html
第1029章 廟裡的故事，故事外的人,一念永恆_html1032.html
第1030章 那一絲溫暖！,一念永恆_html1033.html
第1031章 打劫白小純,一念永恆_html1034.html
第1032章 第一個故人,一念永恆_html1035.html
第1033章 恭喜岳父,一念永恆_html1036.html
第1034章 邪皇旨意,一念永恆_html1037.html
第1035章 鬼母坐鎮,一念永恆_html1038.html
第1036章 第1037--1038章 合章,一念永恆_html1039.html
1037-1038章，合章已改,一念永恆_html1040.html
第1037章 斬大尊！,一念永恆_html1041.html
第1038章 莫非蝗蟲來過？,一念永恆_html1042.html
第1039章 又見鬼母！,一念永恆_html1043.html
第1040章 激戰鬼母,一念永恆_html1044.html
在外辦事，已提前更了,一念永恆_html1045.html
第1041章 驚人戰舟,一念永恆_html1046.html
第1042章 幹把大的！！,一念永恆_html1047.html
第1043章 悲催鬼臉,一念永恆_html1048.html
第1044章 封印,一念永恆_html1049.html
第1045章 醒來！,一念永恆_html1050.html
第1046章 小哥哥,一念永恆_html1051.html
第1047章 重塑道心！,一念永恆_html1052.html
第1048章 你那死爹…,一念永恆_html1053.html
第1049章 念,一念永恆_html1054.html
第1050章 來者不善,一念永恆_html1055.html
第1051章 白道友，請！,一念永恆_html1056.html
第1052章 聖皇城,一念永恆_html1057.html
第1053章 華麗登場,一念永恆_html1058.html
中午更新12點半,一念永恆_html1059.html
第1054章 通天公,一念永恆_html1060.html
第1055章 勿謂言之不預,一念永恆_html1061.html
第1056章 吃了啊,一念永恆_html1062.html
第1057章 欺人太甚,一念永恆_html1063.html
第1058章 龍魚也瘋狂,一念永恆_html1064.html
第1059章 天龍魚，跟我走,一念永恆_html1065.html
第1060章 出大事了……,一念永恆_html1066.html
第1061章 陛下您的魚……,一念永恆_html1067.html
第1062章 你們一定會後悔……,一念永恆_html1068.html
第1063章 監公使,一念永恆_html1069.html
第1064章 蓮宴,一念永恆_html1070.html
第1065章 好東西,一念永恆_html1071.html
第1066章 小點聲,一念永恆_html1072.html
第1067章 龜贓並獲,一念永恆_html1073.html
第1068章 是白小純讓我乾的！,一念永恆_html1074.html
第1069章 還有藕……,一念永恆_html1075.html
第1070章 荷花蔫了……,一念永恆_html1076.html
第1071章 天尊劫！,一念永恆_html1077.html
第1072章 列位天尊天下知！,一念永恆_html1078.html
第1073章 道種,一念永恆_html1079.html
第1074章 自創道路！,一念永恆_html1080.html
第1075章 亙古卷！,一念永恆_html1081.html
第1076章 殘扇撞擊！,一念永恆_html1082.html
第1077章 聖皇，那個我身體不太舒服……,一念永恆_html1083.html
第1078章 降臨殘扇,一念永恆_html1084.html
第1079章 整裝待發,一念永恆_html1085.html
第1080章 來打我！,一念永恆_html1086.html
第1081章 主宰氣息！,一念永恆_html1087.html
第1082章 傳承機緣！,一念永恆_html1088.html
第1083章 最恨別人作弊！,一念永恆_html1089.html
第1084章 給扇子煉煉靈,一念永恆_html1090.html
第1085章 擠進去了……,一念永恆_html1091.html
第1086章 原來我是守護者,一念永恆_html1092.html
第1087章 絕望的廣目天尊,一念永恆_html1093.html
第1088章 鑽了空子,一念永恆_html1094.html
第1089章 我再給你們加點！,一念永恆_html1095.html
第1090章 太善良了,一念永恆_html1096.html
第1091章 邀請,一念永恆_html1097.html
第1092章 敢陰我？,一念永恆_html1098.html
第1093章 說好的死不從……,一念永恆_html1099.html
第1094章 廣目歸來,一念永恆_html1100.html
第1095章 白小純，一定是你,一念永恆_html1101.html
第1096章 十二天尊,一念永恆_html1102.html
第1097章 一把鑰匙,一念永恆_html1103.html
第1098章 我要低調,一念永恆_html1104.html
第1099章 欺負我？,一念永恆_html1105.html
第1100章 他是白小純,一念永恆_html1106.html
第1101章 繼續低調,一念永恆_html1107.html
第1102章 欺人太甚,一念永恆_html1108.html
第1103章 你同意不同意,一念永恆_html1109.html
第1104章 抓狂,一念永恆_html1110.html
第1105章 小純出場,一念永恆_html1111.html
第1106章 強行抹黑,一念永恆_html1112.html
第1107章 交鋒與妥協,一念永恆_html1113.html
第1108章 重逢大天師,一念永恆_html1114.html
第1109章 天師三策,一念永恆_html1115.html
第1110章 你要什麼,一念永恆_html1116.html
第1111章 北部界主,一念永恆_html1117.html
第1112章 說不清道不明的關係……,一念永恆_html1118.html
第1113章 任意門,一念永恆_html1119.html
第1114章 生死道源,一念永恆_html1120.html
第1115章 我發誓一定弄死你,一念永恆_html1121.html
第1116章 雲海自治州,一念永恆_html1122.html
第1117章 黑丹一族,一念永恆_html1123.html
第1118章 誰是怪丹老祖？,一念永恆_html1124.html
第1119章 小純出手,一念永恆_html1125.html
第1120章 接招吧！,一念永恆_html1126.html
第1121章 我們造了什麼孽,一念永恆_html1127.html
第1122章 您走吧,一念永恆_html1128.html
第1123章 太古魂,一念永恆_html1129.html
第1124章 中了……,一念永恆_html1130.html
第1125章 周大師？,一念永恆_html1131.html
第1126章 嚇到了,一念永恆_html1132.html
第1127章 回家,一念永恆_html1133.html
第1128章 妖孽，你們走開,一念永恆_html1134.html
第1129章 魅後,一念永恆_html1135.html
第1130章 突變！,一念永恆_html1136.html
第1131章 玄九危機,一念永恆_html1137.html
第1132章 詭異村莊,一念永恆_html1138.html
第1133章 玄九郡,一念永恆_html1139.html
第1134章 天坑,一念永恆_html1140.html
第1135章 激戰,一念永恆_html1141.html
第1136章 白小純，你瘋了啊,一念永恆_html1142.html
第1137章 白胖子……,一念永恆_html1143.html
第1138章 玄九郡滅！,一念永恆_html1144.html
第1139章 天尊中期,一念永恆_html1145.html
第1140章 現在念,一念永恆_html1146.html
第1141章 生死現在經,一念永恆_html1147.html
第1142章 你敢勒索我？,一念永恆_html1148.html
第1143章 惹不起,一念永恆_html1149.html
第1144章 我要弄死你！,一念永恆_html1150.html
第1145章 卑鄙無恥下流,一念永恆_html1151.html
第1146章 大變降臨,一念永恆_html1152.html
第1147章 養蠱,一念永恆_html1153.html
第1148章 戰通天,一念永恆_html1154.html
第1149章 天尊丹,一念永恆_html1155.html
第1150章 爭奪,一念永恆_html1156.html
第1151章 陣破,一念永恆_html1157.html
第1152章 好機會！,一念永恆_html1158.html
第1153章 搶到手,一念永恆_html1159.html
第1154章 沒了！,一念永恆_html1160.html
第1155章 是他，一定是他,一念永恆_html1161.html
第1156章 小器靈，和我鬥？,一念永恆_html1162.html
第1157章 噓,一念永恆_html1163.html
第1158章 衝出去,一念永恆_html1164.html
第1159章 你敢動我好兄弟！,一念永恆_html1165.html
第1160章 尾巴呢,一念永恆_html1166.html
第1161章 我吃了！,一念永恆_html1167.html
第1162章 聖皇朝大使,一念永恆_html1168.html
第1163章 誰怕誰？,一念永恆_html1169.html
第1164章 戰關卡,一念永恆_html1170.html
第1165章 重逢,一念永恆_html1171.html
第1166章 絕密！,一念永恆_html1172.html
第1167章 皇子宴,一念永恆_html1173.html
第1168章 大皇子，請自重！,一念永恆_html1174.html
第1169章 自由的狗,一念永恆_html1175.html
第1170章 福利。。。,一念永恆_html1176.html
第1171章 滿載而歸,一念永恆_html1177.html
第1172章 暗藏殺機,一念永恆_html1178.html
第1173章 他笑了,一念永恆_html1179.html
第1174章 傳承,一念永恆_html1180.html
第1175章 星空殘臂,一念永恆_html1181.html
第1176章 二十二色火,一念永恆_html1182.html
第1177章 風暴前的重逢,一念永恆_html1183.html
第1178章 器靈出手,一念永恆_html1184.html
第1179章 你發誓不改我姓！,一念永恆_html1185.html
第1180章 你準備好了麼！,一念永恆_html1186.html
第1181章 我通過了？,一念永恆_html1187.html
第1182章 告訴我你叫什麼,一念永恆_html1188.html
第1183章 搜刮,一念永恆_html1189.html
第1184章 怒來！,一念永恆_html1190.html
第1185章 斬天尊！,一念永恆_html1191.html
第1186章 怒意再起！,一念永恆_html1192.html
第1187章 衝冠一怒,一念永恆_html1193.html
第1188章 阻者，殺！,一念永恆_html1194.html
第1189章 這一次，我比你快……,一念永恆_html1195.html
第1190章 強斬大皇子！,一念永恆_html1196.html
第1191章 阻攔邪皇！,一念永恆_html1197.html
第1192章 達成所願,一念永恆_html1198.html
第1193章 天尊後期,一念永恆_html1199.html
第1194章 另一半扇子,一念永恆_html1200.html
第1195章 主宰至寶！,一念永恆_html1201.html
第1196章 太古奴,一念永恆_html1202.html
第1197章 邪皇，又如何！,一念永恆_html1203.html
第1198章 好奇的小器靈,一念永恆_html1204.html
第1199章 歸來！,一念永恆_html1205.html
第1200章 鎮壓！,一念永恆_html1206.html
第1201章 這片仙域，我要了！,一念永恆_html1207.html
第1202章 我要，挑戰你！,一念永恆_html1208.html
第1203章 撼邪皇！！,一念永恆_html1209.html
第1204章 太古之光,一念永恆_html1210.html
第1205章 真的沒了,一念永恆_html1211.html
第1206章 名動天下,一念永恆_html1212.html
第1207章 齊聚,一念永恆_html1213.html
第1208章 白小純，救我！,一念永恆_html1214.html
第1209章 嚇服你！,一念永恆_html1215.html
第1210章 有隻蟲子,一念永恆_html1216.html
第1211章 原點！,一念永恆_html1217.html
第1212章 李叔給的,一念永恆_html1218.html
第1213章 委屈的神算子,一念永恆_html1219.html
第1214章 強大的血脈,一念永恆_html1220.html
第1215章 樂極生悲,一念永恆_html1221.html
第1216章 子嗣誕生！,一念永恆_html1222.html
第1217章 龍鳳呈祥,一念永恆_html1223.html
第1218章 這名字怎麼樣,一念永恆_html1224.html
第1219章 彼岸未來經,一念永恆_html1225.html
第1220章 日漸強盛,一念永恆_html1226.html
第1221章 頭痛的白小純,一念永恆_html1227.html
第1222章 爹爹不怕,一念永恆_html1228.html
第1223章 小哥哥，謝謝你,一念永恆_html1229.html
第1224章 開啓星空之旅！,一念永恆_html1230.html
第1225章 白燈籠,一念永恆_html1231.html
第1226章 紙界！,一念永恆_html1232.html
第1227章 紙婆婆,一念永恆_html1233.html
第1228章 至寶沙漏！,一念永恆_html1234.html
第1229章 沙漏世界,一念永恆_html1235.html
第1230章 引悟,一念永恆_html1236.html
第1231章 遠古主宰,一念永恆_html1237.html
第1232章 第四神通,一念永恆_html1238.html
第1233章 仙后,一念永恆_html1239.html
第1234章 葬空,一念永恆_html1240.html
第1235章 死不瞑目,一念永恆_html1241.html
第1236章 融憶,一念永恆_html1242.html
第1237章 那一年,一念永恆_html1243.html
第1238章 黑霧山谷,一念永恆_html1244.html
第1239章 逆凡,一念永恆_html1245.html
第1240章 永恆有靈,一念永恆_html1246.html
第1241章 晉升太古！,一念永恆_html1247.html
第1242章 道塵執念,一念永恆_html1248.html
第1243章 孤舟與骸骨,一念永恆_html1249.html
第1244章 小癡，要聽話,一念永恆_html1250.html
第1245章 浮誇,一念永恆_html1251.html
第1246章 收仙后,一念永恆_html1252.html
第1247章 我都是爲了弟子啊,一念永恆_html1253.html
第1248章 惡霸,一念永恆_html1254.html
第1249章 三十色火！,一念永恆_html1255.html
第1250章 白浩復活！,一念永恆_html1256.html
第1251章 歸來！,一念永恆_html1257.html
第1252章 你想看看？,一念永恆_html1258.html
第1253章 太古戰,一念永恆_html1259.html
第1254章 帝戟,一念永恆_html1260.html
第1255章 你敢罵我？,一念永恆_html1261.html
第1256章 隕落,一念永恆_html1262.html
第1257章 第1259張 風波再起！,一念永恆_html1263.html
第1258章 修復封印,一念永恆_html1264.html
第1259章 祖,一念永恆_html1265.html
第1260章 美男計,一念永恆_html1266.html
第1261章 不死！,一念永恆_html1267.html
第1262章 勝祖！,一念永恆_html1268.html
第1263章 主宰,一念永恆_html1269.html
第1264章 星海丹田,一念永恆_html1270.html
第1265章 隕石結界,一念永恆_html1271.html
第1266章 那一拽,一念永恆_html1272.html
第1267章 回家,一念永恆_html1273.html
第1268章 陪伴,一念永恆_html1274.html
第1269章 出了問題,一念永恆_html1275.html
第1270章 尋找永恆之母,一念永恆_html1276.html
第1271章 永恆盡頭,一念永恆_html1277.html
第1272章 鳴鐘喚永恆,一念永恆_html1278.html
第1273章 肉身太古！,一念永恆_html1279.html
第1274章 甦醒！,一念永恆_html1280.html
第1275章 反之，亦主宰！,一念永恆_html1281.html
第1276章 通天再現,一念永恆_html1282.html
第1277章 逆凡門徒,一念永恆_html1283.html
第1278章 啃一口……,一念永恆_html1284.html
第1279章 往昔,一念永恆_html1285.html
第1280章 傳奇人生,一念永恆_html1286.html
第1281章 白小純的道,一念永恆_html1287.html
第1282章 星星之火,一念永恆_html1288.html
第1283章 聖皇出關,一念永恆_html1289.html
第1284章 宋缺！,一念永恆_html1290.html
第1285章 梟雄,一念永恆_html1291.html
第1286章 永恆之眼,一念永恆_html1292.html
第1287章 苦戰,一念永恆_html1293.html
第1288章 值得嗎,一念永恆_html1294.html
第1289章 逆凡甦醒！,一念永恆_html1295.html
第1290章 半宙道身！,一念永恆_html1296.html
第1291章 睜開眼！,一念永恆_html1297.html
第1292章 逆凡戰,一念永恆_html1298.html
第1293章 至寶沙漏,一念永恆_html1299.html
第1294章 星空爲爐,一念永恆_html1300.html
第1295章 空間之戰,一念永恆_html1301.html
第1296章 時光之戰,一念永恆_html1302.html
第1297章 羅天再造,一念永恆_html1303.html
第1298章 未央龜！,一念永恆_html1304.html
第1299章 結束了？,一念永恆_html1305.html
第1300章 永恆本源,一念永恆_html1306.html
第1301章 慘烈,一念永恆_html1307.html
第1302章 羅天指！,一念永恆_html1308.html
第1303章 逆隕,一念永恆_html1309.html
第1304章 羅天無情,一念永恆_html1310.html
第1305章 起源,一念永恆_html1311.html
第1306章 引導與開啓,一念永恆_html1312.html
第1307章 見神,一念永恆_html1313.html
第1308章 念起天劫現,一念永恆_html1314.html
第1309章 一念，永恆,一念永恆_html1315.html
第1310章 左岸,一念永恆_html1316.html
第1311章 青燈古廟伴一生,一念永恆_html1317.html
