第1章 羅峰,tunshixingkong-wochixihongshi/吞噬星空_html1.html
第2章 RR,tunshixingkong-wochixihongshi/吞噬星空_html2.html
第3章 江南市,tunshixingkong-wochixihongshi/吞噬星空_html3.html
第4章 羅峰的實力,tunshixingkong-wochixihongshi/吞噬星空_html4.html
第5章 不同的選擇,tunshixingkong-wochixihongshi/吞噬星空_html5.html
第6章 高考,tunshixingkong-wochixihongshi/吞噬星空_html6.html
第7章 最終成績,tunshixingkong-wochixihongshi/吞噬星空_html7.html
第8章 兩名武者,tunshixingkong-wochixihongshi/吞噬星空_html8.html
第9章 武者的特權,tunshixingkong-wochixihongshi/吞噬星空_html9.html
第10章 準武者考覈,tunshixingkong-wochixihongshi/吞噬星空_html10.html
第11章 神經反應速度,tunshixingkong-wochixihongshi/吞噬星空_html11.html
第12章 五心向天,tunshixingkong-wochixihongshi/吞噬星空_html12.html
第13章 喜悅,tunshixingkong-wochixihongshi/吞噬星空_html13.html
第14章 是你找死,tunshixingkong-wochixihongshi/吞噬星空_html14.html
第15章 我配合你們的工作,tunshixingkong-wochixihongshi/吞噬星空_html15.html
第16章 看守所,tunshixingkong-wochixihongshi/吞噬星空_html16.html
第17章 牢房中的深夜,tunshixingkong-wochixihongshi/吞噬星空_html17.html
第18章 械鬥,tunshixingkong-wochixihongshi/吞噬星空_html18.html
第19章 覺醒,tunshixingkong-wochixihongshi/吞噬星空_html19.html
第20章 暗金色圓球,tunshixingkong-wochixihongshi/吞噬星空_html20.html
第1章 羅哥，你好,tunshixingkong-wochixihongshi/吞噬星空_html21.html
第2章 賠償金,tunshixingkong-wochixihongshi/吞噬星空_html22.html
第3章 血影戰刀,tunshixingkong-wochixihongshi/吞噬星空_html23.html
第4章 激動的江年,tunshixingkong-wochixihongshi/吞噬星空_html24.html
第5章 武者的等級,tunshixingkong-wochixihongshi/吞噬星空_html25.html
第6章 諸葛韜,tunshixingkong-wochixihongshi/吞噬星空_html26.html
第7章 搬家,tunshixingkong-wochixihongshi/吞噬星空_html27.html
第8章 武者實戰考覈,tunshixingkong-wochixihongshi/吞噬星空_html28.html
第9章 怪獸小鎮,tunshixingkong-wochixihongshi/吞噬星空_html29.html
第10章 第一次殺戮,tunshixingkong-wochixihongshi/吞噬星空_html30.html
第11章 入微級,tunshixingkong-wochixihongshi/吞噬星空_html31.html
第12章 雷電武館的邀請,tunshixingkong-wochixihongshi/吞噬星空_html32.html
第13章 極限之家,tunshixingkong-wochixihongshi/吞噬星空_html33.html
第14章 羅峰頭疼的根源,tunshixingkong-wochixihongshi/吞噬星空_html34.html
第15章 買不買？,tunshixingkong-wochixihongshi/吞噬星空_html35.html
第16章 昂貴的裝備,tunshixingkong-wochixihongshi/吞噬星空_html36.html
第17章 談判,tunshixingkong-wochixihongshi/吞噬星空_html37.html
第18章 火錘小隊,tunshixingkong-wochixihongshi/吞噬星空_html38.html
第19章 十重暗勁,tunshixingkong-wochixihongshi/吞噬星空_html39.html
第20章 HR聯盟商城,tunshixingkong-wochixihongshi/吞噬星空_html40.html
第1章 荒野區,tunshixingkong-wochixihongshi/吞噬星空_html41.html
第2章 獨角野豬,tunshixingkong-wochixihongshi/吞噬星空_html42.html
第3章 驚人的進步,tunshixingkong-wochixihongshi/吞噬星空_html43.html
第4章 制高點,tunshixingkong-wochixihongshi/吞噬星空_html44.html
第5章 獸將級怪獸,tunshixingkong-wochixihongshi/吞噬星空_html45.html
第6章 怪獸的屍體,tunshixingkong-wochixihongshi/吞噬星空_html46.html
第7章 虎牙小隊,tunshixingkong-wochixihongshi/吞噬星空_html47.html
第8章 動手,tunshixingkong-wochixihongshi/吞噬星空_html48.html
第9章 死亡危機,tunshixingkong-wochixihongshi/吞噬星空_html49.html
第10章 滴血的飛刀,tunshixingkong-wochixihongshi/吞噬星空_html50.html
第11章 休整,tunshixingkong-wochixihongshi/吞噬星空_html51.html
第12章 銀月兇狼,tunshixingkong-wochixihongshi/吞噬星空_html52.html
第13章 解剖,tunshixingkong-wochixihongshi/吞噬星空_html53.html
第14章 補給基地,tunshixingkong-wochixihongshi/吞噬星空_html54.html
第15章 分錢,tunshixingkong-wochixihongshi/吞噬星空_html55.html
第16章 迴歸基地市，徐欣的背景,tunshixingkong-wochixihongshi/吞噬星空_html56.html
第17章 價格，狂喜,tunshixingkong-wochixihongshi/吞噬星空_html57.html
第18章 未來規劃,tunshixingkong-wochixihongshi/吞噬星空_html58.html
第19章 入迷,tunshixingkong-wochixihongshi/吞噬星空_html59.html
第20章 野心,tunshixingkong-wochixihongshi/吞噬星空_html60.html
第1章 0231,tunshixingkong-wochixihongshi/吞噬星空_html61.html
第2章 殺機潛伏,tunshixingkong-wochixihongshi/吞噬星空_html62.html
第3章 血腥中的修煉,tunshixingkong-wochixihongshi/吞噬星空_html63.html
第4章 三級鼠潮,tunshixingkong-wochixihongshi/吞噬星空_html64.html
第5章 初具雛形,tunshixingkong-wochixihongshi/吞噬星空_html65.html
第6章 實力測試,tunshixingkong-wochixihongshi/吞噬星空_html66.html
第7章 死去的戰神‘陸綱’,tunshixingkong-wochixihongshi/吞噬星空_html67.html
第8章 郭海,tunshixingkong-wochixihongshi/吞噬星空_html68.html
第9章 003號城市,tunshixingkong-wochixihongshi/吞噬星空_html69.html
第10章 魔窟、戰場,tunshixingkong-wochixihongshi/吞噬星空_html70.html
第11章 比印鈔機還快的賺錢,tunshixingkong-wochixihongshi/吞噬星空_html71.html
第12章 雙頭黑線蛇,tunshixingkong-wochixihongshi/吞噬星空_html72.html
第13章 撿便宜,tunshixingkong-wochixihongshi/吞噬星空_html73.html
第14章 獨行,tunshixingkong-wochixihongshi/吞噬星空_html74.html
第15章 忍不住了,tunshixingkong-wochixihongshi/吞噬星空_html75.html
第16章 張澤虎，死！,tunshixingkong-wochixihongshi/吞噬星空_html76.html
第17章 佈置現場,tunshixingkong-wochixihongshi/吞噬星空_html77.html
第18章 和弟弟的電話,tunshixingkong-wochixihongshi/吞噬星空_html78.html
第19章 大好機會,tunshixingkong-wochixihongshi/吞噬星空_html79.html
第20章 戰神到來,tunshixingkong-wochixihongshi/吞噬星空_html80.html
第21章 戰神宮,tunshixingkong-wochixihongshi/吞噬星空_html81.html
第22章 巔峰對決,tunshixingkong-wochixihongshi/吞噬星空_html82.html
第23章 偷龍蛋？,tunshixingkong-wochixihongshi/吞噬星空_html83.html
第24章 腳踏盾牌，飛行！,tunshixingkong-wochixihongshi/吞噬星空_html84.html
第25章 鐵甲龍老巢,tunshixingkong-wochixihongshi/吞噬星空_html85.html
第26章 鐵甲龍的寶藏,tunshixingkong-wochixihongshi/吞噬星空_html86.html
第27章 身法‘完美級’？,tunshixingkong-wochixihongshi/吞噬星空_html87.html
第28章 死裡逃生,tunshixingkong-wochixihongshi/吞噬星空_html88.html
第29章 崑山，是哪裡？,tunshixingkong-wochixihongshi/吞噬星空_html89.html
第30章 血濺五步,tunshixingkong-wochixihongshi/吞噬星空_html90.html
第31章 李威的父母,tunshixingkong-wochixihongshi/吞噬星空_html91.html
第32章 天價懸賞,tunshixingkong-wochixihongshi/吞噬星空_html92.html
第33章 1000億的影響力,tunshixingkong-wochixihongshi/吞噬星空_html93.html
第34章 徐欣,tunshixingkong-wochixihongshi/吞噬星空_html94.html
第35章 雷刀第三重,tunshixingkong-wochixihongshi/吞噬星空_html95.html
第36章 購買秘籍,tunshixingkong-wochixihongshi/吞噬星空_html96.html
第37章 京都基地市,tunshixingkong-wochixihongshi/吞噬星空_html97.html
第38章 弟弟羅華,tunshixingkong-wochixihongshi/吞噬星空_html98.html
第39章 作戰服的價格,tunshixingkong-wochixihongshi/吞噬星空_html99.html
第40章 羅峰的承諾,tunshixingkong-wochixihongshi/吞噬星空_html100.html
第1章 三個月的修煉,tunshixingkong-wochixihongshi/吞噬星空_html101.html
第2章 總部來人,tunshixingkong-wochixihongshi/吞噬星空_html102.html
第3章 龍血,tunshixingkong-wochixihongshi/吞噬星空_html103.html
第4章 震驚的特使,tunshixingkong-wochixihongshi/吞噬星空_html104.html
第5章 一個名額,tunshixingkong-wochixihongshi/吞噬星空_html105.html
第6章 緊急救援,tunshixingkong-wochixihongshi/吞噬星空_html106.html
第7章 B級考驗？,tunshixingkong-wochixihongshi/吞噬星空_html107.html
第8章 抓住機遇,tunshixingkong-wochixihongshi/吞噬星空_html108.html
第9章 兄弟,tunshixingkong-wochixihongshi/吞噬星空_html109.html
第10章 狠手,tunshixingkong-wochixihongshi/吞噬星空_html110.html
第11章 王興平和羅峰,tunshixingkong-wochixihongshi/吞噬星空_html111.html
第12章 全球總部,tunshixingkong-wochixihongshi/吞噬星空_html112.html
第13章 意識感應器,tunshixingkong-wochixihongshi/吞噬星空_html113.html
第14章 試煉塔,tunshixingkong-wochixihongshi/吞噬星空_html114.html
第15章 嶄新未來,tunshixingkong-wochixihongshi/吞噬星空_html115.html
第16章 江南閣,tunshixingkong-wochixihongshi/吞噬星空_html116.html
第17章 實力暴漲,tunshixingkong-wochixihongshi/吞噬星空_html117.html
第18章 新人,tunshixingkong-wochixihongshi/吞噬星空_html118.html
第19章 挑戰,tunshixingkong-wochixihongshi/吞噬星空_html119.html
第20章 決戰體育館,tunshixingkong-wochixihongshi/吞噬星空_html120.html
第21章 羅峰的老師,tunshixingkong-wochixihongshi/吞噬星空_html121.html
第22章 在訓練營的日子,tunshixingkong-wochixihongshi/吞噬星空_html122.html
第23章 排行榜的變化,tunshixingkong-wochixihongshi/吞噬星空_html123.html
第24章 羅峰的排名,tunshixingkong-wochixihongshi/吞噬星空_html124.html
第25章 動盪,tunshixingkong-wochixihongshi/吞噬星空_html125.html
第26章 圓桌會議,tunshixingkong-wochixihongshi/吞噬星空_html126.html
第27章 召見,tunshixingkong-wochixihongshi/吞噬星空_html127.html
第28章 可再生,tunshixingkong-wochixihongshi/吞噬星空_html128.html
第29章 三個月,tunshixingkong-wochixihongshi/吞噬星空_html129.html
第30章 瘋狂手段,tunshixingkong-wochixihongshi/吞噬星空_html130.html
第31章 羅峰vs坎迪斯,tunshixingkong-wochixihongshi/吞噬星空_html131.html
第32章 雷刀第四重！,tunshixingkong-wochixihongshi/吞噬星空_html132.html
第33章 鉅額獎勵,tunshixingkong-wochixihongshi/吞噬星空_html133.html
第34章 龍血奇效,tunshixingkong-wochixihongshi/吞噬星空_html134.html
第35章 羅峰的實力,tunshixingkong-wochixihongshi/吞噬星空_html135.html
第36章 洪的到來,tunshixingkong-wochixihongshi/吞噬星空_html136.html
第37章 澳洲大陸,tunshixingkong-wochixihongshi/吞噬星空_html137.html
第38章 議長,tunshixingkong-wochixihongshi/吞噬星空_html138.html
第39章 激光炮,tunshixingkong-wochixihongshi/吞噬星空_html139.html
第40章 據點,tunshixingkong-wochixihongshi/吞噬星空_html140.html
第41章 雙方會面,tunshixingkong-wochixihongshi/吞噬星空_html141.html
第42章 殺！,tunshixingkong-wochixihongshi/吞噬星空_html142.html
第43章 怒火沖天,tunshixingkong-wochixihongshi/吞噬星空_html143.html
第44章 激光炮，瞄準,tunshixingkong-wochixihongshi/吞噬星空_html144.html
第45章 逃跑計劃,tunshixingkong-wochixihongshi/吞噬星空_html145.html
第46章 意外,tunshixingkong-wochixihongshi/吞噬星空_html146.html
第47章 主動邀請,tunshixingkong-wochixihongshi/吞噬星空_html147.html
第48章 可憐的李耀,tunshixingkong-wochixihongshi/吞噬星空_html148.html
第49章 霧島的神秘,tunshixingkong-wochixihongshi/吞噬星空_html149.html
第50章 發了！,tunshixingkong-wochixihongshi/吞噬星空_html150.html
第51章 草木之靈,tunshixingkong-wochixihongshi/吞噬星空_html151.html
第52章 10%份額,tunshixingkong-wochixihongshi/吞噬星空_html152.html
第53章 千年柳木心,tunshixingkong-wochixihongshi/吞噬星空_html153.html
第54章 暗金色圓球，碎了,tunshixingkong-wochixihongshi/吞噬星空_html154.html
第55章 戰神羅峰,tunshixingkong-wochixihongshi/吞噬星空_html155.html
第56章 打烏龜,tunshixingkong-wochixihongshi/吞噬星空_html156.html
第57章 超越戰神的存在,tunshixingkong-wochixihongshi/吞噬星空_html157.html
第58章 大動靜,tunshixingkong-wochixihongshi/吞噬星空_html158.html
第59章 回基地市,tunshixingkong-wochixihongshi/吞噬星空_html159.html
第60章 洪和長藤,tunshixingkong-wochixihongshi/吞噬星空_html160.html
第61章 獎勵份額,tunshixingkong-wochixihongshi/吞噬星空_html161.html
第62章 兌換表,tunshixingkong-wochixihongshi/吞噬星空_html162.html
第63章 監察使,tunshixingkong-wochixihongshi/吞噬星空_html163.html
第64章 遁天梭,tunshixingkong-wochixihongshi/吞噬星空_html164.html
第65章 戰神宮,tunshixingkong-wochixihongshi/吞噬星空_html165.html
第66章 回江南,tunshixingkong-wochixihongshi/吞噬星空_html166.html
第67章 見羅峰,tunshixingkong-wochixihongshi/吞噬星空_html167.html
第68章 頭盔安全問題,tunshixingkong-wochixihongshi/吞噬星空_html168.html
第69章 《精神念師基礎》,tunshixingkong-wochixihongshi/吞噬星空_html169.html
第70章 “3516”,tunshixingkong-wochixihongshi/吞噬星空_html170.html
第71章 精神、意志,tunshixingkong-wochixihongshi/吞噬星空_html171.html
第72章 拍賣會,tunshixingkong-wochixihongshi/吞噬星空_html172.html
第73章 早晨,tunshixingkong-wochixihongshi/吞噬星空_html173.html
第1章 香餑餑,tunshixingkong-wochixihongshi/吞噬星空_html174.html
第2章 降臨,tunshixingkong-wochixihongshi/吞噬星空_html175.html
第3章 陸軍上將,tunshixingkong-wochixihongshi/吞噬星空_html176.html
第4章 親衛隊,tunshixingkong-wochixihongshi/吞噬星空_html177.html
第5章 9號古文明遺蹟,tunshixingkong-wochixihongshi/吞噬星空_html178.html
第6章 針鋒相對,tunshixingkong-wochixihongshi/吞噬星空_html179.html
第7章 不容退縮,tunshixingkong-wochixihongshi/吞噬星空_html180.html
第8章 人類和怪獸的戰爭,tunshixingkong-wochixihongshi/吞噬星空_html181.html
第9章 聲波攻擊,tunshixingkong-wochixihongshi/吞噬星空_html182.html
第10章 心靈洗禮,tunshixingkong-wochixihongshi/吞噬星空_html183.html
第11章 文明遺蹟,tunshixingkong-wochixihongshi/吞噬星空_html184.html
第12章 腦域闊度‘21’,tunshixingkong-wochixihongshi/吞噬星空_html185.html
第13章 死亡任務,tunshixingkong-wochixihongshi/吞噬星空_html186.html
第14章 羅峰的死訊,tunshixingkong-wochixihongshi/吞噬星空_html187.html
第15章 一年零三個月,tunshixingkong-wochixihongshi/吞噬星空_html188.html
第16章 遺蹟獎勵,tunshixingkong-wochixihongshi/吞噬星空_html189.html
第17章 羅峰迴來了,tunshixingkong-wochixihongshi/吞噬星空_html190.html
第18章 五萬年,tunshixingkong-wochixihongshi/吞噬星空_html191.html
第19章 怒從心頭起 惡向膽邊生,tunshixingkong-wochixihongshi/吞噬星空_html192.html
第20章 羅峰，死罪！,tunshixingkong-wochixihongshi/吞噬星空_html193.html
第21章 羅峰議員,tunshixingkong-wochixihongshi/吞噬星空_html194.html
第22章 逮捕,tunshixingkong-wochixihongshi/吞噬星空_html195.html
第23章 達到行星級的秘法,tunshixingkong-wochixihongshi/吞噬星空_html196.html
第24章 遁天梭三大形態,tunshixingkong-wochixihongshi/吞噬星空_html197.html
第25章 死刑,tunshixingkong-wochixihongshi/吞噬星空_html198.html
第26章 李耀身死,tunshixingkong-wochixihongshi/吞噬星空_html199.html
第27章 那叫遁天梭,tunshixingkong-wochixihongshi/吞噬星空_html200.html
第28章 霧島,tunshixingkong-wochixihongshi/吞噬星空_html201.html
第29章 誕生,tunshixingkong-wochixihongshi/吞噬星空_html202.html
第30章 步入行星級,tunshixingkong-wochixihongshi/吞噬星空_html203.html
第31章 額外收穫,tunshixingkong-wochixihongshi/吞噬星空_html204.html
第32章 第六巡察使,tunshixingkong-wochixihongshi/吞噬星空_html205.html
第33章 駐紮霧島,tunshixingkong-wochixihongshi/吞噬星空_html206.html
第34章 地底三千五百米,tunshixingkong-wochixihongshi/吞噬星空_html207.html
第35章 洪和獸皇,tunshixingkong-wochixihongshi/吞噬星空_html208.html
第36章 大發掘,tunshixingkong-wochixihongshi/吞噬星空_html209.html
第37章 冰雪大帝,tunshixingkong-wochixihongshi/吞噬星空_html210.html
第38章 白色晶石的神奇,tunshixingkong-wochixihongshi/吞噬星空_html211.html
第39章 震撼，震動！,tunshixingkong-wochixihongshi/吞噬星空_html212.html
第40章 血腥大爭奪,tunshixingkong-wochixihongshi/吞噬星空_html213.html
第41章 木伢晶盛宴,tunshixingkong-wochixihongshi/吞噬星空_html214.html
第42章 地球最強兵器，出世！,tunshixingkong-wochixihongshi/吞噬星空_html215.html
第43章 古老遺蹟,tunshixingkong-wochixihongshi/吞噬星空_html216.html
第44章 五萬年的屍體,tunshixingkong-wochixihongshi/吞噬星空_html217.html
第45章 我叫巴巴塔,tunshixingkong-wochixihongshi/吞噬星空_html218.html
第46章 不朽、永恆、神靈,tunshixingkong-wochixihongshi/吞噬星空_html219.html
第47章 拜師,tunshixingkong-wochixihongshi/吞噬星空_html220.html
第48章 老師的遺產,tunshixingkong-wochixihongshi/吞噬星空_html221.html
第49章 滿載而歸,tunshixingkong-wochixihongshi/吞噬星空_html222.html
第50章 培育,tunshixingkong-wochixihongshi/吞噬星空_html223.html
第1章 組裝飛船？,tunshixingkong-wochixihongshi/吞噬星空_html224.html
第2章 再相見,tunshixingkong-wochixihongshi/吞噬星空_html225.html
第3章 電話,tunshixingkong-wochixihongshi/吞噬星空_html226.html
第4章 會面,tunshixingkong-wochixihongshi/吞噬星空_html227.html
第5章 隕墨星主人的傳承,tunshixingkong-wochixihongshi/吞噬星空_html228.html
第6章 秘法,tunshixingkong-wochixihongshi/吞噬星空_html229.html
第7章 羅峰的特殊能力,tunshixingkong-wochixihongshi/吞噬星空_html230.html
第8章 改造,tunshixingkong-wochixihongshi/吞噬星空_html231.html
第9章 成長的一年,tunshixingkong-wochixihongshi/吞噬星空_html232.html
第10章 地球末日,tunshixingkong-wochixihongshi/吞噬星空_html233.html
第11章 緊急召集,tunshixingkong-wochixihongshi/吞噬星空_html234.html
第12章 星空巨獸,tunshixingkong-wochixihongshi/吞噬星空_html235.html
第13章 根若死了，葉子還能活？,tunshixingkong-wochixihongshi/吞噬星空_html236.html
第14章 遺蹟表單,tunshixingkong-wochixihongshi/吞噬星空_html237.html
第15章 噩耗,tunshixingkong-wochixihongshi/吞噬星空_html238.html
第16章 炸！炸！炸！,tunshixingkong-wochixihongshi/吞噬星空_html239.html
第17章 天崩地裂,tunshixingkong-wochixihongshi/吞噬星空_html240.html
第18章 12號遺蹟,tunshixingkong-wochixihongshi/吞噬星空_html241.html
第19章 巨力頂,tunshixingkong-wochixihongshi/吞噬星空_html242.html
第20章 機器人,tunshixingkong-wochixihongshi/吞噬星空_html243.html
第21章 野蠻摧毀,tunshixingkong-wochixihongshi/吞噬星空_html244.html
第22章 瘋狂的吞噬獸,tunshixingkong-wochixihongshi/吞噬星空_html245.html
第23章 烽煙處處,tunshixingkong-wochixihongshi/吞噬星空_html246.html
第24章 境界,tunshixingkong-wochixihongshi/吞噬星空_html247.html
第25章 洪和雷神,tunshixingkong-wochixihongshi/吞噬星空_html248.html
第26章 ‘B6級’鐳射炮,tunshixingkong-wochixihongshi/吞噬星空_html249.html
第27章 射向太空的光柱,tunshixingkong-wochixihongshi/吞噬星空_html250.html
第28章 重創,tunshixingkong-wochixihongshi/吞噬星空_html251.html
第29章 羅峰的責任,tunshixingkong-wochixihongshi/吞噬星空_html252.html
第30章 談笑風生,tunshixingkong-wochixihongshi/吞噬星空_html253.html
第31章 玉石俱焚,tunshixingkong-wochixihongshi/吞噬星空_html254.html
第32章 隕落,tunshixingkong-wochixihongshi/吞噬星空_html255.html
第33章 地球第一精神念師,tunshixingkong-wochixihongshi/吞噬星空_html256.html
第34章 六個人,tunshixingkong-wochixihongshi/吞噬星空_html257.html
第35章 新的篇章,tunshixingkong-wochixihongshi/吞噬星空_html258.html
第36章 生命涅盤,tunshixingkong-wochixihongshi/吞噬星空_html259.html
預告第五篇'宇宙冒險者'兼請假一天,tunshixingkong-wochixihongshi/吞噬星空_html260.html
第1章 傳承記憶,tunshixingkong-wochixihongshi/吞噬星空_html261.html
第2章 地球的變化,tunshixingkong-wochixihongshi/吞噬星空_html262.html
第3章 天賦秘法,tunshixingkong-wochixihongshi/吞噬星空_html263.html
第4章 孕育、誕生,tunshixingkong-wochixihongshi/吞噬星空_html264.html
第5章 平安符,tunshixingkong-wochixihongshi/吞噬星空_html265.html
第6章 半年後,tunshixingkong-wochixihongshi/吞噬星空_html266.html
第7章 羅峰歸來,tunshixingkong-wochixihongshi/吞噬星空_html267.html
第8章 他已經到了,tunshixingkong-wochixihongshi/吞噬星空_html268.html
第9章 轟動,tunshixingkong-wochixihongshi/吞噬星空_html269.html
第10章 亞光速,tunshixingkong-wochixihongshi/吞噬星空_html270.html
第11章 抵達火星,tunshixingkong-wochixihongshi/吞噬星空_html271.html
第12章 礦藏,tunshixingkong-wochixihongshi/吞噬星空_html272.html
第13章 搜刮,tunshixingkong-wochixihongshi/吞噬星空_html273.html
第14章 羅峰的資產,tunshixingkong-wochixihongshi/吞噬星空_html274.html
第15章 地球三強者,tunshixingkong-wochixihongshi/吞噬星空_html275.html
第16章 填鴨式提升,tunshixingkong-wochixihongshi/吞噬星空_html276.html
第17章 虯龍星,tunshixingkong-wochixihongshi/吞噬星空_html277.html
第18章 抵達虯龍星,tunshixingkong-wochixihongshi/吞噬星空_html278.html
第19章 我叫高升,tunshixingkong-wochixihongshi/吞噬星空_html279.html
第20章 帝國公民,tunshixingkong-wochixihongshi/吞噬星空_html280.html
第21章 五大巨無霸,tunshixingkong-wochixihongshi/吞噬星空_html281.html
第22章 虛擬宇宙,tunshixingkong-wochixihongshi/吞噬星空_html282.html
第23章 念力兵器,tunshixingkong-wochixihongshi/吞噬星空_html283.html
第24章 威帝家族,tunshixingkong-wochixihongshi/吞噬星空_html284.html
第25章 奴隸市場,tunshixingkong-wochixihongshi/吞噬星空_html285.html
第26章 心中冰涼,tunshixingkong-wochixihongshi/吞噬星空_html286.html
第27章 離開之前的採購,tunshixingkong-wochixihongshi/吞噬星空_html287.html
第28章 乾巫道場,tunshixingkong-wochixihongshi/吞噬星空_html288.html
第29章 回銀河系,tunshixingkong-wochixihongshi/吞噬星空_html289.html
第30章 羅峰未來的住宅,tunshixingkong-wochixihongshi/吞噬星空_html290.html
第31章 回到地球,tunshixingkong-wochixihongshi/吞噬星空_html291.html
第32章 定計,tunshixingkong-wochixihongshi/吞噬星空_html292.html
第33章 宇宙冒險者來了,tunshixingkong-wochixihongshi/吞噬星空_html293.html
第34章 降臨,tunshixingkong-wochixihongshi/吞噬星空_html294.html
第35章 諾嵐山家族,tunshixingkong-wochixihongshi/吞噬星空_html295.html
第36章 抓捕羅峰三人,tunshixingkong-wochixihongshi/吞噬星空_html296.html
第37章 麻煩大了,tunshixingkong-wochixihongshi/吞噬星空_html297.html
第38章 目標，地球寶藏三章完畢,tunshixingkong-wochixihongshi/吞噬星空_html298.html
第39章 生存基地,tunshixingkong-wochixihongshi/吞噬星空_html299.html
第40章 三個月,tunshixingkong-wochixihongshi/吞噬星空_html300.html
第41章 十萬火急,tunshixingkong-wochixihongshi/吞噬星空_html301.html
第42章 宇宙傭兵,tunshixingkong-wochixihongshi/吞噬星空_html302.html
第43章 鉅額財富,tunshixingkong-wochixihongshi/吞噬星空_html303.html
第44章 這是……,tunshixingkong-wochixihongshi/吞噬星空_html304.html
第45章 激動萬分,tunshixingkong-wochixihongshi/吞噬星空_html305.html
第46章 天空中的投影,tunshixingkong-wochixihongshi/吞噬星空_html306.html
第47章 撤不撤？,tunshixingkong-wochixihongshi/吞噬星空_html307.html
第48章 諾嵐山的命令,tunshixingkong-wochixihongshi/吞噬星空_html308.html
第49章 抓！,tunshixingkong-wochixihongshi/吞噬星空_html309.html
第50章 怒意滔天,tunshixingkong-wochixihongshi/吞噬星空_html310.html
第51章 殺戮場,tunshixingkong-wochixihongshi/吞噬星空_html311.html
第52章 救人,tunshixingkong-wochixihongshi/吞噬星空_html312.html
第53章 大海喋血,tunshixingkong-wochixihongshi/吞噬星空_html313.html
第54章 金角巨獸的實力,tunshixingkong-wochixihongshi/吞噬星空_html314.html
第55章 金角巨獸的最強絕招第五篇終章,tunshixingkong-wochixihongshi/吞噬星空_html315.html
第1章 曼落,tunshixingkong-wochixihongshi/吞噬星空_html316.html
第2章 殺戮場的真正用途,tunshixingkong-wochixihongshi/吞噬星空_html317.html
第3章 諾嵐山,tunshixingkong-wochixihongshi/吞噬星空_html318.html
第4章 動手,tunshixingkong-wochixihongshi/吞噬星空_html319.html
第5章 殺戮場之決戰空間,tunshixingkong-wochixihongshi/吞噬星空_html320.html
第6章 戰！,tunshixingkong-wochixihongshi/吞噬星空_html321.html
第7章 慘敗,tunshixingkong-wochixihongshi/吞噬星空_html322.html
第8章 域主,tunshixingkong-wochixihongshi/吞噬星空_html323.html
第9章 地球人的血統等級,tunshixingkong-wochixihongshi/吞噬星空_html324.html
第10章 離開地球,tunshixingkong-wochixihongshi/吞噬星空_html325.html
第11章 血統進化劑,tunshixingkong-wochixihongshi/吞噬星空_html326.html
第12章 前往滄瀾星,tunshixingkong-wochixihongshi/吞噬星空_html327.html
第13章 雷霆世界,tunshixingkong-wochixihongshi/吞噬星空_html328.html
第14章 初入雷霆,tunshixingkong-wochixihongshi/吞噬星空_html329.html
第15章 獨角鐵犀羣,tunshixingkong-wochixihongshi/吞噬星空_html330.html
第16章 百虎樓,tunshixingkong-wochixihongshi/吞噬星空_html331.html
第17章 星球堡壘,tunshixingkong-wochixihongshi/吞噬星空_html332.html
第18章 萬劍魂印,tunshixingkong-wochixihongshi/吞噬星空_html333.html
第19章 風雷峽谷,tunshixingkong-wochixihongshi/吞噬星空_html334.html
第20章 黑洞,tunshixingkong-wochixihongshi/吞噬星空_html335.html
第21章 風暴,tunshixingkong-wochixihongshi/吞噬星空_html336.html
第22章 勤勞的羅峰,tunshixingkong-wochixihongshi/吞噬星空_html337.html
第23章 想死，就進去！,tunshixingkong-wochixihongshi/吞噬星空_html338.html
第24章 大收穫,tunshixingkong-wochixihongshi/吞噬星空_html339.html
第25章 界主會議,tunshixingkong-wochixihongshi/吞噬星空_html340.html
第26章 核心地帶,tunshixingkong-wochixihongshi/吞噬星空_html341.html
第27章 黑吃黑,tunshixingkong-wochixihongshi/吞噬星空_html342.html
第28章 拉攏,tunshixingkong-wochixihongshi/吞噬星空_html343.html
第29章 弟弟羅華,tunshixingkong-wochixihongshi/吞噬星空_html344.html
第30章 開啓寶藏,tunshixingkong-wochixihongshi/吞噬星空_html345.html
第31章 312件寶物,tunshixingkong-wochixihongshi/吞噬星空_html346.html
第32章 爲寶而狂,tunshixingkong-wochixihongshi/吞噬星空_html347.html
第33章 緊張時刻,tunshixingkong-wochixihongshi/吞噬星空_html348.html
第34章 兌換什麼寶貝？,tunshixingkong-wochixihongshi/吞噬星空_html349.html
第35章 堡內兌換,tunshixingkong-wochixihongshi/吞噬星空_html350.html
第36章 生命果實,tunshixingkong-wochixihongshi/吞噬星空_html351.html
第37章 殺死他們,tunshixingkong-wochixihongshi/吞噬星空_html352.html
第38章 突起波瀾,tunshixingkong-wochixihongshi/吞噬星空_html353.html
第39章 喪家之犬,tunshixingkong-wochixihongshi/吞噬星空_html354.html
第40章 宇宙級,tunshixingkong-wochixihongshi/吞噬星空_html355.html
第41章 摩雲威力,tunshixingkong-wochixihongshi/吞噬星空_html356.html
第42章 一個半月的殺戮,tunshixingkong-wochixihongshi/吞噬星空_html357.html
第43章 刀光劍影,tunshixingkong-wochixihongshi/吞噬星空_html358.html
第44章 最後一次兌換,tunshixingkong-wochixihongshi/吞噬星空_html359.html
第45章 歸途,tunshixingkong-wochixihongshi/吞噬星空_html360.html
第46章 一槍爆頭,tunshixingkong-wochixihongshi/吞噬星空_html361.html
第47章 回到滄瀾星,tunshixingkong-wochixihongshi/吞噬星空_html362.html
第48章 見冥昱,tunshixingkong-wochixihongshi/吞噬星空_html363.html
第49章 界主現身,tunshixingkong-wochixihongshi/吞噬星空_html364.html
第50章 傳承水晶球,tunshixingkong-wochixihongshi/吞噬星空_html365.html
第1章 處理寶物,tunshixingkong-wochixihongshi/吞噬星空_html366.html
第2章 財富飆升,tunshixingkong-wochixihongshi/吞噬星空_html367.html
第3章 履歷,tunshixingkong-wochixihongshi/吞噬星空_html368.html
第4章 鬥武場中,tunshixingkong-wochixihongshi/吞噬星空_html369.html
第5章 夢中的草原,tunshixingkong-wochixihongshi/吞噬星空_html370.html
第6章 回家，地球,tunshixingkong-wochixihongshi/吞噬星空_html371.html
第7章 跨入宇宙級,tunshixingkong-wochixihongshi/吞噬星空_html372.html
第8章 領域、法則,tunshixingkong-wochixihongshi/吞噬星空_html373.html
第9章 羅峰和百卡羅,tunshixingkong-wochixihongshi/吞噬星空_html374.html
第10章 主人,tunshixingkong-wochixihongshi/吞噬星空_html375.html
第11章 太空激戰,tunshixingkong-wochixihongshi/吞噬星空_html376.html
第12章 刀鋒族,tunshixingkong-wochixihongshi/吞噬星空_html377.html
第13章 羅峰的強大,tunshixingkong-wochixihongshi/吞噬星空_html378.html
第14章 機械族飛船,tunshixingkong-wochixihongshi/吞噬星空_html379.html
第15章 懵了,tunshixingkong-wochixihongshi/吞噬星空_html380.html
第16章 拍賣會，來了,tunshixingkong-wochixihongshi/吞噬星空_html381.html
第17章 乾巫宇宙國,tunshixingkong-wochixihongshi/吞噬星空_html382.html
第18章 窒息,tunshixingkong-wochixihongshi/吞噬星空_html383.html
第19章 衍神兵,tunshixingkong-wochixihongshi/吞噬星空_html384.html
第20章 拍賣尾聲,tunshixingkong-wochixihongshi/吞噬星空_html385.html
第21章 第二分身,tunshixingkong-wochixihongshi/吞噬星空_html386.html
第22章 初始宇宙,tunshixingkong-wochixihongshi/吞噬星空_html387.html
第23章 寒冬臘月,tunshixingkong-wochixihongshi/吞噬星空_html388.html
第24章 始動,tunshixingkong-wochixihongshi/吞噬星空_html389.html
第25章 聖地黑龍山,tunshixingkong-wochixihongshi/吞噬星空_html390.html
第26章 懸空榜文,tunshixingkong-wochixihongshi/吞噬星空_html391.html
第27章 大風，起,tunshixingkong-wochixihongshi/吞噬星空_html392.html
第28章 無盡的天才們,tunshixingkong-wochixihongshi/吞噬星空_html393.html
第29章 第一世界區,tunshixingkong-wochixihongshi/吞噬星空_html394.html
第30章 出手,tunshixingkong-wochixihongshi/吞噬星空_html395.html
第31章 瘋子‘羅峰’,tunshixingkong-wochixihongshi/吞噬星空_html396.html
第32章 瘋子和魔錘,tunshixingkong-wochixihongshi/吞噬星空_html397.html
第33章 街頭血戰,tunshixingkong-wochixihongshi/吞噬星空_html398.html
第34章 排名,tunshixingkong-wochixihongshi/吞噬星空_html399.html
第35章 羅峰和風輪,tunshixingkong-wochixihongshi/吞噬星空_html400.html
第36章 衍神兵,tunshixingkong-wochixihongshi/吞噬星空_html401.html
第37章 特使,tunshixingkong-wochixihongshi/吞噬星空_html402.html
第38章 帝國的期待,tunshixingkong-wochixihongshi/吞噬星空_html403.html
第39章 淘汰,tunshixingkong-wochixihongshi/吞噬星空_html404.html
第40章 光線,tunshixingkong-wochixihongshi/吞噬星空_html405.html
第41章 他叫洛,tunshixingkong-wochixihongshi/吞噬星空_html406.html
第42章 羅峰出場,tunshixingkong-wochixihongshi/吞噬星空_html407.html
第43章 石破天驚,tunshixingkong-wochixihongshi/吞噬星空_html408.html
第44章 避而不戰,tunshixingkong-wochixihongshi/吞噬星空_html409.html
第45章 命運的抉擇,tunshixingkong-wochixihongshi/吞噬星空_html410.html
第46章 兩條路,tunshixingkong-wochixihongshi/吞噬星空_html411.html
第47章 唯一的對手,tunshixingkong-wochixihongshi/吞噬星空_html412.html
第48章 連勝,tunshixingkong-wochixihongshi/吞噬星空_html413.html
第49章 強強相撞,tunshixingkong-wochixihongshi/吞噬星空_html414.html
第50章 瘋狂！野蠻！,tunshixingkong-wochixihongshi/吞噬星空_html415.html
第51章 站着和倒下,tunshixingkong-wochixihongshi/吞噬星空_html416.html
第52章 排名,tunshixingkong-wochixihongshi/吞噬星空_html417.html
第53章 三年的地獄訓練,tunshixingkong-wochixihongshi/吞噬星空_html418.html
第54章 三年後的‘瘋子’,tunshixingkong-wochixihongshi/吞噬星空_html419.html
第55章 暗流洶涌,tunshixingkong-wochixihongshi/吞噬星空_html420.html
第56章 魔殺族分身,tunshixingkong-wochixihongshi/吞噬星空_html421.html
第57章 《萬線流》,tunshixingkong-wochixihongshi/吞噬星空_html422.html
第58章 拉開序幕,tunshixingkong-wochixihongshi/吞噬星空_html423.html
第59章 天才聚集,tunshixingkong-wochixihongshi/吞噬星空_html424.html
第60章 殘酷的淘汰,tunshixingkong-wochixihongshi/吞噬星空_html425.html
第61章 羅峰的計劃,tunshixingkong-wochixihongshi/吞噬星空_html426.html
第62章 蟲族母巢,tunshixingkong-wochixihongshi/吞噬星空_html427.html
第63章 微笑的十三,tunshixingkong-wochixihongshi/吞噬星空_html428.html
第64章 四個人,tunshixingkong-wochixihongshi/吞噬星空_html429.html
第65章 生命的燦爛,tunshixingkong-wochixihongshi/吞噬星空_html430.html
第66章 五年沉寂，一朝爆發,tunshixingkong-wochixihongshi/吞噬星空_html431.html
第67章 分流,tunshixingkong-wochixihongshi/吞噬星空_html432.html
第68章 銀河領主,tunshixingkong-wochixihongshi/吞噬星空_html433.html
第69章 四大秘境,tunshixingkong-wochixihongshi/吞噬星空_html434.html
第70章 地位,tunshixingkong-wochixihongshi/吞噬星空_html435.html
第71章 第一戰,tunshixingkong-wochixihongshi/吞噬星空_html436.html
第72章 真正的巔峰對撞,tunshixingkong-wochixihongshi/吞噬星空_html437.html
第73章 前十強,tunshixingkong-wochixihongshi/吞噬星空_html438.html
第74章 低調的對手,tunshixingkong-wochixihongshi/吞噬星空_html439.html
第75章 天才戰落幕,tunshixingkong-wochixihongshi/吞噬星空_html440.html
第1章 距離,tunshixingkong-wochixihongshi/吞噬星空_html441.html
第2章 離別,tunshixingkong-wochixihongshi/吞噬星空_html442.html
第3章 雨相山,tunshixingkong-wochixihongshi/吞噬星空_html443.html
第4章 這就是寶庫！,tunshixingkong-wochixihongshi/吞噬星空_html444.html
第5章 選擇,tunshixingkong-wochixihongshi/吞噬星空_html445.html
第6章 三年後,tunshixingkong-wochixihongshi/吞噬星空_html446.html
第7章 飛船,tunshixingkong-wochixihongshi/吞噬星空_html447.html
第8章 混沌城,tunshixingkong-wochixihongshi/吞噬星空_html448.html
第9章 52尊混沌碑,tunshixingkong-wochixihongshi/吞噬星空_html449.html
第10章 天地變色,tunshixingkong-wochixihongshi/吞噬星空_html450.html
第11章 混沌城主,tunshixingkong-wochixihongshi/吞噬星空_html451.html
第12章 參悟,tunshixingkong-wochixihongshi/吞噬星空_html452.html
第13章 通天橋,tunshixingkong-wochixihongshi/吞噬星空_html453.html
第14章 真衍王,tunshixingkong-wochixihongshi/吞噬星空_html454.html
第15章 第一層,tunshixingkong-wochixihongshi/吞噬星空_html455.html
第16章 宇宙國主,tunshixingkong-wochixihongshi/吞噬星空_html456.html
第17章 《飄血》,tunshixingkong-wochixihongshi/吞噬星空_html457.html
第18章 震撼,tunshixingkong-wochixihongshi/吞噬星空_html458.html
第19章 混沌城第三寶,tunshixingkong-wochixihongshi/吞噬星空_html459.html
第20章 混沌真靈,tunshixingkong-wochixihongshi/吞噬星空_html460.html
第21章 歲月如水,tunshixingkong-wochixihongshi/吞噬星空_html461.html
第22章 攀比,tunshixingkong-wochixihongshi/吞噬星空_html462.html
第23章 一劍飄血,tunshixingkong-wochixihongshi/吞噬星空_html463.html
第24章 枯坐十年,tunshixingkong-wochixihongshi/吞噬星空_html464.html
第25章 瓏玉王,tunshixingkong-wochixihongshi/吞噬星空_html465.html
第26章 羅峰的刀,tunshixingkong-wochixihongshi/吞噬星空_html466.html
第27章 邊打邊學,tunshixingkong-wochixihongshi/吞噬星空_html467.html
第28章 大巧不工,tunshixingkong-wochixihongshi/吞噬星空_html468.html
第29章 跨入域主級,tunshixingkong-wochixihongshi/吞噬星空_html469.html
第30章 進化,tunshixingkong-wochixihongshi/吞噬星空_html470.html
第31章 家,tunshixingkong-wochixihongshi/吞噬星空_html471.html
第32章 拜師？,tunshixingkong-wochixihongshi/吞噬星空_html472.html
第33章 二級子公司,tunshixingkong-wochixihongshi/吞噬星空_html473.html
第34章 悠悠三十年,tunshixingkong-wochixihongshi/吞噬星空_html474.html
第35章 激動,tunshixingkong-wochixihongshi/吞噬星空_html475.html
第36章 闖！,tunshixingkong-wochixihongshi/吞噬星空_html476.html
第37章 悟了,tunshixingkong-wochixihongshi/吞噬星空_html477.html
第38章 基礎,tunshixingkong-wochixihongshi/吞噬星空_html478.html
第39章 雨相山上的相見,tunshixingkong-wochixihongshi/吞噬星空_html479.html
第1章 太初,tunshixingkong-wochixihongshi/吞噬星空_html480.html
第2章 星辰碎片,tunshixingkong-wochixihongshi/吞噬星空_html481.html
第3章 新的起程,tunshixingkong-wochixihongshi/吞噬星空_html482.html
第4章 修復隕墨星號？,tunshixingkong-wochixihongshi/吞噬星空_html483.html
第5章 時空隨筆,tunshixingkong-wochixihongshi/吞噬星空_html484.html
第6章 弱點,tunshixingkong-wochixihongshi/吞噬星空_html485.html
第7章 奕軻,tunshixingkong-wochixihongshi/吞噬星空_html486.html
第8章 不朽祭壇,tunshixingkong-wochixihongshi/吞噬星空_html487.html
第9章 心如鏡 心如刀,tunshixingkong-wochixihongshi/吞噬星空_html488.html
第10章 幻境海,tunshixingkong-wochixihongshi/吞噬星空_html489.html
第11章 修煉世界,tunshixingkong-wochixihongshi/吞噬星空_html490.html
第12章 血洛世界,tunshixingkong-wochixihongshi/吞噬星空_html491.html
第13章 射箭救人,tunshixingkong-wochixihongshi/吞噬星空_html492.html
第14章 燕崗領,tunshixingkong-wochixihongshi/吞噬星空_html493.html
第15章 甲衣,tunshixingkong-wochixihongshi/吞噬星空_html494.html
第16章 殺了他們,tunshixingkong-wochixihongshi/吞噬星空_html495.html
第17章 血武者,tunshixingkong-wochixihongshi/吞噬星空_html496.html
第18章 淳羽家族,tunshixingkong-wochixihongshi/吞噬星空_html497.html
第19章 古神廢墟,tunshixingkong-wochixihongshi/吞噬星空_html498.html
第20章 深夜喋血,tunshixingkong-wochixihongshi/吞噬星空_html499.html
第21章 淳羽陶,tunshixingkong-wochixihongshi/吞噬星空_html500.html
第22章 偵查,tunshixingkong-wochixihongshi/吞噬星空_html501.html
第23章 夜訪,tunshixingkong-wochixihongshi/吞噬星空_html502.html
第24章 美麗的血洛晶,tunshixingkong-wochixihongshi/吞噬星空_html503.html
第25章 血洛晶的神奇,tunshixingkong-wochixihongshi/吞噬星空_html504.html
第26章 對血洛晶的渴望,tunshixingkong-wochixihongshi/吞噬星空_html505.html
第27章 勝之不武,tunshixingkong-wochixihongshi/吞噬星空_html506.html
第28章 神殿使者,tunshixingkong-wochixihongshi/吞噬星空_html507.html
第29章 魔殺族分身發飆,tunshixingkong-wochixihongshi/吞噬星空_html508.html
第30章 意外之喜,tunshixingkong-wochixihongshi/吞噬星空_html509.html
第31章 抉擇,tunshixingkong-wochixihongshi/吞噬星空_html510.html
第32章 離開,tunshixingkong-wochixihongshi/吞噬星空_html511.html
第33章 融合,tunshixingkong-wochixihongshi/吞噬星空_html512.html
第34章 命運,tunshixingkong-wochixihongshi/吞噬星空_html513.html
第35章 古神廢墟,tunshixingkong-wochixihongshi/吞噬星空_html514.html
第36章 巨坑,tunshixingkong-wochixihongshi/吞噬星空_html515.html
第37章 遠古圖影,tunshixingkong-wochixihongshi/吞噬星空_html516.html
第38章 兩年,tunshixingkong-wochixihongshi/吞噬星空_html517.html
第39章 通天橋第六層,tunshixingkong-wochixihongshi/吞噬星空_html518.html
第40章 羅峰和伯蘭,tunshixingkong-wochixihongshi/吞噬星空_html519.html
第41章 坑底的存在,tunshixingkong-wochixihongshi/吞噬星空_html520.html
第42章 死亡，或者臣服！,tunshixingkong-wochixihongshi/吞噬星空_html521.html
第43章 荒獸岐牛,tunshixingkong-wochixihongshi/吞噬星空_html522.html
第44章 狂喜,tunshixingkong-wochixihongshi/吞噬星空_html523.html
第45章 金角巨獸的蛻變,tunshixingkong-wochixihongshi/吞噬星空_html524.html
第46章 異變,tunshixingkong-wochixihongshi/吞噬星空_html525.html
第47章 狩獵計劃,tunshixingkong-wochixihongshi/吞噬星空_html526.html
第48章 融合,tunshixingkong-wochixihongshi/吞噬星空_html527.html
第49章 三十年後,tunshixingkong-wochixihongshi/吞噬星空_html528.html
第50章 修心三重境界,tunshixingkong-wochixihongshi/吞噬星空_html529.html
第51章 煞氣漩渦,tunshixingkong-wochixihongshi/吞噬星空_html530.html
第52章 漩渦核心內,tunshixingkong-wochixihongshi/吞噬星空_html531.html
第53章 拜見血神,tunshixingkong-wochixihongshi/吞噬星空_html532.html
第54章 不朽神殿,tunshixingkong-wochixihongshi/吞噬星空_html533.html
第55章 遺蹟,tunshixingkong-wochixihongshi/吞噬星空_html534.html
第56章 獸神雕像,tunshixingkong-wochixihongshi/吞噬星空_html535.html
第57章 太值了,tunshixingkong-wochixihongshi/吞噬星空_html536.html
第58章 雨刀門,tunshixingkong-wochixihongshi/吞噬星空_html537.html
第59章 八十年後的納可,tunshixingkong-wochixihongshi/吞噬星空_html538.html
第60章 羅峰戰界主,tunshixingkong-wochixihongshi/吞噬星空_html539.html
第61章 去死吧！,tunshixingkong-wochixihongshi/吞噬星空_html540.html
第62章 天蝕宮,tunshixingkong-wochixihongshi/吞噬星空_html541.html
第63章 天蝕宮主,tunshixingkong-wochixihongshi/吞噬星空_html542.html
第1章 劍之世界,tunshixingkong-wochixihongshi/吞噬星空_html543.html
第2章 血洛晶的價格,tunshixingkong-wochixihongshi/吞噬星空_html544.html
第3章 通天山,tunshixingkong-wochixihongshi/吞噬星空_html545.html
第4章 以一敵三,tunshixingkong-wochixihongshi/吞噬星空_html546.html
第5章 五大高手,tunshixingkong-wochixihongshi/吞噬星空_html547.html
第6章 通天橋第七層,tunshixingkong-wochixihongshi/吞噬星空_html548.html
第7章 新人羅峰,tunshixingkong-wochixihongshi/吞噬星空_html549.html
第8章 改變,tunshixingkong-wochixihongshi/吞噬星空_html550.html
第9章 挑釁,tunshixingkong-wochixihongshi/吞噬星空_html551.html
第10章 衍神兵,tunshixingkong-wochixihongshi/吞噬星空_html552.html
第11章 暴怒,tunshixingkong-wochixihongshi/吞噬星空_html553.html
第12章 《黑洞衍變》,tunshixingkong-wochixihongshi/吞噬星空_html554.html
第13章 對賭,tunshixingkong-wochixihongshi/吞噬星空_html555.html
第14章 降臨,tunshixingkong-wochixihongshi/吞噬星空_html556.html
第15章 彪悍的羅峰,tunshixingkong-wochixihongshi/吞噬星空_html557.html
第16章 絕境任務,tunshixingkong-wochixihongshi/吞噬星空_html558.html
第17章 魔山,tunshixingkong-wochixihongshi/吞噬星空_html559.html
第18章 魄瑜侯,tunshixingkong-wochixihongshi/吞噬星空_html560.html
第19章 各自準備,tunshixingkong-wochixihongshi/吞噬星空_html561.html
第20章 探測,tunshixingkong-wochixihongshi/吞噬星空_html562.html
第21章 發現奧秘,tunshixingkong-wochixihongshi/吞噬星空_html563.html
第22章 追殺,tunshixingkong-wochixihongshi/吞噬星空_html564.html
第23章 前狼後虎,tunshixingkong-wochixihongshi/吞噬星空_html565.html
第24章 是誰？,tunshixingkong-wochixihongshi/吞噬星空_html566.html
第25章 死亡陷阱,tunshixingkong-wochixihongshi/吞噬星空_html567.html
第26章 域主九階的對手,tunshixingkong-wochixihongshi/吞噬星空_html568.html
第27章 E9級鐳射槍,tunshixingkong-wochixihongshi/吞噬星空_html569.html
第28章 毀滅之威,tunshixingkong-wochixihongshi/吞噬星空_html570.html
第29章 肥羊,tunshixingkong-wochixihongshi/吞噬星空_html571.html
第30章 金陽老祖,tunshixingkong-wochixihongshi/吞噬星空_html572.html
第31章 莫洛,tunshixingkong-wochixihongshi/吞噬星空_html573.html
第32章 深淵的吼聲,tunshixingkong-wochixihongshi/吞噬星空_html574.html
第33章 深淵世界,tunshixingkong-wochixihongshi/吞噬星空_html575.html
第34章 不朽,tunshixingkong-wochixihongshi/吞噬星空_html576.html
第35章 禁地傳承,tunshixingkong-wochixihongshi/吞噬星空_html577.html
第36章 處死,tunshixingkong-wochixihongshi/吞噬星空_html578.html
第37章 初選者,tunshixingkong-wochixihongshi/吞噬星空_html579.html
第38章 焦急,tunshixingkong-wochixihongshi/吞噬星空_html580.html
第39章 羅峰的極限,tunshixingkong-wochixihongshi/吞噬星空_html581.html
第40章 漏洞,tunshixingkong-wochixihongshi/吞噬星空_html582.html
第41章 殿堂留寶,tunshixingkong-wochixihongshi/吞噬星空_html583.html
第42章 資格戰，開始！,tunshixingkong-wochixihongshi/吞噬星空_html584.html
第43章 資格戰,tunshixingkong-wochixihongshi/吞噬星空_html585.html
第44章 白矮星,tunshixingkong-wochixihongshi/吞噬星空_html586.html
第45章 那一爪,tunshixingkong-wochixihongshi/吞噬星空_html587.html
第46章 三人,tunshixingkong-wochixihongshi/吞噬星空_html588.html
第47章 原始秘境,tunshixingkong-wochixihongshi/吞噬星空_html589.html
第48章 塵埃落定,tunshixingkong-wochixihongshi/吞噬星空_html590.html
第49章 爭奪戰,tunshixingkong-wochixihongshi/吞噬星空_html591.html
第50章 羅峰戰伯蘭,tunshixingkong-wochixihongshi/吞噬星空_html592.html
第51章 羅峰戰莫洛,tunshixingkong-wochixihongshi/吞噬星空_html593.html
第52章 威脅,tunshixingkong-wochixihongshi/吞噬星空_html594.html
第53章 震驚,tunshixingkong-wochixihongshi/吞噬星空_html595.html
第54章 羅峰和克羅夫，最後的戰鬥,tunshixingkong-wochixihongshi/吞噬星空_html596.html
第55章 聲明,tunshixingkong-wochixihongshi/吞噬星空_html597.html
第56章 迪倫,tunshixingkong-wochixihongshi/吞噬星空_html598.html
第57章 不朽老師,tunshixingkong-wochixihongshi/吞噬星空_html599.html
第58章 傳承結束,tunshixingkong-wochixihongshi/吞噬星空_html600.html
第59章 出去,tunshixingkong-wochixihongshi/吞噬星空_html601.html
第60章 地獄無門你闖進來,tunshixingkong-wochixihongshi/吞噬星空_html602.html
第61章 鉅額獎勵,tunshixingkong-wochixihongshi/吞噬星空_html603.html
第62章 三份獎勵,tunshixingkong-wochixihongshi/吞噬星空_html604.html
第63章 羅峰的計劃,tunshixingkong-wochixihongshi/吞噬星空_html605.html
第64章 意外消息,tunshixingkong-wochixihongshi/吞噬星空_html606.html
第65章 羅峰的決定,tunshixingkong-wochixihongshi/吞噬星空_html607.html
第1章 第四巨頭,tunshixingkong-wochixihongshi/吞噬星空_html608.html
第2章 神國,tunshixingkong-wochixihongshi/吞噬星空_html609.html
第3章 前往乾巫宇宙國,tunshixingkong-wochixihongshi/吞噬星空_html610.html
第4章 老師的遺產,tunshixingkong-wochixihongshi/吞噬星空_html611.html
第5章 摩雲藤的進化,tunshixingkong-wochixihongshi/吞噬星空_html612.html
第6章 秘紋固化,tunshixingkong-wochixihongshi/吞噬星空_html613.html
第7章 請求離開,tunshixingkong-wochixihongshi/吞噬星空_html614.html
第8章 新隕墨星號,tunshixingkong-wochixihongshi/吞噬星空_html615.html
第9章 羅峰上任,tunshixingkong-wochixihongshi/吞噬星空_html616.html
第10章 籌備,tunshixingkong-wochixihongshi/吞噬星空_html617.html
第11章 接風宴,tunshixingkong-wochixihongshi/吞噬星空_html618.html
第12章 吹捧,tunshixingkong-wochixihongshi/吞噬星空_html619.html
第13章 那是我大哥,tunshixingkong-wochixihongshi/吞噬星空_html620.html
第14章 原來是這樣,tunshixingkong-wochixihongshi/吞噬星空_html621.html
第15章 幻靈王,tunshixingkong-wochixihongshi/吞噬星空_html622.html
第16章 賭命,tunshixingkong-wochixihongshi/吞噬星空_html623.html
第17章 懸於一線,tunshixingkong-wochixihongshi/吞噬星空_html624.html
第18章 子非魚，焉知魚之樂,tunshixingkong-wochixihongshi/吞噬星空_html625.html
第19章 NO.9,tunshixingkong-wochixihongshi/吞噬星空_html626.html
第20章 異變,tunshixingkong-wochixihongshi/吞噬星空_html627.html
第21章 地球,tunshixingkong-wochixihongshi/吞噬星空_html628.html
第22章 聽到了,tunshixingkong-wochixihongshi/吞噬星空_html629.html
第23章 老家,tunshixingkong-wochixihongshi/吞噬星空_html630.html
第24章 蟲族母巢計劃,tunshixingkong-wochixihongshi/吞噬星空_html631.html
第25章 羅家藏寶庫,tunshixingkong-wochixihongshi/吞噬星空_html632.html
第26章 焱神族,tunshixingkong-wochixihongshi/吞噬星空_html633.html
第27章 無名,tunshixingkong-wochixihongshi/吞噬星空_html634.html
第28章 能量守恆,tunshixingkong-wochixihongshi/吞噬星空_html635.html
第29章 地球上的50年,tunshixingkong-wochixihongshi/吞噬星空_html636.html
第30章 第九軍團,tunshixingkong-wochixihongshi/吞噬星空_html637.html
第31章 金角族羣,tunshixingkong-wochixihongshi/吞噬星空_html638.html
第32章 枕戈以待,tunshixingkong-wochixihongshi/吞噬星空_html639.html
第33章 獵殺不朽神靈,tunshixingkong-wochixihongshi/吞噬星空_html640.html
第34章 不朽之戰,tunshixingkong-wochixihongshi/吞噬星空_html641.html
第35章 災難,tunshixingkong-wochixihongshi/吞噬星空_html642.html
第36章 不朽級蟲族母巢,tunshixingkong-wochixihongshi/吞噬星空_html643.html
第37章 盤點,tunshixingkong-wochixihongshi/吞噬星空_html644.html
第38章 分別前,tunshixingkong-wochixihongshi/吞噬星空_html645.html
第39章 衍神兵創造者,tunshixingkong-wochixihongshi/吞噬星空_html646.html
第40章 拉斯奧世界,tunshixingkong-wochixihongshi/吞噬星空_html647.html
第41章 十萬部落,tunshixingkong-wochixihongshi/吞噬星空_html648.html
第42章 星空巨獸,tunshixingkong-wochixihongshi/吞噬星空_html649.html
第43章 神宮外,tunshixingkong-wochixihongshi/吞噬星空_html650.html
第44章 機遇,tunshixingkong-wochixihongshi/吞噬星空_html651.html
第45章 羅峰和卑牀,tunshixingkong-wochixihongshi/吞噬星空_html652.html
第46章 對決,tunshixingkong-wochixihongshi/吞噬星空_html653.html
第47章 聖碑,tunshixingkong-wochixihongshi/吞噬星空_html654.html
第48章 界主級,tunshixingkong-wochixihongshi/吞噬星空_html655.html
第49章 界主級的參悟速度,tunshixingkong-wochixihongshi/吞噬星空_html656.html
第50章 本源法則承認,tunshixingkong-wochixihongshi/吞噬星空_html657.html
第51章 秘典塔,tunshixingkong-wochixihongshi/吞噬星空_html658.html
第52章 第999層,tunshixingkong-wochixihongshi/吞噬星空_html659.html
第53章 選擇,tunshixingkong-wochixihongshi/吞噬星空_html660.html
第54章 希羅多的絕學,tunshixingkong-wochixihongshi/吞噬星空_html661.html
第55章 潛伏,tunshixingkong-wochixihongshi/吞噬星空_html662.html
第56章 克布長老,tunshixingkong-wochixihongshi/吞噬星空_html663.html
第57章 意外收穫,tunshixingkong-wochixihongshi/吞噬星空_html664.html
第58章 雕像,tunshixingkong-wochixihongshi/吞噬星空_html665.html
第59章 形與神,tunshixingkong-wochixihongshi/吞噬星空_html666.html
第60章 積分,tunshixingkong-wochixihongshi/吞噬星空_html667.html
第61章 萬心控魂秘法,tunshixingkong-wochixihongshi/吞噬星空_html668.html
第62章 迴歸銀河系,tunshixingkong-wochixihongshi/吞噬星空_html669.html
第1章 蟲族母皇,tunshixingkong-wochixihongshi/吞噬星空_html670.html
第2章 奴僕蟲族母皇,tunshixingkong-wochixihongshi/吞噬星空_html671.html
第3章 蟲族,tunshixingkong-wochixihongshi/吞噬星空_html672.html
第4章 百萬界主軍團,tunshixingkong-wochixihongshi/吞噬星空_html673.html
第5章 九大星域,tunshixingkong-wochixihongshi/吞噬星空_html674.html
第6章 田睘,tunshixingkong-wochixihongshi/吞噬星空_html675.html
第7章 毋窿星域,tunshixingkong-wochixihongshi/吞噬星空_html676.html
第8章 中型世界,tunshixingkong-wochixihongshi/吞噬星空_html677.html
第9章 6號,tunshixingkong-wochixihongshi/吞噬星空_html678.html
第10章 淘寶,tunshixingkong-wochixihongshi/吞噬星空_html679.html
第11章 生死90秒,tunshixingkong-wochixihongshi/吞噬星空_html680.html
第12章 死吧！,tunshixingkong-wochixihongshi/吞噬星空_html681.html
第13章 羅峰的死劫,tunshixingkong-wochixihongshi/吞噬星空_html682.html
第14章 金角巨獸Vs不朽神靈,tunshixingkong-wochixihongshi/吞噬星空_html683.html
第15章 羅峰的作戰計劃,tunshixingkong-wochixihongshi/吞噬星空_html684.html
第16章 死無對證,tunshixingkong-wochixihongshi/吞噬星空_html685.html
第17章 魘燭王,tunshixingkong-wochixihongshi/吞噬星空_html686.html
第18章 關押,tunshixingkong-wochixihongshi/吞噬星空_html687.html
第19章 蝕火尊者,tunshixingkong-wochixihongshi/吞噬星空_html688.html
第20章 直指本心,tunshixingkong-wochixihongshi/吞噬星空_html689.html
第21章 報復,tunshixingkong-wochixihongshi/吞噬星空_html690.html
第22章 垃圾山淘寶,tunshixingkong-wochixihongshi/吞噬星空_html691.html
第23章 召喚,tunshixingkong-wochixihongshi/吞噬星空_html692.html
第24章 兵,tunshixingkong-wochixihongshi/吞噬星空_html693.html
第25章 兩年,tunshixingkong-wochixihongshi/吞噬星空_html694.html
第26章 最高積分任務,tunshixingkong-wochixihongshi/吞噬星空_html695.html
第27章 貝斯星球,tunshixingkong-wochixihongshi/吞噬星空_html696.html
第28章 神,tunshixingkong-wochixihongshi/吞噬星空_html697.html
第29章 魔神宮,tunshixingkong-wochixihongshi/吞噬星空_html698.html
第30章 羅峰的懲罰,tunshixingkong-wochixihongshi/吞噬星空_html699.html
第31章 神秘的潘西,tunshixingkong-wochixihongshi/吞噬星空_html700.html
第32章 界主九階,tunshixingkong-wochixihongshi/吞噬星空_html701.html
第33章 狂轟亂炸,tunshixingkong-wochixihongshi/吞噬星空_html702.html
第34章 洛克神水,tunshixingkong-wochixihongshi/吞噬星空_html703.html
第35章 宇宙尊者的接見,tunshixingkong-wochixihongshi/吞噬星空_html704.html
第36章 傳送,tunshixingkong-wochixihongshi/吞噬星空_html705.html
第37章 地球！地球！,tunshixingkong-wochixihongshi/吞噬星空_html706.html
第38章 談判,tunshixingkong-wochixihongshi/吞噬星空_html707.html
第39章 一封郵件,tunshixingkong-wochixihongshi/吞噬星空_html708.html
第40章 大軍調動,tunshixingkong-wochixihongshi/吞噬星空_html709.html
第41章 降臨,tunshixingkong-wochixihongshi/吞噬星空_html710.html
第42章 尊者的懲罰,tunshixingkong-wochixihongshi/吞噬星空_html711.html
第43章 攪動風雲,tunshixingkong-wochixihongshi/吞噬星空_html712.html
第44章 九劍尊者,tunshixingkong-wochixihongshi/吞噬星空_html713.html
第45章 洪的際遇,tunshixingkong-wochixihongshi/吞噬星空_html714.html
第46章 地球的秘密,tunshixingkong-wochixihongshi/吞噬星空_html715.html
第1章 羅峰的選擇,tunshixingkong-wochixihongshi/吞噬星空_html716.html
第2章 鴻盟？,tunshixingkong-wochixihongshi/吞噬星空_html717.html
第3章 掙扎,tunshixingkong-wochixihongshi/吞噬星空_html718.html
第4章 拉比特,tunshixingkong-wochixihongshi/吞噬星空_html719.html
第5章 任務完成度,tunshixingkong-wochixihongshi/吞噬星空_html720.html
第6章 第三環任務,tunshixingkong-wochixihongshi/吞噬星空_html721.html
第7章 血魔王和羅峰,tunshixingkong-wochixihongshi/吞噬星空_html722.html
第8章 羅峰的審判,tunshixingkong-wochixihongshi/吞噬星空_html723.html
第9章 第四環任務,tunshixingkong-wochixihongshi/吞噬星空_html724.html
第10章 蒼雪世界,tunshixingkong-wochixihongshi/吞噬星空_html725.html
第11章 家主羅峰,tunshixingkong-wochixihongshi/吞噬星空_html726.html
第12章 落幕,tunshixingkong-wochixihongshi/吞噬星空_html727.html
第13章 百善孝爲先,tunshixingkong-wochixihongshi/吞噬星空_html728.html
第14章 混沌城安家,tunshixingkong-wochixihongshi/吞噬星空_html729.html
第15章 老師的禮物,tunshixingkong-wochixihongshi/吞噬星空_html730.html
第16章 《獸神七殺》,tunshixingkong-wochixihongshi/吞噬星空_html731.html
第17章 修煉生涯,tunshixingkong-wochixihongshi/吞噬星空_html732.html
第18章 闖通天橋,tunshixingkong-wochixihongshi/吞噬星空_html733.html
第19章 爆！爆！爆！,tunshixingkong-wochixihongshi/吞噬星空_html734.html
第20章 大震動,tunshixingkong-wochixihongshi/吞噬星空_html735.html
第21章 引爆,tunshixingkong-wochixihongshi/吞噬星空_html736.html
第22章 求才若渴,tunshixingkong-wochixihongshi/吞噬星空_html737.html
第23章 混沌城主,tunshixingkong-wochixihongshi/吞噬星空_html738.html
第24章 功成,tunshixingkong-wochixihongshi/吞噬星空_html739.html
第25章 域主級資格戰,tunshixingkong-wochixihongshi/吞噬星空_html740.html
第26章 食星草,tunshixingkong-wochixihongshi/吞噬星空_html741.html
第27章 八百年,tunshixingkong-wochixihongshi/吞噬星空_html742.html
第28章 親傳弟子,tunshixingkong-wochixihongshi/吞噬星空_html743.html
第29章 界主級的資源獎勵,tunshixingkong-wochixihongshi/吞噬星空_html744.html
第30章 原始秘境界主,tunshixingkong-wochixihongshi/吞噬星空_html745.html
第31章 秘密,tunshixingkong-wochixihongshi/吞噬星空_html746.html
第32章 弒吳羽翼,tunshixingkong-wochixihongshi/吞噬星空_html747.html
第33章 宇宙的極限,tunshixingkong-wochixihongshi/吞噬星空_html748.html
第34章 悠悠三百年,tunshixingkong-wochixihongshi/吞噬星空_html749.html
第35章 離開混沌城,tunshixingkong-wochixihongshi/吞噬星空_html750.html
第36章 羅峰的蟲族軍團,tunshixingkong-wochixihongshi/吞噬星空_html751.html
第37章 毋窿星域,tunshixingkong-wochixihongshi/吞噬星空_html752.html
第38章 銀色戰甲,tunshixingkong-wochixihongshi/吞噬星空_html753.html
第39章 役鳥星,tunshixingkong-wochixihongshi/吞噬星空_html754.html
第1章 界主戰將,tunshixingkong-wochixihongshi/吞噬星空_html755.html
第2章 疆域的秘密,tunshixingkong-wochixihongshi/吞噬星空_html756.html
第3章 融入集 體,tunshixingkong-wochixihongshi/吞噬星空_html757.html
第4章 AAA神靈基地,tunshixingkong-wochixihongshi/吞噬星空_html758.html
第5章 解體,tunshixingkong-wochixihongshi/吞噬星空_html759.html
第6章 危局,tunshixingkong-wochixihongshi/吞噬星空_html760.html
第7章 踢到鐵板？,tunshixingkong-wochixihongshi/吞噬星空_html761.html
第8章 羅峰的劍,tunshixingkong-wochixihongshi/吞噬星空_html762.html
第9章 軍功,tunshixingkong-wochixihongshi/吞噬星空_html763.html
第10章 碎星帶,tunshixingkong-wochixihongshi/吞噬星空_html764.html
第11章 異族‘雷泉族’,tunshixingkong-wochixihongshi/吞噬星空_html765.html
第12章 第一筆軍功,tunshixingkong-wochixihongshi/吞噬星空_html766.html
第13章 半年,tunshixingkong-wochixihongshi/吞噬星空_html767.html
第14章 仇敵,tunshixingkong-wochixihongshi/吞噬星空_html768.html
第15章 湮滅,tunshixingkong-wochixihongshi/吞噬星空_html769.html
第16章 黑手,tunshixingkong-wochixihongshi/吞噬星空_html770.html
第17章 邀請,tunshixingkong-wochixihongshi/吞噬星空_html771.html
第18章 妖族的特殊獎勵,tunshixingkong-wochixihongshi/吞噬星空_html772.html
第19章 獵物,tunshixingkong-wochixihongshi/吞噬星空_html773.html
第20章 盛開的食星草,tunshixingkong-wochixihongshi/吞噬星空_html774.html
第21章 速戰速決,tunshixingkong-wochixihongshi/吞噬星空_html775.html
第22章 獨自離去,tunshixingkong-wochixihongshi/吞噬星空_html776.html
第23章 焱祭大陸,tunshixingkong-wochixihongshi/吞噬星空_html777.html
第24章 諾嵐山？,tunshixingkong-wochixihongshi/吞噬星空_html778.html
第25章 諾嵐山的驚恐,tunshixingkong-wochixihongshi/吞噬星空_html779.html
第26章 叛族罪,tunshixingkong-wochixihongshi/吞噬星空_html780.html
第27章 征戰,tunshixingkong-wochixihongshi/吞噬星空_html781.html
第28章 螻蟻,tunshixingkong-wochixihongshi/吞噬星空_html782.html
第29章 百年歲月,tunshixingkong-wochixihongshi/吞噬星空_html783.html
第30章 試刀,tunshixingkong-wochixihongshi/吞噬星空_html784.html
第31章 斬！,tunshixingkong-wochixihongshi/吞噬星空_html785.html
第32章 更該死,tunshixingkong-wochixihongshi/吞噬星空_html786.html
第33章 湖泊上的決戰,tunshixingkong-wochixihongshi/吞噬星空_html787.html
第34章 奇異怪獸,tunshixingkong-wochixihongshi/吞噬星空_html788.html
第35章 羅峰的難題,tunshixingkong-wochixihongshi/吞噬星空_html789.html
第36章 至寶‘弒吳羽翼’,tunshixingkong-wochixihongshi/吞噬星空_html790.html
第37章 霧沙島中創絕學,tunshixingkong-wochixihongshi/吞噬星空_html791.html
第38章 千年，絕學成,tunshixingkong-wochixihongshi/吞噬星空_html792.html
第39章 家鄉，明月,tunshixingkong-wochixihongshi/吞噬星空_html793.html
第十五 篇推遲到明天,tunshixingkong-wochixihongshi/吞噬星空_html794.html
第1章 焱祭大陸主大陸,tunshixingkong-wochixihongshi/吞噬星空_html795.html
第2章 積累軍功,tunshixingkong-wochixihongshi/吞噬星空_html796.html
第3章 儘早剷除,tunshixingkong-wochixihongshi/吞噬星空_html797.html
第4章 銷聲匿跡,tunshixingkong-wochixihongshi/吞噬星空_html798.html
第5章 常在河邊走,tunshixingkong-wochixihongshi/吞噬星空_html799.html
第6章 逼急了,tunshixingkong-wochixihongshi/吞噬星空_html800.html
第7章 九絕神國,tunshixingkong-wochixihongshi/吞噬星空_html801.html
第8章 被壓制,tunshixingkong-wochixihongshi/吞噬星空_html802.html
第9章 羅峰的反擊,tunshixingkong-wochixihongshi/吞噬星空_html803.html
第10章 偷雞不成蝕把米,tunshixingkong-wochixihongshi/吞噬星空_html804.html
第11章 星辰塔,tunshixingkong-wochixihongshi/吞噬星空_html805.html
第12章 風雲，起,tunshixingkong-wochixihongshi/吞噬星空_html806.html
第13章 抉擇,tunshixingkong-wochixihongshi/吞噬星空_html807.html
第14章 港灣,tunshixingkong-wochixihongshi/吞噬星空_html808.html
第15章 戰利品總價,tunshixingkong-wochixihongshi/吞噬星空_html809.html
第16章 結交,tunshixingkong-wochixihongshi/吞噬星空_html810.html
第17章 血洛晶的訊息,tunshixingkong-wochixihongshi/吞噬星空_html811.html
第18章 底氣十足,tunshixingkong-wochixihongshi/吞噬星空_html812.html
第19章 摩雲,tunshixingkong-wochixihongshi/吞噬星空_html813.html
第20章 建神國,tunshixingkong-wochixihongshi/吞噬星空_html814.html
第21章 焱祭大陸之相遇,tunshixingkong-wochixihongshi/吞噬星空_html815.html
第22章 激戰,tunshixingkong-wochixihongshi/吞噬星空_html816.html
第23章 逃,tunshixingkong-wochixihongshi/吞噬星空_html817.html
第24章 目標‘30秒’,tunshixingkong-wochixihongshi/吞噬星空_html818.html
第25章 隕落,tunshixingkong-wochixihongshi/吞噬星空_html819.html
第26章 六方獄界,tunshixingkong-wochixihongshi/吞噬星空_html820.html
第27章 寸寸查探,tunshixingkong-wochixihongshi/吞噬星空_html821.html
第28章 厲害啊,tunshixingkong-wochixihongshi/吞噬星空_html822.html
第29章 驚喜的寶物,tunshixingkong-wochixihongshi/吞噬星空_html823.html
第30章 大機緣,tunshixingkong-wochixihongshi/吞噬星空_html824.html
第31章 都捨不得,tunshixingkong-wochixihongshi/吞噬星空_html825.html
第32章 加入鴻盟,tunshixingkong-wochixihongshi/吞噬星空_html826.html
第33章 第二劫成,tunshixingkong-wochixihongshi/吞噬星空_html827.html
第34章 鴻盟城內,tunshixingkong-wochixihongshi/吞噬星空_html828.html
第35章 鴻盟城內的店鋪,tunshixingkong-wochixihongshi/吞噬星空_html829.html
第36章 金甲,tunshixingkong-wochixihongshi/吞噬星空_html830.html
第37章 判定,tunshixingkong-wochixihongshi/吞噬星空_html831.html
第38章 悠悠數十年,tunshixingkong-wochixihongshi/吞噬星空_html832.html
第39章 焱祭，波瀾起,tunshixingkong-wochixihongshi/吞噬星空_html833.html
第40章 祭塔,tunshixingkong-wochixihongshi/吞噬星空_html834.html
第41章 古老神國,tunshixingkong-wochixihongshi/吞噬星空_html835.html
第42章 佈局,tunshixingkong-wochixihongshi/吞噬星空_html836.html
第43章 藏寶室,tunshixingkong-wochixihongshi/吞噬星空_html837.html
第44章 自相殘殺！,tunshixingkong-wochixihongshi/吞噬星空_html838.html
第45章 火拼,tunshixingkong-wochixihongshi/吞噬星空_html839.html
第46章 慘況,tunshixingkong-wochixihongshi/吞噬星空_html840.html
第47章 虯赤卡現身,tunshixingkong-wochixihongshi/吞噬星空_html841.html
第48章 寶藏,tunshixingkong-wochixihongshi/吞噬星空_html842.html
第49章 圖窮匕見,tunshixingkong-wochixihongshi/吞噬星空_html843.html
第50章 赴死,tunshixingkong-wochixihongshi/吞噬星空_html844.html
第51章 紫鐘王的威脅,tunshixingkong-wochixihongshi/吞噬星空_html845.html
第52章 那你們就死吧,tunshixingkong-wochixihongshi/吞噬星空_html846.html
第53章 大贏家,tunshixingkong-wochixihongshi/吞噬星空_html847.html
第54章 族羣，崛起！,tunshixingkong-wochixihongshi/吞噬星空_html848.html
第55章 金甲怪獸,tunshixingkong-wochixihongshi/吞噬星空_html849.html
第56章 鎖鏈寶箱,tunshixingkong-wochixihongshi/吞噬星空_html850.html
第57章 秘紋武器,tunshixingkong-wochixihongshi/吞噬星空_html851.html
第58章 一桶涼水,tunshixingkong-wochixihongshi/吞噬星空_html852.html
第59章 謠言,tunshixingkong-wochixihongshi/吞噬星空_html853.html
第60章 名爲‘費摩’,tunshixingkong-wochixihongshi/吞噬星空_html854.html
第61章 開始了,tunshixingkong-wochixihongshi/吞噬星空_html855.html
第62章 羅峰的張揚,tunshixingkong-wochixihongshi/吞噬星空_html856.html
第63章 紫鐘王現身,tunshixingkong-wochixihongshi/吞噬星空_html857.html
第64章 激戰,tunshixingkong-wochixihongshi/吞噬星空_html858.html
第65章 瘋子！！！,tunshixingkong-wochixihongshi/吞噬星空_html859.html
第66章 隕落,tunshixingkong-wochixihongshi/吞噬星空_html860.html
第67章 震懾,tunshixingkong-wochixihongshi/吞噬星空_html861.html
第68章 刀光成河,tunshixingkong-wochixihongshi/吞噬星空_html862.html
第69章 刀河王,tunshixingkong-wochixihongshi/吞噬星空_html863.html
第1章 紫鍾,tunshixingkong-wochixihongshi/吞噬星空_html864.html
第2章 復甦的重箭王,tunshixingkong-wochixihongshi/吞噬星空_html865.html
第3章 星辰塔,tunshixingkong-wochixihongshi/吞噬星空_html866.html
第4章 入塔,tunshixingkong-wochixihongshi/吞噬星空_html867.html
第5章 禁地護衛,tunshixingkong-wochixihongshi/吞噬星空_html868.html
第6章 危機感,tunshixingkong-wochixihongshi/吞噬星空_html869.html
第7章 人的名,tunshixingkong-wochixihongshi/吞噬星空_html870.html
第8章 晨混王,tunshixingkong-wochixihongshi/吞噬星空_html871.html
第9章 強者雲聚,tunshixingkong-wochixihongshi/吞噬星空_html872.html
第10章 殺戮之地,tunshixingkong-wochixihongshi/吞噬星空_html873.html
第11章 結盟,tunshixingkong-wochixihongshi/吞噬星空_html874.html
第12章 刺殺,tunshixingkong-wochixihongshi/吞噬星空_html875.html
第13章 等待中的羅峰,tunshixingkong-wochixihongshi/吞噬星空_html876.html
第14章 大變局,tunshixingkong-wochixihongshi/吞噬星空_html877.html
第15章 接引者,tunshixingkong-wochixihongshi/吞噬星空_html878.html
第16章 緣由,tunshixingkong-wochixihongshi/吞噬星空_html879.html
第17章 生死傳承,tunshixingkong-wochixihongshi/吞噬星空_html880.html
第18章 漫長歲月,tunshixingkong-wochixihongshi/吞噬星空_html881.html
第19章 希望和絕望,tunshixingkong-wochixihongshi/吞噬星空_html882.html
第20章 很想……你們……,tunshixingkong-wochixihongshi/吞噬星空_html883.html
第21章 羅峰甦醒,tunshixingkong-wochixihongshi/吞噬星空_html884.html
第22章 異族大能者,tunshixingkong-wochixihongshi/吞噬星空_html885.html
第23章 地球一脈的未來,tunshixingkong-wochixihongshi/吞噬星空_html886.html
第24章 坐船遊塔,tunshixingkong-wochixihongshi/吞噬星空_html887.html
第25章 星辰,tunshixingkong-wochixihongshi/吞噬星空_html888.html
第26章 羅峰的瞬移,tunshixingkong-wochixihongshi/吞噬星空_html889.html
第27章 羅峰歸來,tunshixingkong-wochixihongshi/吞噬星空_html890.html
今天暫停一天準備第十七篇,tunshixingkong-wochixihongshi/吞噬星空_html891.html
第1章 混沌城主問話,tunshixingkong-wochixihongshi/吞噬星空_html892.html
第2章 把酒言歡,tunshixingkong-wochixihongshi/吞噬星空_html893.html
第3章 劍闥王請罪,tunshixingkong-wochixihongshi/吞噬星空_html894.html
第4章 羅峰的仁慈,tunshixingkong-wochixihongshi/吞噬星空_html895.html
第5章 獵捕,tunshixingkong-wochixihongshi/吞噬星空_html896.html
第6章 鎮壓,tunshixingkong-wochixihongshi/吞噬星空_html897.html
第7章 雛形,tunshixingkong-wochixihongshi/吞噬星空_html898.html
第8章 羅峰的衛隊,tunshixingkong-wochixihongshi/吞噬星空_html899.html
第9章 雙子旋域,tunshixingkong-wochixihongshi/吞噬星空_html900.html
第10章 戰天陣王,tunshixingkong-wochixihongshi/吞噬星空_html901.html
第11章 羅峰現身,tunshixingkong-wochixihongshi/吞噬星空_html902.html
第12章 生死兄弟,tunshixingkong-wochixihongshi/吞噬星空_html903.html
第13章 一線鞭影,tunshixingkong-wochixihongshi/吞噬星空_html904.html
第14章 羅峰戰黑剃王,tunshixingkong-wochixihongshi/吞噬星空_html905.html
第15章 刀河王的傳說,tunshixingkong-wochixihongshi/吞噬星空_html906.html
第16章 原始通天山,tunshixingkong-wochixihongshi/吞噬星空_html907.html
第17章 賭注,tunshixingkong-wochixihongshi/吞噬星空_html908.html
第18章 戰鬥21層,tunshixingkong-wochixihongshi/吞噬星空_html909.html
第19章 魔手王,tunshixingkong-wochixihongshi/吞噬星空_html910.html
第20章 回地球,tunshixingkong-wochixihongshi/吞噬星空_html911.html
第21章 一則命令,tunshixingkong-wochixihongshi/吞噬星空_html912.html
第22章 千藤食星草,tunshixingkong-wochixihongshi/吞噬星空_html913.html
第23章 重傷的魔手王,tunshixingkong-wochixihongshi/吞噬星空_html914.html
第24章 神體分裂,tunshixingkong-wochixihongshi/吞噬星空_html915.html
第25章 烏華秘境,tunshixingkong-wochixihongshi/吞噬星空_html916.html
第26章 名爲‘兠寇’,tunshixingkong-wochixihongshi/吞噬星空_html917.html
第27章 塔拉莎老師,tunshixingkong-wochixihongshi/吞噬星空_html918.html
第28章 暴露,tunshixingkong-wochixihongshi/吞噬星空_html919.html
第29章 逃,tunshixingkong-wochixihongshi/吞噬星空_html920.html
第30章 冰獄,tunshixingkong-wochixihongshi/吞噬星空_html921.html
第31章 身陷冰獄,tunshixingkong-wochixihongshi/吞噬星空_html922.html
第32章 殺機,tunshixingkong-wochixihongshi/吞噬星空_html923.html
第33章 取死之道,tunshixingkong-wochixihongshi/吞噬星空_html924.html
第34章 蒼絳族,tunshixingkong-wochixihongshi/吞噬星空_html925.html
第35章 十大封王,tunshixingkong-wochixihongshi/吞噬星空_html926.html
第36章 絕學,tunshixingkong-wochixihongshi/吞噬星空_html927.html
第37章 尋找人類,tunshixingkong-wochixihongshi/吞噬星空_html928.html
第38章 擊電奔星,tunshixingkong-wochixihongshi/吞噬星空_html929.html
第39章 初戰,tunshixingkong-wochixihongshi/吞噬星空_html930.html
第40章 銀眸現身,tunshixingkong-wochixihongshi/吞噬星空_html931.html
第41章 死神一指,tunshixingkong-wochixihongshi/吞噬星空_html932.html
第42章 羅峰的傳音,tunshixingkong-wochixihongshi/吞噬星空_html933.html
第43章 輕鬆到手,tunshixingkong-wochixihongshi/吞噬星空_html934.html
第44章 焦急,tunshixingkong-wochixihongshi/吞噬星空_html935.html
第45章 蟄伏的兩千年,tunshixingkong-wochixihongshi/吞噬星空_html936.html
第46章 見天狼,tunshixingkong-wochixihongshi/吞噬星空_html937.html
第47章 天狼的寶物,tunshixingkong-wochixihongshi/吞噬星空_html938.html
第48章 算計,tunshixingkong-wochixihongshi/吞噬星空_html939.html
第49章 羅峰的原計劃,tunshixingkong-wochixihongshi/吞噬星空_html940.html
第50章 天狼之主,tunshixingkong-wochixihongshi/吞噬星空_html941.html
第51章 混沌城主降臨,tunshixingkong-wochixihongshi/吞噬星空_html942.html
第52章 看透,tunshixingkong-wochixihongshi/吞噬星空_html943.html
第53章 名傳宇宙,tunshixingkong-wochixihongshi/吞噬星空_html944.html
第54章 真衍王和羅峰,tunshixingkong-wochixihongshi/吞噬星空_html945.html
第55章 傳承之地,tunshixingkong-wochixihongshi/吞噬星空_html946.html
第1章 紫荊島,tunshixingkong-wochixihongshi/吞噬星空_html947.html
第2章 護教獸神,tunshixingkong-wochixihongshi/吞噬星空_html948.html
第3章 三條通道,tunshixingkong-wochixihongshi/吞噬星空_html949.html
第4章 傳承,tunshixingkong-wochixihongshi/吞噬星空_html950.html
第5章 推斷,tunshixingkong-wochixihongshi/吞噬星空_html951.html
第6章 寶藏之地,tunshixingkong-wochixihongshi/吞噬星空_html952.html
第7章 尊者和封王,tunshixingkong-wochixihongshi/吞噬星空_html953.html
第8章 他是刀河王,tunshixingkong-wochixihongshi/吞噬星空_html954.html
第9章 成名煩惱,tunshixingkong-wochixihongshi/吞噬星空_html955.html
第10章 鴻盟團體,tunshixingkong-wochixihongshi/吞噬星空_html956.html
第11章 艱難的邀戰,tunshixingkong-wochixihongshi/吞噬星空_html957.html
第12章 接戰？,tunshixingkong-wochixihongshi/吞噬星空_html958.html
第13章 羅峰的實力,tunshixingkong-wochixihongshi/吞噬星空_html959.html
第14章 62萬場！！！,tunshixingkong-wochixihongshi/吞噬星空_html960.html
第15章 贏！贏！贏！,tunshixingkong-wochixihongshi/吞噬星空_html961.html
第16章 震驚宇宙,tunshixingkong-wochixihongshi/吞噬星空_html962.html
第17章 殺死他！,tunshixingkong-wochixihongshi/吞噬星空_html963.html
第18章 十面埋伏,tunshixingkong-wochixihongshi/吞噬星空_html964.html
第19章 刺殺，羅峰死！,tunshixingkong-wochixihongshi/吞噬星空_html965.html
第20章 一碰就死,tunshixingkong-wochixihongshi/吞噬星空_html966.html
第21章 唯有靈魂,tunshixingkong-wochixihongshi/吞噬星空_html967.html
第22章 離去,tunshixingkong-wochixihongshi/吞噬星空_html968.html
第23章 世界樹,tunshixingkong-wochixihongshi/吞噬星空_html969.html
第24章 空間漩渦,tunshixingkong-wochixihongshi/吞噬星空_html970.html
第25章 蟲洞,tunshixingkong-wochixihongshi/吞噬星空_html971.html
第26章 本源至寶,tunshixingkong-wochixihongshi/吞噬星空_html972.html
第27章 驟變,tunshixingkong-wochixihongshi/吞噬星空_html973.html
第28章 誕生,tunshixingkong-wochixihongshi/吞噬星空_html974.html
第29章 天賦秘法,tunshixingkong-wochixihongshi/吞噬星空_html975.html
第30章 九幽時空,tunshixingkong-wochixihongshi/吞噬星空_html976.html
第31章 炸,tunshixingkong-wochixihongshi/吞噬星空_html977.html
第32章 吠鏡王,tunshixingkong-wochixihongshi/吞噬星空_html978.html
第33章 宇宙之鏡,tunshixingkong-wochixihongshi/吞噬星空_html979.html
第34章 戰,tunshixingkong-wochixihongshi/吞噬星空_html980.html
第35章 九幽漩渦,tunshixingkong-wochixihongshi/吞噬星空_html981.html
第36章 另一個天地,tunshixingkong-wochixihongshi/吞噬星空_html982.html
第37章 九幽之主,tunshixingkong-wochixihongshi/吞噬星空_html983.html
第38章 慶賀,tunshixingkong-wochixihongshi/吞噬星空_html984.html
第39章 真衍尊者,tunshixingkong-wochixihongshi/吞噬星空_html985.html
第40章 圍剿,tunshixingkong-wochixihongshi/吞噬星空_html986.html
第41章 世界樹枝葉,tunshixingkong-wochixihongshi/吞噬星空_html987.html
第42章 孕育第三分身！,tunshixingkong-wochixihongshi/吞噬星空_html988.html
第43章 穿梭九幽世界,tunshixingkong-wochixihongshi/吞噬星空_html989.html
第44章 送死,tunshixingkong-wochixihongshi/吞噬星空_html990.html
第45章 逃出生天,tunshixingkong-wochixihongshi/吞噬星空_html991.html
第46章 父皇,tunshixingkong-wochixihongshi/吞噬星空_html992.html
第47章 秘辛,tunshixingkong-wochixihongshi/吞噬星空_html993.html
第48章 抵達皇海,tunshixingkong-wochixihongshi/吞噬星空_html994.html
第49章 憤怒的九幽之主,tunshixingkong-wochixihongshi/吞噬星空_html995.html
第50章 第三分身,tunshixingkong-wochixihongshi/吞噬星空_html996.html
慚愧再多請假一天10號開始更新,tunshixingkong-wochixihongshi/吞噬星空_html997.html
第1章 寶藏！寶藏！,tunshixingkong-wochixihongshi/吞噬星空_html998.html
第2章 古船銀河,tunshixingkong-wochixihongshi/吞噬星空_html999.html
第3章 天生獸神,tunshixingkong-wochixihongshi/吞噬星空_html1000.html
第4章 生命基因層次,tunshixingkong-wochixihongshi/吞噬星空_html1001.html
第5章 6400倍,tunshixingkong-wochixihongshi/吞噬星空_html1002.html
第6章 第三分身，成！,tunshixingkong-wochixihongshi/吞噬星空_html1003.html
第7章 天賦秘法,tunshixingkong-wochixihongshi/吞噬星空_html1004.html
第8章 創造！,tunshixingkong-wochixihongshi/吞噬星空_html1005.html
第9章 500年後的驚變,tunshixingkong-wochixihongshi/吞噬星空_html1006.html
第10章 我爲宇宙,tunshixingkong-wochixihongshi/吞噬星空_html1007.html
第11章 羅峰的世界,tunshixingkong-wochixihongshi/吞噬星空_html1008.html
第12章 法則成，跨不朽,tunshixingkong-wochixihongshi/吞噬星空_html1009.html
第13章 究極絕學,tunshixingkong-wochixihongshi/吞噬星空_html1010.html
第14章 宇宙流浪五萬年,tunshixingkong-wochixihongshi/吞噬星空_html1011.html
第15章 不朽神靈羅峰,tunshixingkong-wochixihongshi/吞噬星空_html1012.html
第16章 神威如獄,tunshixingkong-wochixihongshi/吞噬星空_html1013.html
第17章 羅峰的神國,tunshixingkong-wochixihongshi/吞噬星空_html1014.html
第18章 山腰,tunshixingkong-wochixihongshi/吞噬星空_html1015.html
第19章 榮耀,tunshixingkong-wochixihongshi/吞噬星空_html1016.html
第20章 吠鏡王和刀河王,tunshixingkong-wochixihongshi/吞噬星空_html1017.html
第21章 瘋狂的羅峰,tunshixingkong-wochixihongshi/吞噬星空_html1018.html
第22章 宇宙霸主,tunshixingkong-wochixihongshi/吞噬星空_html1019.html
第23章 刀河王，你夠狠！,tunshixingkong-wochixihongshi/吞噬星空_html1020.html
第24章 證明自己,tunshixingkong-wochixihongshi/吞噬星空_html1021.html
第25章 最高會議,tunshixingkong-wochixihongshi/吞噬星空_html1022.html
第26章 武裝,tunshixingkong-wochixihongshi/吞噬星空_html1023.html
第27章 逆轉時空,tunshixingkong-wochixihongshi/吞噬星空_html1024.html
第28章 金線極光鏡,tunshixingkong-wochixihongshi/吞噬星空_html1025.html
第29章 風口浪尖,tunshixingkong-wochixihongshi/吞噬星空_html1026.html
第30章 最高會議,tunshixingkong-wochixihongshi/吞噬星空_html1027.html
第31章 原始星,tunshixingkong-wochixihongshi/吞噬星空_html1028.html
第32章 強者上門,tunshixingkong-wochixihongshi/吞噬星空_html1029.html
第33章 前往焱神族,tunshixingkong-wochixihongshi/吞噬星空_html1030.html
第1章 焱帝,tunshixingkong-wochixihongshi/吞噬星空_html1031.html
第2章 天羅地網,tunshixingkong-wochixihongshi/吞噬星空_html1032.html
第3章 宇宙霸主們,tunshixingkong-wochixihongshi/吞噬星空_html1033.html
第4章 一招出，盡皆失色,tunshixingkong-wochixihongshi/吞噬星空_html1034.html
第5章 原始星開啓,tunshixingkong-wochixihongshi/吞噬星空_html1035.html
第6章 首次碰面,tunshixingkong-wochixihongshi/吞噬星空_html1036.html
第7章 焱帝的野望,tunshixingkong-wochixihongshi/吞噬星空_html1037.html
第8章 這就是劫甲！,tunshixingkong-wochixihongshi/吞噬星空_html1038.html
第9章 進入原始星,tunshixingkong-wochixihongshi/吞噬星空_html1039.html
第10章 走路踩到重寶,tunshixingkong-wochixihongshi/吞噬星空_html1040.html
第21章 戰力，全爆！,tunshixingkong-wochixihongshi/吞噬星空_html1041.html
第12章 雙翼如蓋,tunshixingkong-wochixihongshi/吞噬星空_html1042.html
第13章 劍河羅,tunshixingkong-wochixihongshi/吞噬星空_html1043.html
第14章 速逃,tunshixingkong-wochixihongshi/吞噬星空_html1044.html
第15章 岐血之矛,tunshixingkong-wochixihongshi/吞噬星空_html1045.html
第16章 不可小瞧超級勢力,tunshixingkong-wochixihongshi/吞噬星空_html1046.html
第17章 原始星上的相遇,tunshixingkong-wochixihongshi/吞噬星空_html1047.html
第18章 天暘尊者,tunshixingkong-wochixihongshi/吞噬星空_html1048.html
第19章 覆魔之主,tunshixingkong-wochixihongshi/吞噬星空_html1049.html
第20章 三位宇宙之主的碰面,tunshixingkong-wochixihongshi/吞噬星空_html1050.html
第21章 星空巨獸聯盟聖地,tunshixingkong-wochixihongshi/吞噬星空_html1051.html
第22章 九虓河,tunshixingkong-wochixihongshi/吞噬星空_html1052.html
第23章 出發,tunshixingkong-wochixihongshi/吞噬星空_html1053.html
第24章 殷伐秘境匠神星,tunshixingkong-wochixihongshi/吞噬星空_html1054.html
第25章 蛹合尊者,tunshixingkong-wochixihongshi/吞噬星空_html1055.html
第26章 火焰中,tunshixingkong-wochixihongshi/吞噬星空_html1056.html
第27章 匠神星之火焰空間,tunshixingkong-wochixihongshi/吞噬星空_html1057.html
第28章 匠神之主歸來,tunshixingkong-wochixihongshi/吞噬星空_html1058.html
第29章 絕地,tunshixingkong-wochixihongshi/吞噬星空_html1059.html
第30章 絕地中的囚徒,tunshixingkong-wochixihongshi/吞噬星空_html1060.html
第31章 星空中的金色河流,tunshixingkong-wochixihongshi/吞噬星空_html1061.html
第32章 星淚金,tunshixingkong-wochixihongshi/吞噬星空_html1062.html
第33章 星空神山,tunshixingkong-wochixihongshi/吞噬星空_html1063.html
第34章 金角之主,tunshixingkong-wochixihongshi/吞噬星空_html1064.html
第35章 星空巨獸始祖,tunshixingkong-wochixihongshi/吞噬星空_html1065.html
第36章 獸神界,tunshixingkong-wochixihongshi/吞噬星空_html1066.html
第37章 唯一的可能,tunshixingkong-wochixihongshi/吞噬星空_html1067.html
第38章 意外,tunshixingkong-wochixihongshi/吞噬星空_html1068.html
第39章 我爲宇宙,tunshixingkong-wochixihongshi/吞噬星空_html1069.html
第40章 億年歲月,tunshixingkong-wochixihongshi/吞噬星空_html1070.html
第41章 秘法天成,tunshixingkong-wochixihongshi/吞噬星空_html1071.html
第42章 戰始祖,tunshixingkong-wochixihongshi/吞噬星空_html1072.html
第43章 名爲‘北巖’,tunshixingkong-wochixihongshi/吞噬星空_html1073.html
第44章 迴歸原宇宙,tunshixingkong-wochixihongshi/吞噬星空_html1074.html
第45章 困境,tunshixingkong-wochixihongshi/吞噬星空_html1075.html
第46章 拜訪,tunshixingkong-wochixihongshi/吞噬星空_html1076.html
第47章 移動寶庫,tunshixingkong-wochixihongshi/吞噬星空_html1077.html
第48章 是羅峰！,tunshixingkong-wochixihongshi/吞噬星空_html1078.html
第49章 獵物,tunshixingkong-wochixihongshi/吞噬星空_html1079.html
第50章 陷阱！！！,tunshixingkong-wochixihongshi/吞噬星空_html1080.html
第51章 頂尖宇宙霸主,tunshixingkong-wochixihongshi/吞噬星空_html1081.html
第52章 鑄就威名,tunshixingkong-wochixihongshi/吞噬星空_html1082.html
第53章 逃跑的天暘尊者,tunshixingkong-wochixihongshi/吞噬星空_html1083.html
第54章 天，怎麼黑了,tunshixingkong-wochixihongshi/吞噬星空_html1084.html
第55章 羽翼至寶,tunshixingkong-wochixihongshi/吞噬星空_html1085.html
第56章 羽翼之變,tunshixingkong-wochixihongshi/吞噬星空_html1086.html
第57章 梵挪堡主和羅峰,tunshixingkong-wochixihongshi/吞噬星空_html1087.html
第58章 孛雪藤,tunshixingkong-wochixihongshi/吞噬星空_html1088.html
第59章 復活,tunshixingkong-wochixihongshi/吞噬星空_html1089.html
第60章 歧神殿,tunshixingkong-wochixihongshi/吞噬星空_html1090.html
第61章 決議,tunshixingkong-wochixihongshi/吞噬星空_html1091.html
第62章 羅峰的決斷,tunshixingkong-wochixihongshi/吞噬星空_html1092.html
第63章 我的家鄉‘地球’,tunshixingkong-wochixihongshi/吞噬星空_html1093.html
第64章 震動,tunshixingkong-wochixihongshi/吞噬星空_html1094.html
第65章 我心寧靜,tunshixingkong-wochixihongshi/吞噬星空_html1095.html
第1章 根基已成,tunshixingkong-wochixihongshi/吞噬星空_html1096.html
第2章 告別,tunshixingkong-wochixihongshi/吞噬星空_html1097.html
第3章 星辰塔消失,tunshixingkong-wochixihongshi/吞噬星空_html1098.html
第4章 尋找星辰塔,tunshixingkong-wochixihongshi/吞噬星空_html1099.html
第5章 古頦秘境,tunshixingkong-wochixihongshi/吞噬星空_html1100.html
第6章 血雲殿,tunshixingkong-wochixihongshi/吞噬星空_html1101.html
第7章 殿主現身,tunshixingkong-wochixihongshi/吞噬星空_html1102.html
第8章 承諾,tunshixingkong-wochixihongshi/吞噬星空_html1103.html
第9章 生命基因的瓶頸,tunshixingkong-wochixihongshi/吞噬星空_html1104.html
第10章 急了,tunshixingkong-wochixihongshi/吞噬星空_html1105.html
第11章 最強降臨,tunshixingkong-wochixihongshi/吞噬星空_html1106.html
第12章 祖神戰魔神,tunshixingkong-wochixihongshi/吞噬星空_html1107.html
第13章 虛真魔神,tunshixingkong-wochixihongshi/吞噬星空_html1108.html
第14章 宇宙的寵愛,tunshixingkong-wochixihongshi/吞噬星空_html1109.html
第15章 僞裝,tunshixingkong-wochixihongshi/吞噬星空_html1110.html
第16章 天華尊者,tunshixingkong-wochixihongshi/吞噬星空_html1111.html
第17章 啓動,tunshixingkong-wochixihongshi/吞噬星空_html1112.html
第18章 混戰,tunshixingkong-wochixihongshi/吞噬星空_html1113.html
第19章 一刀之威,tunshixingkong-wochixihongshi/吞噬星空_html1114.html
第20章 風起,tunshixingkong-wochixihongshi/吞噬星空_html1115.html
第21章 圍剿票,tunshixingkong-wochixihongshi/吞噬星空_html1116.html
第22章 殺！,tunshixingkong-wochixihongshi/吞噬星空_html1117.html
第23章 黑色汪洋,tunshixingkong-wochixihongshi/吞噬星空_html1118.html
第24章 血光,tunshixingkong-wochixihongshi/吞噬星空_html1119.html
第26章 笑到最後,tunshixingkong-wochixihongshi/吞噬星空_html1120.html
第27章 一鍋端！,tunshixingkong-wochixihongshi/吞噬星空_html1121.html
第28章 你是宇宙之主,tunshixingkong-wochixihongshi/吞噬星空_html1122.html
第29章 去受死,tunshixingkong-wochixihongshi/吞噬星空_html1123.html
第30章 大自在,tunshixingkong-wochixihongshi/吞噬星空_html1124.html
第31章 兇威,tunshixingkong-wochixihongshi/吞噬星空_html1125.html
第32章 血雲之威,tunshixingkong-wochixihongshi/吞噬星空_html1126.html
第33章 斬殺,tunshixingkong-wochixihongshi/吞噬星空_html1127.html
第34章 鎮鬯谷,tunshixingkong-wochixihongshi/吞噬星空_html1128.html
第35章 星河之主,tunshixingkong-wochixihongshi/吞噬星空_html1129.html
第36章 銷贓,tunshixingkong-wochixihongshi/吞噬星空_html1130.html
第37章 至寶庫,tunshixingkong-wochixihongshi/吞噬星空_html1131.html
第1章 六巨頭聚,tunshixingkong-wochixihongshi/吞噬星空_html1132.html
第2章 原,tunshixingkong-wochixihongshi/吞噬星空_html1133.html
第3章 虛擬宇宙,tunshixingkong-wochixihongshi/吞噬星空_html1134.html
第4章 戎鈞,tunshixingkong-wochixihongshi/吞噬星空_html1135.html
第5章 我說過,tunshixingkong-wochixihongshi/吞噬星空_html1136.html
第6章 羅峰的命令,tunshixingkong-wochixihongshi/吞噬星空_html1137.html
第7章 地球一脈,tunshixingkong-wochixihongshi/吞噬星空_html1138.html
第8章 弒吳羽翼第二形態,tunshixingkong-wochixihongshi/吞噬星空_html1139.html
第9章 金色蛤蟆,tunshixingkong-wochixihongshi/吞噬星空_html1140.html
第10章 垣奧之主,tunshixingkong-wochixihongshi/吞噬星空_html1141.html
第11章 覺暗大陸,tunshixingkong-wochixihongshi/吞噬星空_html1142.html
第12章 波瓦神,tunshixingkong-wochixihongshi/吞噬星空_html1143.html
第13章 炬煉,tunshixingkong-wochixihongshi/吞噬星空_html1144.html
第14章 佈局之始,tunshixingkong-wochixihongshi/吞噬星空_html1145.html
第15章 垣奧至高神,tunshixingkong-wochixihongshi/吞噬星空_html1146.html
第16章 新的路線,tunshixingkong-wochixihongshi/吞噬星空_html1147.html
第17章 奇物,tunshixingkong-wochixihongshi/吞噬星空_html1148.html
第18章 九幽之主,tunshixingkong-wochixihongshi/吞噬星空_html1149.html
第19章 九幽*海眼,tunshixingkong-wochixihongshi/吞噬星空_html1150.html
第20章 蹂躪,tunshixingkong-wochixihongshi/吞噬星空_html1151.html
第21章 鎮封,tunshixingkong-wochixihongshi/吞噬星空_html1152.html
第22章 黑宙創始者,tunshixingkong-wochixihongshi/吞噬星空_html1153.html
第23章 旋元遺留,tunshixingkong-wochixihongshi/吞噬星空_html1154.html
第24章 傾峰界殘,tunshixingkong-wochixihongshi/吞噬星空_html1155.html
第25章 瘋狂的爭奪,tunshixingkong-wochixihongshi/吞噬星空_html1156.html
第26章 那是我的,tunshixingkong-wochixihongshi/吞噬星空_html1157.html
第27章 羅峰和天狼之主,tunshixingkong-wochixihongshi/吞噬星空_html1158.html
第28章 火焰沙杯,tunshixingkong-wochixihongshi/吞噬星空_html1159.html
第29章 宇宙海,tunshixingkong-wochixihongshi/吞噬星空_html1160.html
第1章 託亞黑洞,tunshixingkong-wochixihongshi/吞噬星空_html1161.html
第2章 破損的宇宙,tunshixingkong-wochixihongshi/吞噬星空_html1162.html
第3章 傾峰界外域,tunshixingkong-wochixihongshi/吞噬星空_html1163.html
第4章 普緹的野望,tunshixingkong-wochixihongshi/吞噬星空_html1164.html
第5章 求救,tunshixingkong-wochixihongshi/吞噬星空_html1165.html
第6章 安永之主和羅峰,tunshixingkong-wochixihongshi/吞噬星空_html1166.html
第7章 神眼族,tunshixingkong-wochixihongshi/吞噬星空_html1167.html
第8章 隕落,tunshixingkong-wochixihongshi/吞噬星空_html1168.html
第9章 羽翼的吸引,tunshixingkong-wochixihongshi/吞噬星空_html1169.html
第10章 羽翼空間,tunshixingkong-wochixihongshi/吞噬星空_html1170.html
第11章 警惕,tunshixingkong-wochixihongshi/吞噬星空_html1171.html
第12章 圍毆！,tunshixingkong-wochixihongshi/吞噬星空_html1172.html
第13章 玩具,tunshixingkong-wochixihongshi/吞噬星空_html1173.html
第14章 滾開,tunshixingkong-wochixihongshi/吞噬星空_html1174.html
第15章 至強至寶之靈,tunshixingkong-wochixihongshi/吞噬星空_html1175.html
第16章 靈,tunshixingkong-wochixihongshi/吞噬星空_html1176.html
第17章 認主,tunshixingkong-wochixihongshi/吞噬星空_html1177.html
第18章 爭,tunshixingkong-wochixihongshi/吞噬星空_html1178.html
第19章 千年,tunshixingkong-wochixihongshi/吞噬星空_html1179.html
第20章 另一條通道,tunshixingkong-wochixihongshi/吞噬星空_html1180.html
第21章 闖輪迴,tunshixingkong-wochixihongshi/吞噬星空_html1181.html
第22章 巨斧,tunshixingkong-wochixihongshi/吞噬星空_html1182.html
第23章 族羣貢獻,tunshixingkong-wochixihongshi/吞噬星空_html1183.html
第24章 黑紋石柱,tunshixingkong-wochixihongshi/吞噬星空_html1184.html
第25章 幻界王,tunshixingkong-wochixihongshi/吞噬星空_html1185.html
第26章 滅神澗,tunshixingkong-wochixihongshi/吞噬星空_html1186.html
第27章 因沱,tunshixingkong-wochixihongshi/吞噬星空_html1187.html
第28章 出土,tunshixingkong-wochixihongshi/吞噬星空_html1188.html
第29章 誰都走不掉！,tunshixingkong-wochixihongshi/吞噬星空_html1189.html
第30章 急，急，急,tunshixingkong-wochixihongshi/吞噬星空_html1190.html
第31章 爭一線生機,tunshixingkong-wochixihongshi/吞噬星空_html1191.html
第32章 焰水湖,tunshixingkong-wochixihongshi/吞噬星空_html1192.html
第33章 紫月聖地,tunshixingkong-wochixihongshi/吞噬星空_html1193.html
第34章 殺局,tunshixingkong-wochixihongshi/吞噬星空_html1194.html
第35章 一飛沖天,tunshixingkong-wochixihongshi/吞噬星空_html1195.html
第36章 一起上絕路,tunshixingkong-wochixihongshi/吞噬星空_html1196.html
第37章 當然去,tunshixingkong-wochixihongshi/吞噬星空_html1197.html
第38章 平息,tunshixingkong-wochixihongshi/吞噬星空_html1198.html
第39章 趕往宇宙舟,tunshixingkong-wochixihongshi/吞噬星空_html1199.html
第40章 滅絕神鎧,tunshixingkong-wochixihongshi/吞噬星空_html1200.html
第41章 最強者降臨,tunshixingkong-wochixihongshi/吞噬星空_html1201.html
第42章 瘋魔,tunshixingkong-wochixihongshi/吞噬星空_html1202.html
第43章 島,tunshixingkong-wochixihongshi/吞噬星空_html1203.html
第44章 魔砉,tunshixingkong-wochixihongshi/吞噬星空_html1204.html
第45章 交出寶物,tunshixingkong-wochixihongshi/吞噬星空_html1205.html
第46章 巨斧，最強之戰！,tunshixingkong-wochixihongshi/吞噬星空_html1206.html
第47章 巨斧的斧頭,tunshixingkong-wochixihongshi/吞噬星空_html1207.html
第48章 低頭,tunshixingkong-wochixihongshi/吞噬星空_html1208.html
第49章 秘紋和秘法,tunshixingkong-wochixihongshi/吞噬星空_html1209.html
第50章 裂金和銀翼,tunshixingkong-wochixihongshi/吞噬星空_html1210.html
第51章 燕鷹之主,tunshixingkong-wochixihongshi/吞噬星空_html1211.html
第52章 黑紋石柱前,tunshixingkong-wochixihongshi/吞噬星空_html1212.html
第53章 淨眼之主,tunshixingkong-wochixihongshi/吞噬星空_html1213.html
第54章 傳遞,tunshixingkong-wochixihongshi/吞噬星空_html1214.html
第55章 留言,tunshixingkong-wochixihongshi/吞噬星空_html1215.html
第1章 地,tunshixingkong-wochixihongshi/吞噬星空_html1216.html
第2章 舟,tunshixingkong-wochixihongshi/吞噬星空_html1217.html
第3章 鹿蟲和羅峰,tunshixingkong-wochixihongshi/吞噬星空_html1218.html
第4章 閘門,tunshixingkong-wochixihongshi/吞噬星空_html1219.html
第5章 我名斷東河*吳,tunshixingkong-wochixihongshi/吞噬星空_html1220.html
第6章 艱難抉擇,tunshixingkong-wochixihongshi/吞噬星空_html1221.html
第7章 族類,tunshixingkong-wochixihongshi/吞噬星空_html1222.html
第8章 隕落一位,tunshixingkong-wochixihongshi/吞噬星空_html1223.html
第9章 生死廊道,tunshixingkong-wochixihongshi/吞噬星空_html1224.html
第10章 愈演愈烈,tunshixingkong-wochixihongshi/吞噬星空_html1225.html
第11章 始祖,tunshixingkong-wochixihongshi/吞噬星空_html1226.html
第12章 犀皇局,tunshixingkong-wochixihongshi/吞噬星空_html1227.html
第13章 規則,tunshixingkong-wochixihongshi/吞噬星空_html1228.html
第14章 惡毒,tunshixingkong-wochixihongshi/吞噬星空_html1229.html
第15章 滅殺,tunshixingkong-wochixihongshi/吞噬星空_html1230.html
第16章 冰崖堡,tunshixingkong-wochixihongshi/吞噬星空_html1231.html
第17章 咬牙切齒,tunshixingkong-wochixihongshi/吞噬星空_html1232.html
第18章 原祖和斷東河,tunshixingkong-wochixihongshi/吞噬星空_html1233.html
第19章 捨我其誰,tunshixingkong-wochixihongshi/吞噬星空_html1234.html
第20章 三千年,tunshixingkong-wochixihongshi/吞噬星空_html1235.html
第21章 第二瓶頸,tunshixingkong-wochixihongshi/吞噬星空_html1236.html
第22章 意志！突破！,tunshixingkong-wochixihongshi/吞噬星空_html1237.html
第23章 落幕,tunshixingkong-wochixihongshi/吞噬星空_html1238.html
第24章 盡皆要死,tunshixingkong-wochixihongshi/吞噬星空_html1239.html
第25章 至強至寶？可笑！,tunshixingkong-wochixihongshi/吞噬星空_html1240.html
第26章 冰崖堡的抵擋,tunshixingkong-wochixihongshi/吞噬星空_html1241.html
第27章 族羣的希望,tunshixingkong-wochixihongshi/吞噬星空_html1242.html
第28章 刀之傳承,tunshixingkong-wochixihongshi/吞噬星空_html1243.html
第29章 羅峰的刀法,tunshixingkong-wochixihongshi/吞噬星空_html1244.html
第30章 新生,tunshixingkong-wochixihongshi/吞噬星空_html1245.html
第31章 新任斷東河,tunshixingkong-wochixihongshi/吞噬星空_html1246.html
第32章 核心傳承,tunshixingkong-wochixihongshi/吞噬星空_html1247.html
第33章 消逝的斷東河,tunshixingkong-wochixihongshi/吞噬星空_html1248.html
第34章 這，就是傳承空間,tunshixingkong-wochixihongshi/吞噬星空_html1249.html
第35章 講道,tunshixingkong-wochixihongshi/吞噬星空_html1250.html
第36章 人類的轉折,tunshixingkong-wochixihongshi/吞噬星空_html1251.html
第37章 寶藏空間,tunshixingkong-wochixihongshi/吞噬星空_html1252.html
第38章 刀名血影,tunshixingkong-wochixihongshi/吞噬星空_html1253.html
第39章 擋住他！,tunshixingkong-wochixihongshi/吞噬星空_html1254.html
第40章 交易,tunshixingkong-wochixihongshi/吞噬星空_html1255.html
第41章 東帝始祖的提議,tunshixingkong-wochixihongshi/吞噬星空_html1256.html
第42章 一言爲定,tunshixingkong-wochixihongshi/吞噬星空_html1257.html
第43章 出發，傾峰界,tunshixingkong-wochixihongshi/吞噬星空_html1258.html
第44章 收復白色羽翼,tunshixingkong-wochixihongshi/吞噬星空_html1259.html
第45章 神血,tunshixingkong-wochixihongshi/吞噬星空_html1260.html
第46章 不要來,tunshixingkong-wochixihongshi/吞噬星空_html1261.html
第1章 人類,tunshixingkong-wochixihongshi/吞噬星空_html1262.html
第2章 分頭行動,tunshixingkong-wochixihongshi/吞噬星空_html1263.html
第3章 黑獄和延鈞,tunshixingkong-wochixihongshi/吞噬星空_html1264.html
第4章 至寶的最終分配,tunshixingkong-wochixihongshi/吞噬星空_html1265.html
第5章 巨斧？隕落？,tunshixingkong-wochixihongshi/吞噬星空_html1266.html
第6章 聯合,tunshixingkong-wochixihongshi/吞噬星空_html1267.html
第7章 戰爭來臨！,tunshixingkong-wochixihongshi/吞噬星空_html1268.html
第8章 獨行最強者們,tunshixingkong-wochixihongshi/吞噬星空_html1269.html
第9章 戰夢妖祖,tunshixingkong-wochixihongshi/吞噬星空_html1270.html
第10章 殺彭工,tunshixingkong-wochixihongshi/吞噬星空_html1271.html
第11章 爆發,tunshixingkong-wochixihongshi/吞噬星空_html1272.html
第12章 血影刀，出鞘！,tunshixingkong-wochixihongshi/吞噬星空_html1273.html
第13章 六階頂尖,tunshixingkong-wochixihongshi/吞噬星空_html1274.html
第14章 撤退,tunshixingkong-wochixihongshi/吞噬星空_html1275.html
第15章 妖族之傷,tunshixingkong-wochixihongshi/吞噬星空_html1276.html
第16章 羅峰收尾,tunshixingkong-wochixihongshi/吞噬星空_html1277.html
第17章 談判破裂,tunshixingkong-wochixihongshi/吞噬星空_html1278.html
第18章 各族反應,tunshixingkong-wochixihongshi/吞噬星空_html1279.html
第19章 戰爭前的寧靜,tunshixingkong-wochixihongshi/吞噬星空_html1280.html
第20章 宇宙最強者極限,tunshixingkong-wochixihongshi/吞噬星空_html1281.html
第21章 三族聯軍,tunshixingkong-wochixihongshi/吞噬星空_html1282.html
第22章 爲了族羣,tunshixingkong-wochixihongshi/吞噬星空_html1283.html
第23章 機械流,tunshixingkong-wochixihongshi/吞噬星空_html1284.html
第24章 無可阻擋,tunshixingkong-wochixihongshi/吞噬星空_html1285.html
第25章 慘烈,tunshixingkong-wochixihongshi/吞噬星空_html1286.html
第26章 古神眼,tunshixingkong-wochixihongshi/吞噬星空_html1287.html
第27章 噩夢,tunshixingkong-wochixihongshi/吞噬星空_html1288.html
第28章 三族敗,tunshixingkong-wochixihongshi/吞噬星空_html1289.html
第29章 練練手,tunshixingkong-wochixihongshi/吞噬星空_html1290.html
第30章 會盟,tunshixingkong-wochixihongshi/吞噬星空_html1291.html
第31章 暗流洶涌,tunshixingkong-wochixihongshi/吞噬星空_html1292.html
第32章 祖神,tunshixingkong-wochixihongshi/吞噬星空_html1293.html
第33章 緊迫,tunshixingkong-wochixihongshi/吞噬星空_html1294.html
第34章 大變局,tunshixingkong-wochixihongshi/吞噬星空_html1295.html
第35章 原祖所留,tunshixingkong-wochixihongshi/吞噬星空_html1296.html
第36章 人類鎮族之寶,tunshixingkong-wochixihongshi/吞噬星空_html1297.html
第37章 突破，宇宙之主！,tunshixingkong-wochixihongshi/吞噬星空_html1298.html
第38章 人類的答覆,tunshixingkong-wochixihongshi/吞噬星空_html1299.html
第39章 佈局,tunshixingkong-wochixihongshi/吞噬星空_html1300.html
第40章 陣營之分,tunshixingkong-wochixihongshi/吞噬星空_html1301.html
第41章 自由聯盟的最終抉擇,tunshixingkong-wochixihongshi/吞噬星空_html1302.html
第42章 突然爆發,tunshixingkong-wochixihongshi/吞噬星空_html1303.html
第43章 偷襲,tunshixingkong-wochixihongshi/吞噬星空_html1304.html
第44章 誰泄密的？,tunshixingkong-wochixihongshi/吞噬星空_html1305.html
第45章 光行之主,tunshixingkong-wochixihongshi/吞噬星空_html1306.html
第46章 人類危局,tunshixingkong-wochixihongshi/吞噬星空_html1307.html
第47章 血戰，羅峰的瘋狂！(上),tunshixingkong-wochixihongshi/吞噬星空_html1308.html
第48章 血戰，羅峰的瘋狂！(中),tunshixingkong-wochixihongshi/吞噬星空_html1309.html
第49章 血戰，羅峰的瘋狂(下),tunshixingkong-wochixihongshi/吞噬星空_html1310.html
第50章 捕獲,tunshixingkong-wochixihongshi/吞噬星空_html1311.html
第51章 實力驟增,tunshixingkong-wochixihongshi/吞噬星空_html1312.html
第52章 垂死掙扎,tunshixingkong-wochixihongshi/吞噬星空_html1313.html
第53章 塵埃落定,tunshixingkong-wochixihongshi/吞噬星空_html1314.html
第54章 平靜下的暗流,tunshixingkong-wochixihongshi/吞噬星空_html1315.html
第1章 呼延博,tunshixingkong-wochixihongshi/吞噬星空_html1316.html
第2章 祖神召喚,tunshixingkong-wochixihongshi/吞噬星空_html1317.html
第3章 陰謀者,tunshixingkong-wochixihongshi/吞噬星空_html1318.html
第4章 羅峰的最強路,tunshixingkong-wochixihongshi/吞噬星空_html1319.html
第5章 神體三層次,tunshixingkong-wochixihongshi/吞噬星空_html1320.html
第6章 羅峰降臨,tunshixingkong-wochixihongshi/吞噬星空_html1321.html
第7章 抓了等你,tunshixingkong-wochixihongshi/吞噬星空_html1322.html
第8章 霈行之主的羽翼,tunshixingkong-wochixihongshi/吞噬星空_html1323.html
第9章 紫月聖地的格殺令,tunshixingkong-wochixihongshi/吞噬星空_html1324.html
第10章 驚喜,tunshixingkong-wochixihongshi/吞噬星空_html1325.html
第11章 等着收網,tunshixingkong-wochixihongshi/吞噬星空_html1326.html
第12章 海底之戰,tunshixingkong-wochixihongshi/吞噬星空_html1327.html
第13章 可怕的浩雷星主,tunshixingkong-wochixihongshi/吞噬星空_html1328.html
第14章 最強者的隕落,tunshixingkong-wochixihongshi/吞噬星空_html1329.html
第15章 聲威,tunshixingkong-wochixihongshi/吞噬星空_html1330.html
第16章 ‘它’,tunshixingkong-wochixihongshi/吞噬星空_html1331.html
第17章 不約而同,tunshixingkong-wochixihongshi/吞噬星空_html1332.html
第18章 五對羽翼,tunshixingkong-wochixihongshi/吞噬星空_html1333.html
第19章 羅峰的神甲,tunshixingkong-wochixihongshi/吞噬星空_html1334.html
第20章 最後羽翼的蹤跡,tunshixingkong-wochixihongshi/吞噬星空_html1335.html
第21章 桀梵子的寶藏,tunshixingkong-wochixihongshi/吞噬星空_html1336.html
第22章 漫長歲月,tunshixingkong-wochixihongshi/吞噬星空_html1337.html
第23章 八百萬年後,tunshixingkong-wochixihongshi/吞噬星空_html1338.html
第24章 擋不住,tunshixingkong-wochixihongshi/吞噬星空_html1339.html
第25章 吞不下,tunshixingkong-wochixihongshi/吞噬星空_html1340.html
第1章 撞宇宙舟,tunshixingkong-wochixihongshi/吞噬星空_html1341.html
第2章 意志,tunshixingkong-wochixihongshi/吞噬星空_html1342.html
第3章 入內,tunshixingkong-wochixihongshi/吞噬星空_html1343.html
第4章 蟲洞的另一端,tunshixingkong-wochixihongshi/吞噬星空_html1344.html
第5章 眼淚,tunshixingkong-wochixihongshi/吞噬星空_html1345.html
第6章 進入晉之世界,tunshixingkong-wochixihongshi/吞噬星空_html1346.html
第7章 吳和晉,tunshixingkong-wochixihongshi/吞噬星空_html1347.html
第8章 我們纔是主角,tunshixingkong-wochixihongshi/吞噬星空_html1348.html
第9章 東軍軍營,tunshixingkong-wochixihongshi/吞噬星空_html1349.html
第10章 生死鬥,tunshixingkong-wochixihongshi/吞噬星空_html1350.html
第11章 蟒河軍的裝備,tunshixingkong-wochixihongshi/吞噬星空_html1351.html
第12章 災難級,tunshixingkong-wochixihongshi/吞噬星空_html1352.html
第13章 祖神傳話,tunshixingkong-wochixihongshi/吞噬星空_html1353.html
第14章 九煙澤,tunshixingkong-wochixihongshi/吞噬星空_html1354.html
第15章 橫行,tunshixingkong-wochixihongshi/吞噬星空_html1355.html
第16章 聽我的,tunshixingkong-wochixihongshi/吞噬星空_html1356.html
第17章 一念虛空,tunshixingkong-wochixihongshi/吞噬星空_html1357.html
第18章 分裂,tunshixingkong-wochixihongshi/吞噬星空_html1358.html
第19章 真神級戰場,tunshixingkong-wochixihongshi/吞噬星空_html1359.html
第20章 新兵銀河,tunshixingkong-wochixihongshi/吞噬星空_html1360.html
第21章 被羅峰盯上了,tunshixingkong-wochixihongshi/吞噬星空_html1361.html
第22章 我心唯一，殺！,tunshixingkong-wochixihongshi/吞噬星空_html1362.html
第23章 斬！斬！斬！,tunshixingkong-wochixihongshi/吞噬星空_html1363.html
第24章 貪婪,tunshixingkong-wochixihongshi/吞噬星空_html1364.html
第25章 對抗,tunshixingkong-wochixihongshi/吞噬星空_html1365.html
第26章 蟒河軍小隊的結局,tunshixingkong-wochixihongshi/吞噬星空_html1366.html
第27章 紫月始祖的命令,tunshixingkong-wochixihongshi/吞噬星空_html1367.html
第28章 永恆真神,tunshixingkong-wochixihongshi/吞噬星空_html1368.html
第29章 烏啓神,tunshixingkong-wochixihongshi/吞噬星空_html1369.html
第30章 加封,tunshixingkong-wochixihongshi/吞噬星空_html1370.html
第31章 羅峰的機械流寶物,tunshixingkong-wochixihongshi/吞噬星空_html1371.html
第32章 第二紀元,tunshixingkong-wochixihongshi/吞噬星空_html1372.html
第33章 佈下殺局,tunshixingkong-wochixihongshi/吞噬星空_html1373.html
第34章 神體突破,tunshixingkong-wochixihongshi/吞噬星空_html1374.html
第35章 神王界,tunshixingkong-wochixihongshi/吞噬星空_html1375.html
第36章 最強軍士,tunshixingkong-wochixihongshi/吞噬星空_html1376.html
第37章 警惕,tunshixingkong-wochixihongshi/吞噬星空_html1377.html
第38章 神王谷統領,tunshixingkong-wochixihongshi/吞噬星空_html1378.html
第39章 喚醒,tunshixingkong-wochixihongshi/吞噬星空_html1379.html
第40章 無盡的期待,tunshixingkong-wochixihongshi/吞噬星空_html1380.html
第41章 最後的死劫,tunshixingkong-wochixihongshi/吞噬星空_html1381.html
第42章 神眼之威,tunshixingkong-wochixihongshi/吞噬星空_html1382.html
第43章 大掃蕩,tunshixingkong-wochixihongshi/吞噬星空_html1383.html
第44章 烏啓樓中的機遇,tunshixingkong-wochixihongshi/吞噬星空_html1384.html
第45章 最後一步,tunshixingkong-wochixihongshi/吞噬星空_html1385.html
第46章 刀？,tunshixingkong-wochixihongshi/吞噬星空_html1386.html
第47章 九天之路,tunshixingkong-wochixihongshi/吞噬星空_html1387.html
第48章 千眼,tunshixingkong-wochixihongshi/吞噬星空_html1388.html
第49章 神眼秘術,tunshixingkong-wochixihongshi/吞噬星空_html1389.html
第50章 最後的阻礙,tunshixingkong-wochixihongshi/吞噬星空_html1390.html
第51章 畫卷世界,tunshixingkong-wochixihongshi/吞噬星空_html1391.html
第52章 已無退路,tunshixingkong-wochixihongshi/吞噬星空_html1392.html
第53章 元,tunshixingkong-wochixihongshi/吞噬星空_html1393.html
第54章 羅峰和晉之神王,tunshixingkong-wochixihongshi/吞噬星空_html1394.html
第55章 神王的贈與,tunshixingkong-wochixihongshi/吞噬星空_html1395.html
第56章 四大統領和四位將軍,tunshixingkong-wochixihongshi/吞噬星空_html1396.html
第57章 紫月聖地的殺局,tunshixingkong-wochixihongshi/吞噬星空_html1397.html
第58章 駕臨,tunshixingkong-wochixihongshi/吞噬星空_html1398.html
第59章 翻掌之間,tunshixingkong-wochixihongshi/吞噬星空_html1399.html
第60章 一網打盡,tunshixingkong-wochixihongshi/吞噬星空_html1400.html
第61章 弒吳羽翼第三重,tunshixingkong-wochixihongshi/吞噬星空_html1401.html
第62章 第三紀元,tunshixingkong-wochixihongshi/吞噬星空_html1402.html
第63章 界獸,tunshixingkong-wochixihongshi/吞噬星空_html1403.html
第1章 孕育期,tunshixingkong-wochixihongshi/吞噬星空_html1404.html
第2章 誘惑,tunshixingkong-wochixihongshi/吞噬星空_html1405.html
第3章 請將軍,tunshixingkong-wochixihongshi/吞噬星空_html1406.html
第4章 你們該死,tunshixingkong-wochixihongshi/吞噬星空_html1407.html
第5章 嚎叫,tunshixingkong-wochixihongshi/吞噬星空_html1408.html
第6章 深入靈魂的仇恨,tunshixingkong-wochixihongshi/吞噬星空_html1409.html
第7章 人類時代,tunshixingkong-wochixihongshi/吞噬星空_html1410.html
第8章 億萬紀元(上),tunshixingkong-wochixihongshi/吞噬星空_html1411.html
第9章 億萬紀元(下),tunshixingkong-wochixihongshi/吞噬星空_html1412.html
第10章 八雄聚,tunshixingkong-wochixihongshi/吞噬星空_html1413.html
第11章 界獸出世,tunshixingkong-wochixihongshi/吞噬星空_html1414.html
第12章 坐山客和本源意志,tunshixingkong-wochixihongshi/吞噬星空_html1415.html
第13章 界獸的美食,tunshixingkong-wochixihongshi/吞噬星空_html1416.html
第14章 火蟲真主,tunshixingkong-wochixihongshi/吞噬星空_html1417.html
第15章 宇宙海大軍,tunshixingkong-wochixihongshi/吞噬星空_html1418.html
第16章 戰,tunshixingkong-wochixihongshi/吞噬星空_html1419.html
第17章 圍攻界獸,tunshixingkong-wochixihongshi/吞噬星空_html1420.html
第18章 捨不得殺,tunshixingkong-wochixihongshi/吞噬星空_html1421.html
第19章 風聲鶴唳,tunshixingkong-wochixihongshi/吞噬星空_html1422.html
第20章 再現,tunshixingkong-wochixihongshi/吞噬星空_html1423.html
第21章 災難,tunshixingkong-wochixihongshi/吞噬星空_html1424.html
第22章 紫月聖地,tunshixingkong-wochixihongshi/吞噬星空_html1425.html
第23章 羅峰和紫月,tunshixingkong-wochixihongshi/吞噬星空_html1426.html
第24章 死敵,tunshixingkong-wochixihongshi/吞噬星空_html1427.html
第25章 羅峰戰界獸,tunshixingkong-wochixihongshi/吞噬星空_html1428.html
第26章 神眼秘術,tunshixingkong-wochixihongshi/吞噬星空_html1429.html
第27章 戰後,tunshixingkong-wochixihongshi/吞噬星空_html1430.html
第28章 我必全力,tunshixingkong-wochixihongshi/吞噬星空_html1431.html
第29章 又在我這！,tunshixingkong-wochixihongshi/吞噬星空_html1432.html
第30章 星辰塔之威,tunshixingkong-wochixihongshi/吞噬星空_html1433.html
第31章 界獸之血,tunshixingkong-wochixihongshi/吞噬星空_html1434.html
第32章 初生,tunshixingkong-wochixihongshi/吞噬星空_html1435.html
第33章 真是沒用,tunshixingkong-wochixihongshi/吞噬星空_html1436.html
第34章 倒戈？,tunshixingkong-wochixihongshi/吞噬星空_html1437.html
第35章 界獸生命,tunshixingkong-wochixihongshi/吞噬星空_html1438.html
第36章 巢穴,tunshixingkong-wochixihongshi/吞噬星空_html1439.html
第37章 悟,tunshixingkong-wochixihongshi/吞噬星空_html1440.html
第38章 突破，連鎖反應，傳說,tunshixingkong-wochixihongshi/吞噬星空_html1441.html
第39章 真神,tunshixingkong-wochixihongshi/吞噬星空_html1442.html
第40章 小型宇宙,tunshixingkong-wochixihongshi/吞噬星空_html1443.html
第41章 分身合一，宇宙架構,tunshixingkong-wochixihongshi/吞噬星空_html1444.html
第42章 一元之始，界獸來了,tunshixingkong-wochixihongshi/吞噬星空_html1445.html
第43章 急劇提升,tunshixingkong-wochixihongshi/吞噬星空_html1446.html
第44章 巡狩,tunshixingkong-wochixihongshi/吞噬星空_html1447.html
第45章 摩羅撒最後的癲狂,tunshixingkong-wochixihongshi/吞噬星空_html1448.html
第46章 生擒,tunshixingkong-wochixihongshi/吞噬星空_html1449.html
第47章 鎮壓,tunshixingkong-wochixihongshi/吞噬星空_html1450.html
第48章 奴役,tunshixingkong-wochixihongshi/吞噬星空_html1451.html
第49章 共同的敵人,tunshixingkong-wochixihongshi/吞噬星空_html1452.html
第1章 界獸五法,tunshixingkong-wochixihongshi/吞噬星空_html1453.html
第2章 最後的準備,tunshixingkong-wochixihongshi/吞噬星空_html1454.html
第3章 鑑寶,tunshixingkong-wochixihongshi/吞噬星空_html1455.html
第4章 星辰塔,tunshixingkong-wochixihongshi/吞噬星空_html1456.html
第5章 昏暗之地,tunshixingkong-wochixihongshi/吞噬星空_html1457.html
第6章 最強之貝迪,tunshixingkong-wochixihongshi/吞噬星空_html1458.html
第7章 金海珠,tunshixingkong-wochixihongshi/吞噬星空_html1459.html
第8章 輪迴通道,tunshixingkong-wochixihongshi/吞噬星空_html1460.html
第9章 毀滅下的感悟,tunshixingkong-wochixihongshi/吞噬星空_html1461.html
第10章 一念宇宙成,tunshixingkong-wochixihongshi/吞噬星空_html1462.html
第11章 大滅絕計劃,tunshixingkong-wochixihongshi/吞噬星空_html1463.html
第12章 無敵的羅峰,tunshixingkong-wochixihongshi/吞噬星空_html1464.html
第13章 最後的刺激,tunshixingkong-wochixihongshi/吞噬星空_html1465.html
第14章 彎刀,tunshixingkong-wochixihongshi/吞噬星空_html1466.html
第15章 收網,tunshixingkong-wochixihongshi/吞噬星空_html1467.html
第16章 大滅絕,tunshixingkong-wochixihongshi/吞噬星空_html1468.html
第17章 極度恐懼,tunshixingkong-wochixihongshi/吞噬星空_html1469.html
第18章 浩劫,tunshixingkong-wochixihongshi/吞噬星空_html1470.html
第19章 最殘酷的時刻,tunshixingkong-wochixihongshi/吞噬星空_html1471.html
第20章 求放原祖,tunshixingkong-wochixihongshi/吞噬星空_html1472.html
第21章 逼羅峰,tunshixingkong-wochixihongshi/吞噬星空_html1473.html
第22章 守護,tunshixingkong-wochixihongshi/吞噬星空_html1474.html
第23章 吞吃羅峰的宇宙,tunshixingkong-wochixihongshi/吞噬星空_html1475.html
第24章 界獸們的最後一搏,tunshixingkong-wochixihongshi/吞噬星空_html1476.html
第25章 羅峰的隊伍,tunshixingkong-wochixihongshi/吞噬星空_html1477.html
第26章 誕生,tunshixingkong-wochixihongshi/吞噬星空_html1478.html
第27章 因戰鬥而絢爛多彩，因你們而無盡光明,tunshixingkong-wochixihongshi/吞噬星空_html1479.html
第28章 最終之戰,tunshixingkong-wochixihongshi/吞噬星空_html1480.html
第29章 最後的勝利者,tunshixingkong-wochixihongshi/吞噬星空_html1481.html
第30章 界獸王者的誕生,tunshixingkong-wochixihongshi/吞噬星空_html1482.html
第31章 紫月宇宙的破滅,tunshixingkong-wochixihongshi/吞噬星空_html1483.html
第32章 宇宙海的深處,tunshixingkong-wochixihongshi/吞噬星空_html1484.html
第33章 釋放原祖,tunshixingkong-wochixihongshi/吞噬星空_html1485.html
第34章 晉之世界的消失,tunshixingkong-wochixihongshi/吞噬星空_html1486.html
第35章 原始宇宙的末期,tunshixingkong-wochixihongshi/吞噬星空_html1487.html
第36章 超脫輪迴(上),tunshixingkong-wochixihongshi/吞噬星空_html1488.html
第36章 超脫輪迴(下),tunshixingkong-wochixihongshi/吞噬星空_html1489.html
完本感言以及番茄新書的訊息！,tunshixingkong-wochixihongshi/吞噬星空_html1490.html
吞噬星空的出版、漫畫的1些訊息,tunshixingkong-wochixihongshi/吞噬星空_html1491.html
今晚一十二點，新書將準時上傳,tunshixingkong-wochixihongshi/吞噬星空_html1492.html
番茄新書《莽荒紀》已經上傳！,tunshixingkong-wochixihongshi/吞噬星空_html1493.html
《吞噬星空》完本免費看啦！,tunshixingkong-wochixihongshi/吞噬星空_html1494.html
