第一章 孟川和雲青萍,cangyuantu-wochixihongshi/滄元圖_html1.html
第二章 學其上，僅得其中,cangyuantu-wochixihongshi/滄元圖_html2.html
第三章 匠人和宗師,cangyuantu-wochixihongshi/滄元圖_html3.html
第四章 這是好事,cangyuantu-wochixihongshi/滄元圖_html4.html
第五章 老祖宗歸來,cangyuantu-wochixihongshi/滄元圖_html5.html
第六章 傾力栽培,cangyuantu-wochixihongshi/滄元圖_html6.html
第七章 鏡湖道院的決選,cangyuantu-wochixihongshi/滄元圖_html7.html
第八章 秘技‘三秋葉’,cangyuantu-wochixihongshi/滄元圖_html8.html
第九章 神魔體,cangyuantu-wochixihongshi/滄元圖_html9.html
第十章 家族的希望,cangyuantu-wochixihongshi/滄元圖_html10.html
第十一章 拜訪玉陽宮主,cangyuantu-wochixihongshi/滄元圖_html11.html
第十二章 斬妖盛會,cangyuantu-wochixihongshi/滄元圖_html12.html
第十三章 人族和妖族,cangyuantu-wochixihongshi/滄元圖_html13.html
第十四章 孟川登場,cangyuantu-wochixihongshi/滄元圖_html14.html
第十五章 隱藏的妖王血脈,cangyuantu-wochixihongshi/滄元圖_html15.html
第十六章 晏燼和梅元知,cangyuantu-wochixihongshi/滄元圖_html16.html
第十七章 斬妖盛會結束,cangyuantu-wochixihongshi/滄元圖_html17.html
第十八章 初見姑祖母,cangyuantu-wochixihongshi/滄元圖_html18.html
第十九章 孟川的修行路,cangyuantu-wochixihongshi/滄元圖_html19.html
第二十章 父與子,cangyuantu-wochixihongshi/滄元圖_html20.html
第二十一章 洗髓境圓滿,cangyuantu-wochixihongshi/滄元圖_html21.html
第二十二章 孟大江隱藏的奇珍,cangyuantu-wochixihongshi/滄元圖_html22.html
第二十三章 那些人那些事（本集終）,cangyuantu-wochixihongshi/滄元圖_html23.html
第二集 衆生相 第一章 名叫紅雨的姑娘,cangyuantu-wochixihongshi/滄元圖_html24.html
第二集 第二章 晏燼出手,cangyuantu-wochixihongshi/滄元圖_html25.html
第二集 第三章 閒石苑的女子們,cangyuantu-wochixihongshi/滄元圖_html26.html
第二集 第四章 妖氣外放,cangyuantu-wochixihongshi/滄元圖_html27.html
第二集 第五章 求救,cangyuantu-wochixihongshi/滄元圖_html28.html
第二集 第六章 查個底朝天,cangyuantu-wochixihongshi/滄元圖_html29.html
第二集 第七章 周家的命運,cangyuantu-wochixihongshi/滄元圖_html30.html
第二集 第八章 衆生相（上）,cangyuantu-wochixihongshi/滄元圖_html31.html
第二集 第九章 衆生相（下）,cangyuantu-wochixihongshi/滄元圖_html32.html
第二集 第十章 蛻變,cangyuantu-wochixihongshi/滄元圖_html33.html
第二集 第十一章 拜訪姑祖母,cangyuantu-wochixihongshi/滄元圖_html34.html
第二集 第十二章 血雲盜,cangyuantu-wochixihongshi/滄元圖_html35.html
第二集 第十三章 心魂之力,cangyuantu-wochixihongshi/滄元圖_html36.html
第二集 第十四章 勢,cangyuantu-wochixihongshi/滄元圖_html37.html
第二集 第十五章 碧雲樓,cangyuantu-wochixihongshi/滄元圖_html38.html
第二集 第十六章 血雲盜二當家,cangyuantu-wochixihongshi/滄元圖_html39.html
第二集 第十七章 刀斬血雲盜,cangyuantu-wochixihongshi/滄元圖_html40.html
第二集 第十八章 傳遍全城,cangyuantu-wochixihongshi/滄元圖_html41.html
第二集 第十九章 《雷霆滅世刀》,cangyuantu-wochixihongshi/滄元圖_html42.html
第二集 第二十章 黑鐵天書殘片,cangyuantu-wochixihongshi/滄元圖_html43.html
第二集 第二十一章 夜幕下的截殺,cangyuantu-wochixihongshi/滄元圖_html44.html
第二集 第二十二章 什麼怪物！！！,cangyuantu-wochixihongshi/滄元圖_html45.html
第二集 第二十三章 孟川的第三刀,cangyuantu-wochixihongshi/滄元圖_html46.html
第二集 第二十四章 慕容遊的結局,cangyuantu-wochixihongshi/滄元圖_html47.html
第二集 第二十五章 天下事（本集終）,cangyuantu-wochixihongshi/滄元圖_html48.html
第三集 一人一刀 第一章 十八歲,cangyuantu-wochixihongshi/滄元圖_html49.html
第三集 第二章 凝丹,cangyuantu-wochixihongshi/滄元圖_html50.html
第三集 第三章 三位神魔,cangyuantu-wochixihongshi/滄元圖_html51.html
第三集 第四章 爆發,cangyuantu-wochixihongshi/滄元圖_html52.html
第三集 第五章 一人，一軍,cangyuantu-wochixihongshi/滄元圖_html53.html
第三集 第六章 摧枯拉朽,cangyuantu-wochixihongshi/滄元圖_html54.html
第三集 第七章 黑熊妖大統領,cangyuantu-wochixihongshi/滄元圖_html55.html
第三集 第八章 烈陽道院,cangyuantu-wochixihongshi/滄元圖_html56.html
第三集 第九章 柳七月,cangyuantu-wochixihongshi/滄元圖_html57.html
第三集 第十章 阿川來了！,cangyuantu-wochixihongshi/滄元圖_html58.html
第三集 第十一章 士氣渙散,cangyuantu-wochixihongshi/滄元圖_html59.html
第三集 第十二章 還有神魔？,cangyuantu-wochixihongshi/滄元圖_html60.html
第三集 第十三章 孟川和妖王,cangyuantu-wochixihongshi/滄元圖_html61.html
第三集 第十四章 怎麼甘心？,cangyuantu-wochixihongshi/滄元圖_html62.html
第三集 第十五章 父親到了,cangyuantu-wochixihongshi/滄元圖_html63.html
第三集 第十六章 祖宅的消息,cangyuantu-wochixihongshi/滄元圖_html64.html
第三集 第十七章 晏燼,cangyuantu-wochixihongshi/滄元圖_html65.html
第三集 第十八章 安海王的劍,cangyuantu-wochixihongshi/滄元圖_html66.html
第三集 第十九章 戰後的東寧府,cangyuantu-wochixihongshi/滄元圖_html67.html
第三集 第二十章 接連離開,cangyuantu-wochixihongshi/滄元圖_html68.html
第三集 第二十一章 雲萬海的安排,cangyuantu-wochixihongshi/滄元圖_html69.html
第三集 第二十二章 抵達元初城,cangyuantu-wochixihongshi/滄元圖_html70.html
第三集 第二十三章 向着朝陽（上）,cangyuantu-wochixihongshi/滄元圖_html71.html
第三集 第二十四章 向着朝陽（下）,cangyuantu-wochixihongshi/滄元圖_html72.html
第三集 第二十五章 到來（本集終）,cangyuantu-wochixihongshi/滄元圖_html73.html
第四集 元初山 第一章 考覈之日,cangyuantu-wochixihongshi/滄元圖_html74.html
第四集 元初山 第二章 王都楚雍,cangyuantu-wochixihongshi/滄元圖_html75.html
第四集 第三章 孟川初登場,cangyuantu-wochixihongshi/滄元圖_html76.html
第四集 第四章 水滴銅漏,cangyuantu-wochixihongshi/滄元圖_html77.html
第四集 第五章 孟川的速度,cangyuantu-wochixihongshi/滄元圖_html78.html
第四集 第六章 雪花冰涼,cangyuantu-wochixihongshi/滄元圖_html79.html
第四集 第七章 第三項考覈,cangyuantu-wochixihongshi/滄元圖_html80.html
第四集 第八章 潛力,cangyuantu-wochixihongshi/滄元圖_html81.html
第四集 第九章 天生靈覺,cangyuantu-wochixihongshi/滄元圖_html82.html
第四集 第十章 初選落幕,cangyuantu-wochixihongshi/滄元圖_html83.html
第四集 第十一章 排名,cangyuantu-wochixihongshi/滄元圖_html84.html
第四集 第十二章 上元初山,cangyuantu-wochixihongshi/滄元圖_html85.html
第四集 第十三章 終選第一項考覈,cangyuantu-wochixihongshi/滄元圖_html86.html
第四集 第十四章 倒數第九,cangyuantu-wochixihongshi/滄元圖_html87.html
第四集 第十五章 怎麼會是我？,cangyuantu-wochixihongshi/滄元圖_html88.html
第四集 第十六章 名額,cangyuantu-wochixihongshi/滄元圖_html89.html
第四集 第十七章 孟大江返鄉,cangyuantu-wochixihongshi/滄元圖_html90.html
第四集 第十八章 入門大典,cangyuantu-wochixihongshi/滄元圖_html91.html
第四集 第十九章 逝去,cangyuantu-wochixihongshi/滄元圖_html92.html
第四集 第二十章 功勞,cangyuantu-wochixihongshi/滄元圖_html93.html
第四集 第二十一章 各自的命運（本集終）,cangyuantu-wochixihongshi/滄元圖_html94.html
第五集 神魔 第一章 拜師,cangyuantu-wochixihongshi/滄元圖_html95.html
第五集 神魔 第二章 解惑,cangyuantu-wochixihongshi/滄元圖_html96.html
第五集 第三章 三門快刀,cangyuantu-wochixihongshi/滄元圖_html97.html
第五集 第四章 煞氣煉體,cangyuantu-wochixihongshi/滄元圖_html98.html
第五集 第五章 千刀窟內練刀,cangyuantu-wochixihongshi/滄元圖_html99.html
第五集 第六章 修行瓶頸,cangyuantu-wochixihongshi/滄元圖_html100.html
第五集 第七章 刀意初成,cangyuantu-wochixihongshi/滄元圖_html101.html
第五集 第八章 一日千里,cangyuantu-wochixihongshi/滄元圖_html102.html
第五集 第九章 七煉,cangyuantu-wochixihongshi/滄元圖_html103.html
第五集 第十章 痛苦中修煉,cangyuantu-wochixihongshi/滄元圖_html104.html
第五集 第十一章 這一生一起走,cangyuantu-wochixihongshi/滄元圖_html105.html
第五集 第十二章 又一年臘月,cangyuantu-wochixihongshi/滄元圖_html106.html
第五集 第十三章 耀眼,cangyuantu-wochixihongshi/滄元圖_html107.html
第五集 第十四章 惑心洞,cangyuantu-wochixihongshi/滄元圖_html108.html
第五集 第十五章 驚喜（上）,cangyuantu-wochixihongshi/滄元圖_html109.html
第五集 第十六章 驚喜（下）,cangyuantu-wochixihongshi/滄元圖_html110.html
第五集 第十七章 煞氣不夠？,cangyuantu-wochixihongshi/滄元圖_html111.html
第五集 第十八章 九煉圓滿,cangyuantu-wochixihongshi/滄元圖_html112.html
第五集 第十九章 神魔血池,cangyuantu-wochixihongshi/滄元圖_html113.html
第五集 第二十章 重塑肉身,cangyuantu-wochixihongshi/滄元圖_html114.html
第五集 第二十一章 丹雲境神魔,cangyuantu-wochixihongshi/滄元圖_html115.html
第五集 第二十二章 八月二十（本集終）,cangyuantu-wochixihongshi/滄元圖_html116.html
第六集 英雄徵四方 第一章 論道會,cangyuantu-wochixihongshi/滄元圖_html117.html
第六集 第二章 出征,cangyuantu-wochixihongshi/滄元圖_html118.html
第六集 第三章 九年後,cangyuantu-wochixihongshi/滄元圖_html119.html
第六集 第四章 九玄洞考驗,cangyuantu-wochixihongshi/滄元圖_html120.html
第六集 第五章 山妖,cangyuantu-wochixihongshi/滄元圖_html121.html
第六集 第六章 柳七月的秘密,cangyuantu-wochixihongshi/滄元圖_html122.html
第六集 第七章 三個月,cangyuantu-wochixihongshi/滄元圖_html123.html
第六集 第八章 名刻赤血崖,cangyuantu-wochixihongshi/滄元圖_html124.html
第六集 第九章 晏燼的偏執,cangyuantu-wochixihongshi/滄元圖_html125.html
第六集 第十章 突破，大日境,cangyuantu-wochixihongshi/滄元圖_html126.html
第六集 第十一章 元神秘術,cangyuantu-wochixihongshi/滄元圖_html127.html
第六集 第十二章 元神九層,cangyuantu-wochixihongshi/滄元圖_html128.html
第六集 第十三章 神兵洞窟,cangyuantu-wochixihongshi/滄元圖_html129.html
第六集 第十四章 神兵認主,cangyuantu-wochixihongshi/滄元圖_html130.html
第六集 第十五章 英雄徵四方,cangyuantu-wochixihongshi/滄元圖_html131.html
第六集 第十六章 元神第二層,cangyuantu-wochixihongshi/滄元圖_html132.html
第六集 第十七章 兩位尊者的相見,cangyuantu-wochixihongshi/滄元圖_html133.html
第六集 第十八章 滄元洞天,cangyuantu-wochixihongshi/滄元圖_html134.html
第六集 第十九章 通天柱,cangyuantu-wochixihongshi/滄元圖_html135.html
第六集 第二十章 下山（本集終）,cangyuantu-wochixihongshi/滄元圖_html136.html
第七集 北河關副將 第一章 另一職位,cangyuantu-wochixihongshi/滄元圖_html137.html
第七集 北河關副將 第二章 彼此磨合,cangyuantu-wochixihongshi/滄元圖_html138.html
第七集 第三章 下雨,cangyuantu-wochixihongshi/滄元圖_html139.html
第七集 第四章 初臨戰場,cangyuantu-wochixihongshi/滄元圖_html140.html
第七集 第五章 新手孟川,cangyuantu-wochixihongshi/滄元圖_html141.html
第七集 第六章 絞肉機,cangyuantu-wochixihongshi/滄元圖_html142.html
第七集 第七章 撤！,cangyuantu-wochixihongshi/滄元圖_html143.html
第七集 第八章 損失,cangyuantu-wochixihongshi/滄元圖_html144.html
第七集 第九章 元初山上,cangyuantu-wochixihongshi/滄元圖_html145.html
第七集 第十章 金剛之身,cangyuantu-wochixihongshi/滄元圖_html146.html
第七集 第十一章 孟川救援,cangyuantu-wochixihongshi/滄元圖_html147.html
第七集 第十二章 歡呼,cangyuantu-wochixihongshi/滄元圖_html148.html
第七集 第十三章 斬,cangyuantu-wochixihongshi/滄元圖_html149.html
第七集 第十四章 三萬座冰雕,cangyuantu-wochixihongshi/滄元圖_html150.html
第七集 第十五章 地網,cangyuantu-wochixihongshi/滄元圖_html151.html
第七集 第十六章 一年時間,cangyuantu-wochixihongshi/滄元圖_html152.html
第七集 第十七章 獅妖王,cangyuantu-wochixihongshi/滄元圖_html153.html
第七集 第十八章 妖族神通,cangyuantu-wochixihongshi/滄元圖_html154.html
第七集 第十九章 獅妖王斃命,cangyuantu-wochixihongshi/滄元圖_html155.html
第七集 第二十丈 姑祖母的忠告,cangyuantu-wochixihongshi/滄元圖_html156.html
第七集 第二十一章 北河關第一人,cangyuantu-wochixihongshi/滄元圖_html157.html
第七集 第二十二章 功勞不嫌多,cangyuantu-wochixihongshi/滄元圖_html158.html
第七集 第二十三章 成親,cangyuantu-wochixihongshi/滄元圖_html159.html
第七集 第二十四章 決定（本集終）,cangyuantu-wochixihongshi/滄元圖_html160.html
第八集 暗流 第一章 放血,cangyuantu-wochixihongshi/滄元圖_html161.html
第八集 第二章 一年後,cangyuantu-wochixihongshi/滄元圖_html162.html
第八集 第三章 安排,cangyuantu-wochixihongshi/滄元圖_html163.html
第八集 第四章 調任江州城,cangyuantu-wochixihongshi/滄元圖_html164.html
第八集 第五章 爆發,cangyuantu-wochixihongshi/滄元圖_html165.html
第八集 第六章 虛實,cangyuantu-wochixihongshi/滄元圖_html166.html
第八集 第六章 天妖門影蹤,cangyuantu-wochixihongshi/滄元圖_html167.html
第八集 第八章 宗門傳信,cangyuantu-wochixihongshi/滄元圖_html168.html
第八集 第九章 妖化,cangyuantu-wochixihongshi/滄元圖_html169.html
第八集 第十章 江吳熟，天下足。,cangyuantu-wochixihongshi/滄元圖_html170.html
第八集 第十一章 狼煙滾滾,cangyuantu-wochixihongshi/滄元圖_html171.html
第八集 第十二章 冰冷的雨,cangyuantu-wochixihongshi/滄元圖_html172.html
第八集 第十三章 匯聚東城,cangyuantu-wochixihongshi/滄元圖_html173.html
第八集 第十四章 四重天天妖的追殺,cangyuantu-wochixihongshi/滄元圖_html174.html
第八集 第十五章 逃命,cangyuantu-wochixihongshi/滄元圖_html175.html
第八集 第十六章 顯形,cangyuantu-wochixihongshi/滄元圖_html176.html
第八集 第十七章 交鋒,cangyuantu-wochixihongshi/滄元圖_html177.html
第八集 第十八章 圍殺,cangyuantu-wochixihongshi/滄元圖_html178.html
第八集 第十九章 刀魂巔峰,cangyuantu-wochixihongshi/滄元圖_html179.html
第八集 第二十章 化成灰,cangyuantu-wochixihongshi/滄元圖_html180.html
第八集 第二十一章 大周形勢,cangyuantu-wochixihongshi/滄元圖_html181.html
第八集 第二十二章 救援長豐府,cangyuantu-wochixihongshi/滄元圖_html182.html
第八集 第二十三章 陷阱,cangyuantu-wochixihongshi/滄元圖_html183.html
第八集 第二十四章 莊孚大妖王,cangyuantu-wochixihongshi/滄元圖_html184.html
第八集 第二十五章 神通！,cangyuantu-wochixihongshi/滄元圖_html185.html
第八集 第二十六章 七個月,cangyuantu-wochixihongshi/滄元圖_html186.html
第八集 第二十七章 回元初山,cangyuantu-wochixihongshi/滄元圖_html187.html
第八集 第二十八章 封伯,cangyuantu-wochixihongshi/滄元圖_html188.html
第八集 第二十九章 赤血崖拜祭,cangyuantu-wochixihongshi/滄元圖_html189.html
第八集 第三十章 定居顧山府（本集終）,cangyuantu-wochixihongshi/滄元圖_html190.html
第九集 妖亂人間 第一章 妖王聚,cangyuantu-wochixihongshi/滄元圖_html191.html
第九集 妖亂人間 第二章 八臂妖王闡杜,cangyuantu-wochixihongshi/滄元圖_html192.html
第九集 妖亂人間 第三章 救援,cangyuantu-wochixihongshi/滄元圖_html193.html
第九集 妖亂人間 第四集 青玉妖王和白狐妖王,cangyuantu-wochixihongshi/滄元圖_html194.html
第九集 第五章 神通魅惑,cangyuantu-wochixihongshi/滄元圖_html195.html
第九集 第六章 吳州境內的大妖王,cangyuantu-wochixihongshi/滄元圖_html196.html
第九集 第七章 畫卷,cangyuantu-wochixihongshi/滄元圖_html197.html
第九集 第八章 夫妻聯手,cangyuantu-wochixihongshi/滄元圖_html198.html
第九集 第九章 初戰,cangyuantu-wochixihongshi/滄元圖_html199.html
第九集 第十章 路過,cangyuantu-wochixihongshi/滄元圖_html200.html
第九集 第十一章 元初山神魔,cangyuantu-wochixihongshi/滄元圖_html201.html
第九集 第十二章 滅妖會,cangyuantu-wochixihongshi/滄元圖_html202.html
第九集 第十三章 伏角大妖王,cangyuantu-wochixihongshi/滄元圖_html203.html
第九集 第十四章 《路》,cangyuantu-wochixihongshi/滄元圖_html204.html
第九集 第十五章 要當爹了！,cangyuantu-wochixihongshi/滄元圖_html205.html
第九集 第十六章 雙喜臨門,cangyuantu-wochixihongshi/滄元圖_html206.html
第九集 第十七章 元神三層,cangyuantu-wochixihongshi/滄元圖_html207.html
第九集 第十八章 全方位提升,cangyuantu-wochixihongshi/滄元圖_html208.html
第九集 第十九章 陷阱,cangyuantu-wochixihongshi/滄元圖_html209.html
第九集 第二十章 命運的恩賜,cangyuantu-wochixihongshi/滄元圖_html210.html
第九集 第二十一章 強強碰撞！,cangyuantu-wochixihongshi/滄元圖_html211.html
第九集 第二十二章 追殺,cangyuantu-wochixihongshi/滄元圖_html212.html
第九集 第二十三章 斬妖刀蛻變,cangyuantu-wochixihongshi/滄元圖_html213.html
第九集 第二十四章 只有一種可能,cangyuantu-wochixihongshi/滄元圖_html214.html
第九集 第二十五章 夜歸元初山,cangyuantu-wochixihongshi/滄元圖_html215.html
第九集 第二十六章 生了！（本集終）,cangyuantu-wochixihongshi/滄元圖_html216.html
第十集 東寧侯孟川 第一章 粒子空間,cangyuantu-wochixihongshi/滄元圖_html217.html
第十集 東寧侯孟川 第二章 白念雲的秘密,cangyuantu-wochixihongshi/滄元圖_html218.html
第十集 東寧侯孟川 第三章 神通境,cangyuantu-wochixihongshi/滄元圖_html219.html
第十集 東寧侯孟川 第四章 雷霆神眼,cangyuantu-wochixihongshi/滄元圖_html220.html
第十集 東寧侯孟川 第五章 地牢,cangyuantu-wochixihongshi/滄元圖_html221.html
第十集 第五章 我是孟川,cangyuantu-wochixihongshi/滄元圖_html222.html
第十集 第七章 牢房夜話,cangyuantu-wochixihongshi/滄元圖_html223.html
第十集 第八章 恕師侄無禮了！,cangyuantu-wochixihongshi/滄元圖_html224.html
第十集 第九章 洗刷冤屈,cangyuantu-wochixihongshi/滄元圖_html225.html
第十集 第十章 黑沙洞天,cangyuantu-wochixihongshi/滄元圖_html226.html
第十集 第十一章 白瑤月的憤怒,cangyuantu-wochixihongshi/滄元圖_html227.html
第十集 第十二章 這輩子的目標,cangyuantu-wochixihongshi/滄元圖_html228.html
第十集 第十三章 邋遢老者,cangyuantu-wochixihongshi/滄元圖_html229.html
第十集 第十四章 爆發,cangyuantu-wochixihongshi/滄元圖_html230.html
第十集 第十五章 和晏燼的相遇,cangyuantu-wochixihongshi/滄元圖_html231.html
第十集 第十六章 一年（上）,cangyuantu-wochixihongshi/滄元圖_html232.html
第十集 第十七章 一年（下）,cangyuantu-wochixihongshi/滄元圖_html233.html
第十集 第十八章 孟川和柳七月,cangyuantu-wochixihongshi/滄元圖_html234.html
第十集 第十九章 艱難生存,cangyuantu-wochixihongshi/滄元圖_html235.html
第十集 第二十章 鳳凰涅槃,cangyuantu-wochixihongshi/滄元圖_html236.html
第十集 第二十一章 悟,cangyuantu-wochixihongshi/滄元圖_html237.html
第十集 第二十二章 道之境,cangyuantu-wochixihongshi/滄元圖_html238.html
第十集 第二十三章 唯一辦法,cangyuantu-wochixihongshi/滄元圖_html239.html
第十集 第二十四章 封侯,cangyuantu-wochixihongshi/滄元圖_html240.html
第十集 第二十五章 冠絕天下,cangyuantu-wochixihongshi/滄元圖_html241.html
第十集 第二十六章 黑巖大妖王的命運,cangyuantu-wochixihongshi/滄元圖_html242.html
第十集 第二十七章 我有保命寶物？,cangyuantu-wochixihongshi/滄元圖_html243.html
第十集 第二十八章 當大用,cangyuantu-wochixihongshi/滄元圖_html244.html
第十集 第二十九章 夫妻雙封侯（本篇終）,cangyuantu-wochixihongshi/滄元圖_html245.html
第十一集 兒女初長成 第一章 三十八息時間,cangyuantu-wochixihongshi/滄元圖_html246.html
第十一集 兒女初長成 第二章 刺殺,cangyuantu-wochixihongshi/滄元圖_html247.html
第十一集 第三章 十年,cangyuantu-wochixihongshi/滄元圖_html248.html
第十一集 第四章 送到我那去,cangyuantu-wochixihongshi/滄元圖_html249.html
第十一集 第五章 雲州王家和江州蕭家,cangyuantu-wochixihongshi/滄元圖_html250.html
第十一集 第六章 留着過年麼？,cangyuantu-wochixihongshi/滄元圖_html251.html
第十一集 第七章 抓捕,cangyuantu-wochixihongshi/滄元圖_html252.html
第十一集 第八章 十年的畫,cangyuantu-wochixihongshi/滄元圖_html253.html
第十一集 第九章 元神四層,cangyuantu-wochixihongshi/滄元圖_html254.html
第十一集 第十章 大肆抓捕,cangyuantu-wochixihongshi/滄元圖_html255.html
第十一集 第十一章 洞天法珠,cangyuantu-wochixihongshi/滄元圖_html256.html
第十一集 第十二章 燕山王,cangyuantu-wochixihongshi/滄元圖_html257.html
第十一集 第十二章 不死境,cangyuantu-wochixihongshi/滄元圖_html258.html
第十一集 第十四章 三大神通,cangyuantu-wochixihongshi/滄元圖_html259.html
第十一集 第十五章 白鈺王和孟川,cangyuantu-wochixihongshi/滄元圖_html260.html
第十一集 第十六章 上天垂憐,cangyuantu-wochixihongshi/滄元圖_html261.html
第十一集 第十七章 石符,cangyuantu-wochixihongshi/滄元圖_html262.html
第十一集 第十八章 地底,cangyuantu-wochixihongshi/滄元圖_html263.html
第十一集 第十九章 地下探查的第一天,cangyuantu-wochixihongshi/滄元圖_html264.html
第十一集 第二十章 三月後,cangyuantu-wochixihongshi/滄元圖_html265.html
第十一集 第二十一章 真實的世界,cangyuantu-wochixihongshi/滄元圖_html266.html
第十一集 第二十二章 沙叢大妖王,cangyuantu-wochixihongshi/滄元圖_html267.html
第十一集 第二十三章 兒子是絕世奇才,cangyuantu-wochixihongshi/滄元圖_html268.html
第十一集 第二十四章 命運和榮耀（本集終）,cangyuantu-wochixihongshi/滄元圖_html269.html
第十二集 風雲變色 第一章 輪迴神體,cangyuantu-wochixihongshi/滄元圖_html270.html
第十二集 第二章 天下動盪,cangyuantu-wochixihongshi/滄元圖_html271.html
第十二集 第三章 建城,cangyuantu-wochixihongshi/滄元圖_html272.html
第十二集 第四章 煞氣練成,cangyuantu-wochixihongshi/滄元圖_html273.html
第十二集 第五章 凍成虛無,cangyuantu-wochixihongshi/滄元圖_html274.html
第十二集 第六章 帝君,cangyuantu-wochixihongshi/滄元圖_html275.html
第十二集 第七章 驗證,cangyuantu-wochixihongshi/滄元圖_html276.html
第十二集 第八章 孟川戰元初山主,cangyuantu-wochixihongshi/滄元圖_html277.html
第十二集 第九章 造化境的屍體,cangyuantu-wochixihongshi/滄元圖_html278.html
第十二集 第十章 妖王‘摩南’到來,cangyuantu-wochixihongshi/滄元圖_html279.html
第十二集 第十一章 可有一種妖族，靠承諾而活？,cangyuantu-wochixihongshi/滄元圖_html280.html
第十二集 第十二章 妖族大軍,cangyuantu-wochixihongshi/滄元圖_html281.html
第十二集 第十三章 大型城關‘廣御關’,cangyuantu-wochixihongshi/滄元圖_html282.html
第十二集 第十四章 元初山的力量,cangyuantu-wochixihongshi/滄元圖_html283.html
第十二集 第十五章 甦醒吧，諸位！,cangyuantu-wochixihongshi/滄元圖_html284.html
第十二集 第十六章 四方調令,cangyuantu-wochixihongshi/滄元圖_html285.html
第十二集 第十七章 五重天（祝大家新年快樂！）,cangyuantu-wochixihongshi/滄元圖_html286.html
第十二集 第十八章 蓄勢待發,cangyuantu-wochixihongshi/滄元圖_html287.html
第十二集 第十九章 起始,cangyuantu-wochixihongshi/滄元圖_html288.html
第十二集 第二十章 媲美五重天,cangyuantu-wochixihongshi/滄元圖_html289.html
第十二集 第二十一章 心疼,cangyuantu-wochixihongshi/滄元圖_html290.html
第十二集 第二十二章 東寧侯孟川，你無路可逃！,cangyuantu-wochixihongshi/滄元圖_html291.html
第十二集 第二十三章 西海侯,cangyuantu-wochixihongshi/滄元圖_html292.html
第十二集 第二十四章 趕到,cangyuantu-wochixihongshi/滄元圖_html293.html
第十二集 第二十五章 大戰,cangyuantu-wochixihongshi/滄元圖_html294.html
第十二集 第二十六章 十八截,cangyuantu-wochixihongshi/滄元圖_html295.html
第十二集 第二十七章 死傷,cangyuantu-wochixihongshi/滄元圖_html296.html
第十二集 第二十八章 希望,cangyuantu-wochixihongshi/滄元圖_html297.html
第十二集 第二十九章 世界間隙（本集終）,cangyuantu-wochixihongshi/滄元圖_html298.html
第十三集 世界間隙 第一章 離水道院文院長,cangyuantu-wochixihongshi/滄元圖_html299.html
第十三集 第二章 潛入,cangyuantu-wochixihongshi/滄元圖_html300.html
第十三集 第三章 人選,cangyuantu-wochixihongshi/滄元圖_html301.html
第十三集 第四章 進入世界間隙,cangyuantu-wochixihongshi/滄元圖_html302.html
第十三集 第五章 天地斷裂,cangyuantu-wochixihongshi/滄元圖_html303.html
第十三集 第六章 修行,cangyuantu-wochixihongshi/滄元圖_html304.html
第十三集 第七章 我帶你們飛,cangyuantu-wochixihongshi/滄元圖_html305.html
第十三集 第八章 時空畫面,cangyuantu-wochixihongshi/滄元圖_html306.html
第十三集 第九章 分寶,cangyuantu-wochixihongshi/滄元圖_html307.html
第十三集 第十章 薛峰的請求,cangyuantu-wochixihongshi/滄元圖_html308.html
第十三集 第十一章 鎮宗絕學,cangyuantu-wochixihongshi/滄元圖_html309.html
第十三集 第十二章 放縱,cangyuantu-wochixihongshi/滄元圖_html310.html
第十三集 第十三章 畫‘雷霆’,cangyuantu-wochixihongshi/滄元圖_html311.html
第十三集 第十四章 什麼是天賦？,cangyuantu-wochixihongshi/滄元圖_html312.html
第十三集 第十五章 大動靜,cangyuantu-wochixihongshi/滄元圖_html313.html
第十三集 第十六章 本源寶物,cangyuantu-wochixihongshi/滄元圖_html314.html
第十三集 第十七章 救命之恩,cangyuantu-wochixihongshi/滄元圖_html315.html
第十三集 第十八章 十絕滅世,cangyuantu-wochixihongshi/滄元圖_html316.html
第十三集 第十九章 爭奪,cangyuantu-wochixihongshi/滄元圖_html317.html
第十三集 第二十章 牽制,cangyuantu-wochixihongshi/滄元圖_html318.html
第十三集 第二十一章 迴歸人族世界,cangyuantu-wochixihongshi/滄元圖_html319.html
第十三集 第二十二章 在山上,cangyuantu-wochixihongshi/滄元圖_html320.html
第十三集 第二十三章 觀絕學,cangyuantu-wochixihongshi/滄元圖_html321.html
第十三集 第二十四章 彌補（本集終）,cangyuantu-wochixihongshi/滄元圖_html322.html
第十四集 東寧王孟川 第一章 燃燒的壽命,cangyuantu-wochixihongshi/滄元圖_html323.html
第十四集 東寧王孟川 第二章 夜間練刀,cangyuantu-wochixihongshi/滄元圖_html324.html
第十四集 東寧王孟川 第三章 新城,cangyuantu-wochixihongshi/滄元圖_html325.html
第十四集 第四章 神魔身份,cangyuantu-wochixihongshi/滄元圖_html326.html
第十四集 第五章 夜襲,cangyuantu-wochixihongshi/滄元圖_html327.html
第十四集 第六章 百萬妖王的威脅,cangyuantu-wochixihongshi/滄元圖_html328.html
第十四集 第七章 輪迴試煉（上）,cangyuantu-wochixihongshi/滄元圖_html329.html
第十四集 第八章 輪迴試煉（下）,cangyuantu-wochixihongshi/滄元圖_html330.html
第十四集 第九章 晏燼封侯,cangyuantu-wochixihongshi/滄元圖_html331.html
第十四集 第十章 柳七月的任用,cangyuantu-wochixihongshi/滄元圖_html332.html
第十四集 第十一章 勾結,cangyuantu-wochixihongshi/滄元圖_html333.html
第十四集 第十二章 巡守在山野間,cangyuantu-wochixihongshi/滄元圖_html334.html
第十四集 第十三章 薛峰的要求,cangyuantu-wochixihongshi/滄元圖_html335.html
第十四集 第十四章 萬劍宗,cangyuantu-wochixihongshi/滄元圖_html336.html
第十四集 第十五章 安海王的回信,cangyuantu-wochixihongshi/滄元圖_html337.html
第十四集 第十六章 五重天的黃搖老祖,cangyuantu-wochixihongshi/滄元圖_html338.html
第十四集 第十七章 戰死,cangyuantu-wochixihongshi/滄元圖_html339.html
第十四集 第十八章 永遠是我哥,cangyuantu-wochixihongshi/滄元圖_html340.html
第十四集 第十九章 各方,cangyuantu-wochixihongshi/滄元圖_html341.html
第十四集 第二十章 撕裂黑夜的光,cangyuantu-wochixihongshi/滄元圖_html342.html
第十四集 第二十一章 法域境,cangyuantu-wochixihongshi/滄元圖_html343.html
第十四集 第二十二章 終成封王（本集終）,cangyuantu-wochixihongshi/滄元圖_html344.html
第十五集 血刃盤 第一章 試招,cangyuantu-wochixihongshi/滄元圖_html345.html
第十五集 血刃盤 第二章 寶庫任選,cangyuantu-wochixihongshi/滄元圖_html346.html
第十五集 血刃盤 第三章 劫境大能,cangyuantu-wochixihongshi/滄元圖_html347.html
第十五集 血刃盤 第四章 選擇,cangyuantu-wochixihongshi/滄元圖_html348.html
第十五集 第五章 符紋,cangyuantu-wochixihongshi/滄元圖_html349.html
第十五集 第六章 柳七月的突破,cangyuantu-wochixihongshi/滄元圖_html350.html
第十五集 第七章 面具,cangyuantu-wochixihongshi/滄元圖_html351.html
第十五集 第八章 時空疆域圖,cangyuantu-wochixihongshi/滄元圖_html352.html
第十五集 第九章 三絕陣,cangyuantu-wochixihongshi/滄元圖_html353.html
第十五集 第十章 緊急救援,cangyuantu-wochixihongshi/滄元圖_html354.html
第十五集 第十一章 十三劍煞？,cangyuantu-wochixihongshi/滄元圖_html355.html
第十五集 第十二章 雲霧龍蛇身法,cangyuantu-wochixihongshi/滄元圖_html356.html
第十五集 第十三章 人來到這世間,cangyuantu-wochixihongshi/滄元圖_html357.html
第十五集 第十四章 地底埋伏,cangyuantu-wochixihongshi/滄元圖_html358.html
第十五集 第十五章 絕天地，絕時空，絕宿命,cangyuantu-wochixihongshi/滄元圖_html359.html
第十五集 第十六章 斬殺,cangyuantu-wochixihongshi/滄元圖_html360.html
第十五集 第十七章 師尊來了,cangyuantu-wochixihongshi/滄元圖_html361.html
第十五集 第十八章 黃搖老祖之死,cangyuantu-wochixihongshi/滄元圖_html362.html
第十五集 第十七章 妖族的暗手,cangyuantu-wochixihongshi/滄元圖_html363.html
第十五集 第二十章 各方動作（本集終）,cangyuantu-wochixihongshi/滄元圖_html364.html
第十六集 滴血境 第一章 神秘神魔,cangyuantu-wochixihongshi/滄元圖_html365.html
第十六集 滴血境 第二章 化龍池,cangyuantu-wochixihongshi/滄元圖_html366.html
第十六集 第三章 逃向海洋,cangyuantu-wochixihongshi/滄元圖_html367.html
第十六集 第四章 千蛐,cangyuantu-wochixihongshi/滄元圖_html368.html
第十六集 第五章 柳七月封王,cangyuantu-wochixihongshi/滄元圖_html369.html
第十六集 第六章 元神五層,cangyuantu-wochixihongshi/滄元圖_html370.html
第十五集 第七章 滴血境（上）,cangyuantu-wochixihongshi/滄元圖_html371.html
第十五集 第八章 滴血境（下）,cangyuantu-wochixihongshi/滄元圖_html372.html
第十六集 第九章 神通‘流沙’,cangyuantu-wochixihongshi/滄元圖_html373.html
第十六集 第十章 北海深處,cangyuantu-wochixihongshi/滄元圖_html374.html
第十六集 第十一章 五重天‘千蛐’,cangyuantu-wochixihongshi/滄元圖_html375.html
第十六集 第十二章 我等了太久了,cangyuantu-wochixihongshi/滄元圖_html376.html
第十六集 第十三章 滄海派,cangyuantu-wochixihongshi/滄元圖_html377.html
第十六集 第十四章 心海殿和戰神塔,cangyuantu-wochixihongshi/滄元圖_html378.html
第十六集 第十五章 遊心海,cangyuantu-wochixihongshi/滄元圖_html379.html
第十六集 第十六章 歷史排名,cangyuantu-wochixihongshi/滄元圖_html380.html
第十六集 第十七章 元神傳承,cangyuantu-wochixihongshi/滄元圖_html381.html
第十六集 第十八章 費羽大能,cangyuantu-wochixihongshi/滄元圖_html382.html
第十六集 第十九章 修煉,cangyuantu-wochixihongshi/滄元圖_html383.html
第十六集 第二十章 塔內,cangyuantu-wochixihongshi/滄元圖_html384.html
第十六集 第二十一章 一層層,cangyuantu-wochixihongshi/滄元圖_html385.html
第十六集 第二十二章 滴水不漏,cangyuantu-wochixihongshi/滄元圖_html386.html
第十六集 第二十三章 爆發的孟川,cangyuantu-wochixihongshi/滄元圖_html387.html
第十六集 第二十四章 出戰神塔,cangyuantu-wochixihongshi/滄元圖_html388.html
第十六集 第二十五章 滄海派寶藏,cangyuantu-wochixihongshi/滄元圖_html389.html
第十六集 第二十六章 滄海祖師（本集終）,cangyuantu-wochixihongshi/滄元圖_html390.html
第十七集 名震天下 第一章 掌令,cangyuantu-wochixihongshi/滄元圖_html391.html
第十七集 名震天下 第二章 秘辛,cangyuantu-wochixihongshi/滄元圖_html392.html
第十七集 名震天下 第三章 爲宗派遮風擋雨,cangyuantu-wochixihongshi/滄元圖_html393.html
第十七集 名震天下 第四章 十二鎮宗寶物,cangyuantu-wochixihongshi/滄元圖_html394.html
第十七集 第五章 翻閱絕學,cangyuantu-wochixihongshi/滄元圖_html395.html
第十七集 第六章 稟報,cangyuantu-wochixihongshi/滄元圖_html396.html
第十七集 第七章 拜九日,cangyuantu-wochixihongshi/滄元圖_html397.html
第十七集 第八章 咒殺,cangyuantu-wochixihongshi/滄元圖_html398.html
第十七集 第九章 因果殺招,cangyuantu-wochixihongshi/滄元圖_html399.html
第十七集 第十章 降臨,cangyuantu-wochixihongshi/滄元圖_html400.html
第十七集 第十一章 各方關注,cangyuantu-wochixihongshi/滄元圖_html401.html
第十七集 第十二章 牢獄縮小,cangyuantu-wochixihongshi/滄元圖_html402.html
第十七集 第十三章 事不可爲,cangyuantu-wochixihongshi/滄元圖_html403.html
第十七集 第十四章 柳七月的壽命,cangyuantu-wochixihongshi/滄元圖_html404.html
第十七集 第十五章 轉折點,cangyuantu-wochixihongshi/滄元圖_html405.html
第十七集 第十六章 希望,cangyuantu-wochixihongshi/滄元圖_html406.html
第十七集 第十七章 要求,cangyuantu-wochixihongshi/滄元圖_html407.html
第十七集 第十八章 夫妻雙封王,cangyuantu-wochixihongshi/滄元圖_html408.html
第十七集 第十九章 淳于家的報復,cangyuantu-wochixihongshi/滄元圖_html409.html
第十七集 第二十章 處置武陽侯,cangyuantu-wochixihongshi/滄元圖_html410.html
第十七集 第二十一章 孟安出關,cangyuantu-wochixihongshi/滄元圖_html411.html
第十七集 第二十二章 一家團聚,cangyuantu-wochixihongshi/滄元圖_html412.html
第十七集 第二十三章 掃清天下（本集終）,cangyuantu-wochixihongshi/滄元圖_html413.html
第十八集 元神六層 第一章 你們得感謝孟川,cangyuantu-wochixihongshi/滄元圖_html414.html
第十八集 第二章 上部絕學,cangyuantu-wochixihongshi/滄元圖_html415.html
第十八集 第三章 主動進攻,cangyuantu-wochixihongshi/滄元圖_html416.html
第十八集 第四章 出征世界間隙,cangyuantu-wochixihongshi/滄元圖_html417.html
第十八集 第五章 初遇妖王,cangyuantu-wochixihongshi/滄元圖_html418.html
第十八集 第六章 迷迷糊糊,cangyuantu-wochixihongshi/滄元圖_html419.html
第十八集 第七章 牽絲聖主,cangyuantu-wochixihongshi/滄元圖_html420.html
第十八集 第八章 一對五,cangyuantu-wochixihongshi/滄元圖_html421.html
第十八集 第九章 反擊,cangyuantu-wochixihongshi/滄元圖_html422.html
第十八集 第十章 獵人和獵物,cangyuantu-wochixihongshi/滄元圖_html423.html
第十八集 第十一章 護道人出手,cangyuantu-wochixihongshi/滄元圖_html424.html
第十八集 第十二章 戰後,cangyuantu-wochixihongshi/滄元圖_html425.html
第十八集 第十三章 召集,cangyuantu-wochixihongshi/滄元圖_html426.html
第十八集 第十四章 威脅最大的三位神魔,cangyuantu-wochixihongshi/滄元圖_html427.html
第十八集 第十五章 開始修行,cangyuantu-wochixihongshi/滄元圖_html428.html
第十八集 第十六章 二畫‘雷霆’,cangyuantu-wochixihongshi/滄元圖_html429.html
第十八集 第十七章 三年,cangyuantu-wochixihongshi/滄元圖_html430.html
第十八集 第十八章 接連嘗試,cangyuantu-wochixihongshi/滄元圖_html431.html
第十八集 第十九章 身法極限,cangyuantu-wochixihongshi/滄元圖_html432.html
第十八集 第二十章 迴歸元初山,cangyuantu-wochixihongshi/滄元圖_html433.html
第十八集 第二十一章 事件,cangyuantu-wochixihongshi/滄元圖_html434.html
第十八集 第二十二章 神秘兇手,cangyuantu-wochixihongshi/滄元圖_html435.html
第十八集 第二十三章 真相,cangyuantu-wochixihongshi/滄元圖_html436.html
第十八集 第二十四章 安海王的記憶,cangyuantu-wochixihongshi/滄元圖_html437.html
第十八集 第二十五章 生命改造,cangyuantu-wochixihongshi/滄元圖_html438.html
第十八集 第二十六章 八年,cangyuantu-wochixihongshi/滄元圖_html439.html
第十八集 第二十七章 父子交手,cangyuantu-wochixihongshi/滄元圖_html440.html
第十八集 第二十八章 九世輪迴煉心,cangyuantu-wochixihongshi/滄元圖_html441.html
第十八集 第二十九章 妖族的隊伍,cangyuantu-wochixihongshi/滄元圖_html442.html
第十八集 第三十章 瓶頸,cangyuantu-wochixihongshi/滄元圖_html443.html
第十八集 第三十一章 煉火星辰爐,cangyuantu-wochixihongshi/滄元圖_html444.html
第十八集 第三十二章 元初山神魔來了！,cangyuantu-wochixihongshi/滄元圖_html445.html
第十八集 第三十三章 轟殺,cangyuantu-wochixihongshi/滄元圖_html446.html
第十八集 第三十四章 巔峰之戰,cangyuantu-wochixihongshi/滄元圖_html447.html
第十八集 第三十五章 慘烈,cangyuantu-wochixihongshi/滄元圖_html448.html
第十八集 第三十六章 困境,cangyuantu-wochixihongshi/滄元圖_html449.html
第十八集 第三十七章 洞天境（上）,cangyuantu-wochixihongshi/滄元圖_html450.html
第十八集 第三十八章 洞天境（下）,cangyuantu-wochixihongshi/滄元圖_html451.html
第十八集 第三十九章 破陣,cangyuantu-wochixihongshi/滄元圖_html452.html
第十八集 第四十章 罷手,cangyuantu-wochixihongshi/滄元圖_html453.html
第十八集 第四十一章 稟報,cangyuantu-wochixihongshi/滄元圖_html454.html
第十八集 第四十二章 開闢洞天？,cangyuantu-wochixihongshi/滄元圖_html455.html
第十八集 第四十三章 畫筆融意境,cangyuantu-wochixihongshi/滄元圖_html456.html
第十八集 第四十四章 元神六層,cangyuantu-wochixihongshi/滄元圖_html457.html
第十四集 第四十五章 戰前準備,cangyuantu-wochixihongshi/滄元圖_html458.html
第十八集 第四十六章 轟！轟！,cangyuantu-wochixihongshi/滄元圖_html459.html
第十八集 第四十七章 世界間隙內,cangyuantu-wochixihongshi/滄元圖_html460.html
第十八集 第四十八章 並肩而戰,cangyuantu-wochixihongshi/滄元圖_html461.html
第十八集 第四十九章 人族的攻擊,cangyuantu-wochixihongshi/滄元圖_html462.html
第十八集 第五十章 最後的襲殺（上）,cangyuantu-wochixihongshi/滄元圖_html463.html
第十八集 第五十一章 最後的襲殺（下）,cangyuantu-wochixihongshi/滄元圖_html464.html
第十八集 第五十二章 新的時代（本集終）,cangyuantu-wochixihongshi/滄元圖_html465.html
第十九集 尊者 第一章 二十二年後,cangyuantu-wochixihongshi/滄元圖_html466.html
第十九集 尊者 第二章 孟川和閻赤桐,cangyuantu-wochixihongshi/滄元圖_html467.html
第十九集 尊者 第三章 孟家,cangyuantu-wochixihongshi/滄元圖_html468.html
第十九集 尊者 第四章 孟川的行動,cangyuantu-wochixihongshi/滄元圖_html469.html
第十九集 尊者 第五章 威懾,cangyuantu-wochixihongshi/滄元圖_html470.html
第十九集 尊者 第六章 入秋,cangyuantu-wochixihongshi/滄元圖_html471.html
第十九集 第七章 孟川戰孔雀君主,cangyuantu-wochixihongshi/滄元圖_html472.html
第十九集 第八章 孔雀君主的抉擇,cangyuantu-wochixihongshi/滄元圖_html473.html
第十九集 第九章 裂縫,cangyuantu-wochixihongshi/滄元圖_html474.html
第十九集 第十章 救援,cangyuantu-wochixihongshi/滄元圖_html475.html
第十九集 第十一章 毒龍老祖出手,cangyuantu-wochixihongshi/滄元圖_html476.html
第十九集 第十二章 選擇,cangyuantu-wochixihongshi/滄元圖_html477.html
第十九集 第十三章 白頭偕老,cangyuantu-wochixihongshi/滄元圖_html478.html
第十九集 第十四章 一年,cangyuantu-wochixihongshi/滄元圖_html479.html
第十九集 第十五章 千年,cangyuantu-wochixihongshi/滄元圖_html480.html
第十九集 第十六章 畫卷,cangyuantu-wochixihongshi/滄元圖_html481.html
第十九集 第十七章 月下舞刀,cangyuantu-wochixihongshi/滄元圖_html482.html
第十九集 第十八章 元神七層,cangyuantu-wochixihongshi/滄元圖_html483.html
第十九集 第十九章 人族世界崛起的曙光,cangyuantu-wochixihongshi/滄元圖_html484.html
第十九集 第二十章 修行突變,cangyuantu-wochixihongshi/滄元圖_html485.html
第十九集 第二十一章 突破成尊者？,cangyuantu-wochixihongshi/滄元圖_html486.html
第十九集 第二十二章 一年零兩個月,cangyuantu-wochixihongshi/滄元圖_html487.html
第十九集 第二十三章 尊者級,cangyuantu-wochixihongshi/滄元圖_html488.html
第十九集 第二十四章 決定,cangyuantu-wochixihongshi/滄元圖_html489.html
第十九集 第二十五章 出發，域外！（本集終）,cangyuantu-wochixihongshi/滄元圖_html490.html
第二十集 域外新人 第一章 時空亂流,cangyuantu-wochixihongshi/滄元圖_html491.html
第二十集 域外新人 第二章 初來乍到,cangyuantu-wochixihongshi/滄元圖_html492.html
第二十集 域外新人 第三章 饒你性命,cangyuantu-wochixihongshi/滄元圖_html493.html
第二十集 域外新人 第四章 全力出手,cangyuantu-wochixihongshi/滄元圖_html494.html
第二十集 第五章 血陽界方昶,cangyuantu-wochixihongshi/滄元圖_html495.html
第二十集 第六章 水青界,cangyuantu-wochixihongshi/滄元圖_html496.html
第二十集 第七章 探索洞府,cangyuantu-wochixihongshi/滄元圖_html497.html
第二十二集 第八章 洞府主人,cangyuantu-wochixihongshi/滄元圖_html498.html
第二十集 第九章 選擇,cangyuantu-wochixihongshi/滄元圖_html499.html
第二十集 第十章 那一塊血肉,cangyuantu-wochixihongshi/滄元圖_html500.html
第二十集 第十一章 蟄伏（上）,cangyuantu-wochixihongshi/滄元圖_html501.html
第二十集 第十二章 蟄伏（下）,cangyuantu-wochixihongshi/滄元圖_html502.html
第二十集 第十三章 初入黑龍星,cangyuantu-wochixihongshi/滄元圖_html503.html
第二十集 第十四章 灰燼塔,cangyuantu-wochixihongshi/滄元圖_html504.html
第二十集 第十五章 花錢,cangyuantu-wochixihongshi/滄元圖_html505.html
第二十集 第十六章 黑龍老祖,cangyuantu-wochixihongshi/滄元圖_html506.html
第二十集 第十七章 囚魔牢獄之主,cangyuantu-wochixihongshi/滄元圖_html507.html
第二十集 第十八章 符籙,cangyuantu-wochixihongshi/滄元圖_html508.html
第二十集 第十九章 《無我無相劍》,cangyuantu-wochixihongshi/滄元圖_html509.html
第二十集 第二十章 爭寶會,cangyuantu-wochixihongshi/滄元圖_html510.html
第二十集 第二十一章 買齊了,cangyuantu-wochixihongshi/滄元圖_html511.html
第二十集 第二十二章 原初之石，蛻變,cangyuantu-wochixihongshi/滄元圖_html512.html
第二十集 第二十三章 讓妖族多準備準備,cangyuantu-wochixihongshi/滄元圖_html513.html
第二十集 第二十四章 鎮守八方,cangyuantu-wochixihongshi/滄元圖_html514.html
第二十集 第二十五章 一鍋端,cangyuantu-wochixihongshi/滄元圖_html515.html
第二十集 第二十六章 歲月（本集終）,cangyuantu-wochixihongshi/滄元圖_html516.html
第二十一集 妖聖通道 第一章 陰影,cangyuantu-wochixihongshi/滄元圖_html517.html
第二十一集 妖聖通道 第二章 黑魔殿,cangyuantu-wochixihongshi/滄元圖_html518.html
第二十一集 妖聖通道 第三章 上萬修行者的逃亡,cangyuantu-wochixihongshi/滄元圖_html519.html
第二十一集 第四章 逃命,cangyuantu-wochixihongshi/滄元圖_html520.html
第二十一集 第五章 狩獵落幕,cangyuantu-wochixihongshi/滄元圖_html521.html
第二十一集 第六章 混洞內修行（上）,cangyuantu-wochixihongshi/滄元圖_html522.html
第二十一集 第七章 混洞內修行（下）,cangyuantu-wochixihongshi/滄元圖_html523.html
第二十一集 第八章 兩個世界最強者,cangyuantu-wochixihongshi/滄元圖_html524.html
第二十一集 第九章 練岔了,cangyuantu-wochixihongshi/滄元圖_html525.html
第二十一集 第十章 洞天閣講法,cangyuantu-wochixihongshi/滄元圖_html526.html
第二十一集 第十一章 鵬皇和孟川,cangyuantu-wochixihongshi/滄元圖_html527.html
第二十一集 第十二章 困守,cangyuantu-wochixihongshi/滄元圖_html528.html
第二十一集 第十三章 渡劫和通道,cangyuantu-wochixihongshi/滄元圖_html529.html
第二十一集 第十四章 妖聖通道,cangyuantu-wochixihongshi/滄元圖_html530.html
第二十一集 第十五章 邀請劫境大能,cangyuantu-wochixihongshi/滄元圖_html531.html
第二十一集 第十六章 變強的代價,cangyuantu-wochixihongshi/滄元圖_html532.html
第二十一集 第十七章 終於到來,cangyuantu-wochixihongshi/滄元圖_html533.html
第二十一集 第十八章 戰爭終章（上）,cangyuantu-wochixihongshi/滄元圖_html534.html
第二十一集 第十九章 戰爭終章（下）,cangyuantu-wochixihongshi/滄元圖_html535.html
第二十一集 第二十章 贏了！,cangyuantu-wochixihongshi/滄元圖_html536.html
第二十一集 第21章 顫慄,cangyuantu-wochixihongshi/滄元圖_html537.html
第二十一集 第22章 元神八層,cangyuantu-wochixihongshi/滄元圖_html538.html
第二十一集 第23章 天妖門的乞求,cangyuantu-wochixihongshi/滄元圖_html539.html
第二十一集 第24章 世界外顯,cangyuantu-wochixihongshi/滄元圖_html540.html
第二十一集 第25章 帝君級極限絕學,cangyuantu-wochixihongshi/滄元圖_html541.html
第二十一集 第26章 帝君（本集終）,cangyuantu-wochixihongshi/滄元圖_html542.html
第22集 劫境 第1章 傳送,cangyuantu-wochixihongshi/滄元圖_html543.html
第22集 劫境 第2章 孟川的實力,cangyuantu-wochixihongshi/滄元圖_html544.html
第22集 劫境 第3章 壽命,cangyuantu-wochixihongshi/滄元圖_html545.html
第22集 劫境 第4章 離別,cangyuantu-wochixihongshi/滄元圖_html546.html
第22集 第5章 元神之劫,cangyuantu-wochixihongshi/滄元圖_html547.html
第22集 劫境 第6章 修行歲月,cangyuantu-wochixihongshi/滄元圖_html548.html
第22集 劫境 第7章 延壽,cangyuantu-wochixihongshi/滄元圖_html549.html
第22集 第8章 帝君圓滿的極限絕學,cangyuantu-wochixihongshi/滄元圖_html550.html
第22集 第9章 孟川趕路,cangyuantu-wochixihongshi/滄元圖_html551.html
第22集 第10章 收徒,cangyuantu-wochixihongshi/滄元圖_html552.html
第22集 第11章 趙紅袖,cangyuantu-wochixihongshi/滄元圖_html553.html
第22集 第12章 回到家鄉,cangyuantu-wochixihongshi/滄元圖_html554.html
第22集 第13章 第五次元神之劫,cangyuantu-wochixihongshi/滄元圖_html555.html
第22集 第14章 追蹤鵬皇,cangyuantu-wochixihongshi/滄元圖_html556.html
第22集 第15章 初探洞府,cangyuantu-wochixihongshi/滄元圖_html557.html
第22集 第16章 鵬皇的收穫,cangyuantu-wochixihongshi/滄元圖_html558.html
第22集 第17章 鵬皇和孟川的再相見,cangyuantu-wochixihongshi/滄元圖_html559.html
第22集 第18章 星訶帝君和玄月娘孃的結局,cangyuantu-wochixihongshi/滄元圖_html560.html
第22集 第19章 巢穴盡頭,cangyuantu-wochixihongshi/滄元圖_html561.html
第22集 第20章 禁忌生物,cangyuantu-wochixihongshi/滄元圖_html562.html
第22集 第21章 寂滅之刀,cangyuantu-wochixihongshi/滄元圖_html563.html
第22集 第22章 黑風老魔,cangyuantu-wochixihongshi/滄元圖_html564.html
第22集 第23章 孟川和雪玉宮主,cangyuantu-wochixihongshi/滄元圖_html565.html
第22集 第24章 孟川的年齡,cangyuantu-wochixihongshi/滄元圖_html566.html
第22集 第25章 《虛空圖錄》,cangyuantu-wochixihongshi/滄元圖_html567.html
第22集 第26章 蒼盟？,cangyuantu-wochixihongshi/滄元圖_html568.html
第22集 第27章 邀請（本集終章）,cangyuantu-wochixihongshi/滄元圖_html569.html
第23集 東寧城 第1章 赤蛇星主,cangyuantu-wochixihongshi/滄元圖_html570.html
第23集 第2章 永恆之眼,cangyuantu-wochixihongshi/滄元圖_html571.html
第23集 第3章 掃清三灣河系,cangyuantu-wochixihongshi/滄元圖_html572.html
第23集 第4章 潛修,cangyuantu-wochixihongshi/滄元圖_html573.html
第23集 第5章 劫掠勢力,cangyuantu-wochixihongshi/滄元圖_html574.html
第23集 第6章 東寧城主的名單,cangyuantu-wochixihongshi/滄元圖_html575.html
第23集 第7章 紅鴝洞主,cangyuantu-wochixihongshi/滄元圖_html576.html
第23集 第8章 掃清,cangyuantu-wochixihongshi/滄元圖_html577.html
第23集 第9章 三灣河系的震動,cangyuantu-wochixihongshi/滄元圖_html578.html
第23集 第10章 異寶,cangyuantu-wochixihongshi/滄元圖_html579.html
第23集 第11章 願爲城主效命,cangyuantu-wochixihongshi/滄元圖_html580.html
第23集 第12章 降臨蛇魔星,cangyuantu-wochixihongshi/滄元圖_html581.html
第23集 第13章 孟川戰景雲洞主！,cangyuantu-wochixihongshi/滄元圖_html582.html
第23集 第14章 蛇魔星上的搏殺,cangyuantu-wochixihongshi/滄元圖_html583.html
第23集 第15章 怎麼來得及佈陣？,cangyuantu-wochixihongshi/滄元圖_html584.html
第23集 第16章 景雲洞主的抉擇,cangyuantu-wochixihongshi/滄元圖_html585.html
第33集 第17章 名傳神女河域,cangyuantu-wochixihongshi/滄元圖_html586.html
第33集 第18章 悠悠八百年,cangyuantu-wochixihongshi/滄元圖_html587.html
第23集 第19章 秘境內的孟安,cangyuantu-wochixihongshi/滄元圖_html588.html
第23集 第20章 伏遂和黑風老魔,cangyuantu-wochixihongshi/滄元圖_html589.html
第23集 第21章 臨近（本集終）,cangyuantu-wochixihongshi/滄元圖_html590.html
第24集 魔山 第1章 前往遺蹟,cangyuantu-wochixihongshi/滄元圖_html591.html
第24集 魔山 第2章 禁忌生物,cangyuantu-wochixihongshi/滄元圖_html592.html
第24集 第3章 虛無,cangyuantu-wochixihongshi/滄元圖_html593.html
第24集 第4章 登山,cangyuantu-wochixihongshi/滄元圖_html594.html
第24集 第5章 抉擇,cangyuantu-wochixihongshi/滄元圖_html595.html
第24集 第6章 各自道路,cangyuantu-wochixihongshi/滄元圖_html596.html
第24集 第7章 十年時間,cangyuantu-wochixihongshi/滄元圖_html597.html
第24集 第8章 代價,cangyuantu-wochixihongshi/滄元圖_html598.html
第24集 第9章 這是一座魔山,cangyuantu-wochixihongshi/滄元圖_html599.html
第24集 第10章 伏遂的目的,cangyuantu-wochixihongshi/滄元圖_html600.html
第24集 第11章 一直在山上,cangyuantu-wochixihongshi/滄元圖_html601.html
第24集 第12章 魔山之名,cangyuantu-wochixihongshi/滄元圖_html602.html
第24集 第13章 突破，六劫境規則！,cangyuantu-wochixihongshi/滄元圖_html603.html
第24集 第14章 元神世界,cangyuantu-wochixihongshi/滄元圖_html604.html
第24集 第15章 世界秘寶,cangyuantu-wochixihongshi/滄元圖_html605.html
第24集 第16章 八劫境秘寶,cangyuantu-wochixihongshi/滄元圖_html606.html
第24集 第17章 鬼墨之主,cangyuantu-wochixihongshi/滄元圖_html607.html
第24集 第18章 雪玉宮主的結局,cangyuantu-wochixihongshi/滄元圖_html608.html
第24集 第19章 孟安這些年,cangyuantu-wochixihongshi/滄元圖_html609.html
第24集 第20章 出發，坤雲秘境（本集終）,cangyuantu-wochixihongshi/滄元圖_html610.html
第25集 六劫境 第1章 祖孫倆,cangyuantu-wochixihongshi/滄元圖_html611.html
第25集 六劫境 第2章 能幫你的就這麼多了,cangyuantu-wochixihongshi/滄元圖_html612.html
第25集 六劫境 第3章 三石老人的命令,cangyuantu-wochixihongshi/滄元圖_html613.html
第25集 六劫境 第4章 救龍菡,cangyuantu-wochixihongshi/滄元圖_html614.html
第25集 六劫境 第5章 孟川和三石老人,cangyuantu-wochixihongshi/滄元圖_html615.html
第25集 第6章 六劫境之戰（上）,cangyuantu-wochixihongshi/滄元圖_html616.html
第25集 第7章 六劫境之戰（中）,cangyuantu-wochixihongshi/滄元圖_html617.html
第25集 第8章 六劫境之戰（下）,cangyuantu-wochixihongshi/滄元圖_html618.html
第25集 第9章 掌控秘境（上）,cangyuantu-wochixihongshi/滄元圖_html619.html
第25集 第10章 掌控秘境（下）,cangyuantu-wochixihongshi/滄元圖_html620.html
第25集 第11章 延壽奇珍,cangyuantu-wochixihongshi/滄元圖_html621.html
第25集 第12章 瘋魔的鵬皇,cangyuantu-wochixihongshi/滄元圖_html622.html
第25集 第13章 柳七月甦醒,cangyuantu-wochixihongshi/滄元圖_html623.html
第25集 第14章 圓滿（上）,cangyuantu-wochixihongshi/滄元圖_html624.html
第25集 第15章 圓滿（下）,cangyuantu-wochixihongshi/滄元圖_html625.html
第25集 第16章 再進魔山,cangyuantu-wochixihongshi/滄元圖_html626.html
第25集 第17章 消息,cangyuantu-wochixihongshi/滄元圖_html627.html
第25集 第18章 垂釣,cangyuantu-wochixihongshi/滄元圖_html628.html
第25集 第19章 界祖說魔山,cangyuantu-wochixihongshi/滄元圖_html629.html
第25集 第20章 機緣和命令,cangyuantu-wochixihongshi/滄元圖_html630.html
第25集 第21章 時空之海,cangyuantu-wochixihongshi/滄元圖_html631.html
第25集 第22章 安海王的落幕,cangyuantu-wochixihongshi/滄元圖_html632.html
第25集 第23章 第六次天劫,cangyuantu-wochixihongshi/滄元圖_html633.html
第25集 第24章 法門雛形,cangyuantu-wochixihongshi/滄元圖_html634.html
第25集 第25章 老主人的一半寶藏（本集終）,cangyuantu-wochixihongshi/滄元圖_html635.html
第26集 白鳥館 第1章 大印,cangyuantu-wochixihongshi/滄元圖_html636.html
第26集 白鳥館 第2章 寶藏總價,cangyuantu-wochixihongshi/滄元圖_html637.html
第26集 第3章 赤蛇星主和孟川,cangyuantu-wochixihongshi/滄元圖_html638.html
第26集 第4章 永恆樓時空長河總部,cangyuantu-wochixihongshi/滄元圖_html639.html
第26集 第5章 時空之谷,cangyuantu-wochixihongshi/滄元圖_html640.html
第26集 第6章 白鳥館主,cangyuantu-wochixihongshi/滄元圖_html641.html
第26集 第7章 界祖和白鳥館主,cangyuantu-wochixihongshi/滄元圖_html642.html
第26集 第8章 排在第八,cangyuantu-wochixihongshi/滄元圖_html643.html
第26集 第9章 莫峫山主,cangyuantu-wochixihongshi/滄元圖_html644.html
第26集 第10章 滄元界的成長,cangyuantu-wochixihongshi/滄元圖_html645.html
第26集 第11章 族羣影響,cangyuantu-wochixihongshi/滄元圖_html646.html
第26集 第12章 寫信,cangyuantu-wochixihongshi/滄元圖_html647.html
第26集 第13章 魔山五萬裡,cangyuantu-wochixihongshi/滄元圖_html648.html
第26集 第14章 魔山核心成員,cangyuantu-wochixihongshi/滄元圖_html649.html
第26集 第15章 弱肉強食,cangyuantu-wochixihongshi/滄元圖_html650.html
第26集 第16章 窺探未來,cangyuantu-wochixihongshi/滄元圖_html651.html
第26集 第17章 劫？,cangyuantu-wochixihongshi/滄元圖_html652.html
第26集 第18章 滄元界的那些尊者們,cangyuantu-wochixihongshi/滄元圖_html653.html
第26集 第19章 清泉島上,cangyuantu-wochixihongshi/滄元圖_html654.html
第26集 第20章 星雲宮初聚,cangyuantu-wochixihongshi/滄元圖_html655.html
第26集 第21章 空間規則,cangyuantu-wochixihongshi/滄元圖_html656.html
第26集 第22章 無盡環風帶,cangyuantu-wochixihongshi/滄元圖_html657.html
第26集 第23章 一步一河系,cangyuantu-wochixihongshi/滄元圖_html658.html
第26集 第24章 白鳥館，東寧城主,cangyuantu-wochixihongshi/滄元圖_html659.html
第26集 第25章 除惡務盡,cangyuantu-wochixihongshi/滄元圖_html660.html
第26集 第26章 畫聖山修行,cangyuantu-wochixihongshi/滄元圖_html661.html
第26集 第27章 繪畫,cangyuantu-wochixihongshi/滄元圖_html662.html
第26集 第28章 另一種六劫境規則,cangyuantu-wochixihongshi/滄元圖_html663.html
第26集 第29章 星雲中的那條冰河,cangyuantu-wochixihongshi/滄元圖_html664.html
第26集 第30章 一筆買賣,cangyuantu-wochixihongshi/滄元圖_html665.html
第26集 第31章 拒絕和接受,cangyuantu-wochixihongshi/滄元圖_html666.html
第26集 第32章 長泊洞主,cangyuantu-wochixihongshi/滄元圖_html667.html
第26集 第33章 猩紅之主,cangyuantu-wochixihongshi/滄元圖_html668.html
第26集 第34章 猩紅之主和孟川,cangyuantu-wochixihongshi/滄元圖_html669.html
第26集 第35章 避開他,cangyuantu-wochixihongshi/滄元圖_html670.html
第26集 第36章 戰利品,cangyuantu-wochixihongshi/滄元圖_html671.html
第26集 第37章 龍祖的九煉塔,cangyuantu-wochixihongshi/滄元圖_html672.html
第26集 第38章 丹爐前,cangyuantu-wochixihongshi/滄元圖_html673.html
第26集 第39章 誕生的虛空三葉花,cangyuantu-wochixihongshi/滄元圖_html674.html
第26集 第40章 掌握空間,cangyuantu-wochixihongshi/滄元圖_html675.html
第26集 第41章 混洞大力,cangyuantu-wochixihongshi/滄元圖_html676.html
第26集 第42章 龍祖的贈與,cangyuantu-wochixihongshi/滄元圖_html677.html
第26集 第43章 時空令,cangyuantu-wochixihongshi/滄元圖_html678.html
第26集 第44章 暗星會的襲殺,cangyuantu-wochixihongshi/滄元圖_html679.html
第26集 第45章 欺人太甚！,cangyuantu-wochixihongshi/滄元圖_html680.html
第26集 第46章 關鍵時刻出手！,cangyuantu-wochixihongshi/滄元圖_html681.html
第26集 第47章 時空長河各方的關注,cangyuantu-wochixihongshi/滄元圖_html682.html
第26集 第48章 塵埃落定,cangyuantu-wochixihongshi/滄元圖_html683.html
第26集 第49章 初見白鳥館主,cangyuantu-wochixihongshi/滄元圖_html684.html
第26集 第50章 看過去未來,cangyuantu-wochixihongshi/滄元圖_html685.html
第26集 第51章 結識,cangyuantu-wochixihongshi/滄元圖_html686.html
第26集 第52章 鵬皇之死（本集終）,cangyuantu-wochixihongshi/滄元圖_html687.html
第27集 七劫境 第1章 八劫境睜眼,cangyuantu-wochixihongshi/滄元圖_html688.html
第27集 七劫境 第2章 開天,cangyuantu-wochixihongshi/滄元圖_html689.html
第27集 第3章 前往混沌濁河,cangyuantu-wochixihongshi/滄元圖_html690.html
第27集 第4章 濁河之上,cangyuantu-wochixihongshi/滄元圖_html691.html
第27集 第5章 關注,cangyuantu-wochixihongshi/滄元圖_html692.html
第27集 第6章 白鳥館藏書,cangyuantu-wochixihongshi/滄元圖_html693.html
第27集 第7章 千年歲月,cangyuantu-wochixihongshi/滄元圖_html694.html
第27集 第8章 混洞規則,cangyuantu-wochixihongshi/滄元圖_html695.html
第27集 第9章 煉化一座混洞,cangyuantu-wochixihongshi/滄元圖_html696.html
第27集 第10章 兒孫們,cangyuantu-wochixihongshi/滄元圖_html697.html
第27集 第11章 食物,cangyuantu-wochixihongshi/滄元圖_html698.html
第27集 第12章 戰吠語,cangyuantu-wochixihongshi/滄元圖_html699.html
第27集 第13章 混洞開天,cangyuantu-wochixihongshi/滄元圖_html700.html
第27集 第14章 黃雀在後,cangyuantu-wochixihongshi/滄元圖_html701.html
第27集 第15章 自創元神法門,cangyuantu-wochixihongshi/滄元圖_html702.html
第27集 第16章 畫世界（補欠第一更）,cangyuantu-wochixihongshi/滄元圖_html703.html
第27集 第17章 祖孫再重逢（補欠第二更）,cangyuantu-wochixihongshi/滄元圖_html704.html
第27集 第18章 黑魔殿主（牛年大吉大利！）,cangyuantu-wochixihongshi/滄元圖_html705.html
第27集 第19章 東寧城主和黑魔殿主,cangyuantu-wochixihongshi/滄元圖_html706.html
第27集 第20章 短暫的交手,cangyuantu-wochixihongshi/滄元圖_html707.html
第27集 第21章 選錯了對手,cangyuantu-wochixihongshi/滄元圖_html708.html
第27集 第22章 重走魔山之路,cangyuantu-wochixihongshi/滄元圖_html709.html
第27集 第23章 渡劫（本集終）,cangyuantu-wochixihongshi/滄元圖_html710.html
第28集 六筆之畫 第1章 紛爭,cangyuantu-wochixihongshi/滄元圖_html711.html
第28集 第2章 宇宙之巢,cangyuantu-wochixihongshi/滄元圖_html712.html
第28集 第3章 再見界祖,cangyuantu-wochixihongshi/滄元圖_html713.html
第28集 第4章 黑玉星,cangyuantu-wochixihongshi/滄元圖_html714.html
第28集 第5章 吞吃中等生命世界（補欠）,cangyuantu-wochixihongshi/滄元圖_html715.html
第28集 第6章 拒絕,cangyuantu-wochixihongshi/滄元圖_html716.html
第28集 第7章 再抵畫聖山,cangyuantu-wochixihongshi/滄元圖_html717.html
第28集 第8章 六筆之畫,cangyuantu-wochixihongshi/滄元圖_html718.html
第28集 第9章 山吳道君,cangyuantu-wochixihongshi/滄元圖_html719.html
第28集 第10章 宇宙之外,cangyuantu-wochixihongshi/滄元圖_html720.html
第28集 第11章 八劫境的壽命,cangyuantu-wochixihongshi/滄元圖_html721.html
第28集 第12章 乾源山上獨一人,cangyuantu-wochixihongshi/滄元圖_html722.html
第28集 第13章 黑魔殿的敵人,cangyuantu-wochixihongshi/滄元圖_html723.html
第28集 第14章 慾壑難填,cangyuantu-wochixihongshi/滄元圖_html724.html
第28集 第15章 這個時代的聚會,cangyuantu-wochixihongshi/滄元圖_html725.html
第28集 第16章 獻祭,cangyuantu-wochixihongshi/滄元圖_html726.html
第28集 第17章 誘惑和突破,cangyuantu-wochixihongshi/滄元圖_html727.html
第28集 第18章 混洞開天大陣,cangyuantu-wochixihongshi/滄元圖_html728.html
第28集 第19章 銜尾之蛇，時空之環,cangyuantu-wochixihongshi/滄元圖_html729.html
第28集 第20章 斬殺,cangyuantu-wochixihongshi/滄元圖_html730.html
第28集 第21章 吞噬來的天賦,cangyuantu-wochixihongshi/滄元圖_html731.html
第28集 第22章 動手了！,cangyuantu-wochixihongshi/滄元圖_html732.html
第28集 第23章 爭奪,cangyuantu-wochixihongshi/滄元圖_html733.html
第28集 第24章 寶藏歸屬,cangyuantu-wochixihongshi/滄元圖_html734.html
第28集 第25章 應對,cangyuantu-wochixihongshi/滄元圖_html735.html
第28集 第26章 決斷,cangyuantu-wochixihongshi/滄元圖_html736.html
第28集 第27章 八劫境大能‘赤寧真君’,cangyuantu-wochixihongshi/滄元圖_html737.html
第28集 第28章 保命手段,cangyuantu-wochixihongshi/滄元圖_html738.html
第28集 第29章 傷勢,cangyuantu-wochixihongshi/滄元圖_html739.html
第28集 第30章 瓶頸,cangyuantu-wochixihongshi/滄元圖_html740.html
第28集第31章困惑,cangyuantu-wochixihongshi/滄元圖_html741.html
第28集 第32章 行走三千年（補欠章節）,cangyuantu-wochixihongshi/滄元圖_html742.html
第28集第33章頓悟,cangyuantu-wochixihongshi/滄元圖_html743.html
第28集第34章半步八劫境‘孟川’,cangyuantu-wochixihongshi/滄元圖_html744.html
第28集第35章命運,cangyuantu-wochixihongshi/滄元圖_html745.html
第28集 第36章 山頂的聲音,cangyuantu-wochixihongshi/滄元圖_html746.html
第28集 第37章 初見魔山主人,cangyuantu-wochixihongshi/滄元圖_html747.html
第28集 第38章 萬星天帝的命運（本集終）,cangyuantu-wochixihongshi/滄元圖_html748.html
第29集 修行路 第1章 生命的韌性,cangyuantu-wochixihongshi/滄元圖_html749.html
第29集 第2章 一萬多年後,cangyuantu-wochixihongshi/滄元圖_html750.html
第29集 第3章 水到渠成,cangyuantu-wochixihongshi/滄元圖_html751.html
第29集 第4章 元神八劫境生命體,cangyuantu-wochixihongshi/滄元圖_html752.html
第29集 第5章 療傷,cangyuantu-wochixihongshi/滄元圖_html753.html
第29集 第6章 歷史上的三位元神八劫境,cangyuantu-wochixihongshi/滄元圖_html754.html
第29集 第7章 龍祖的阻攔,cangyuantu-wochixihongshi/滄元圖_html755.html
第29集 第8章 元神之劫的情報,cangyuantu-wochixihongshi/滄元圖_html756.html
第29集 第9章 書山,cangyuantu-wochixihongshi/滄元圖_html757.html
第29集  第10章 孟川的目標,cangyuantu-wochixihongshi/滄元圖_html758.html
第29集 第11章 畫道,cangyuantu-wochixihongshi/滄元圖_html759.html
第29集 第12章 通過考驗,cangyuantu-wochixihongshi/滄元圖_html760.html
第29集 第13章 孟川和孟御,cangyuantu-wochixihongshi/滄元圖_html761.html
第29集 第14章 劫起，驅魔人,cangyuantu-wochixihongshi/滄元圖_html762.html
第29集 第15章 濱海的驅魔界,cangyuantu-wochixihongshi/滄元圖_html763.html
第29集 第16章 方天師,cangyuantu-wochixihongshi/滄元圖_html764.html
第29集 第17章 世界最強的生命,cangyuantu-wochixihongshi/滄元圖_html765.html
第29集 第18章 功成（大結局）,cangyuantu-wochixihongshi/滄元圖_html766.html
完結感言,cangyuantu-wochixihongshi/滄元圖_html767.html
