第一章 《捕蛇者說》新編,zerifeisheng-zhaizhu/擇日飛昇_html1.html
第二章 怒犯天條,zerifeisheng-zhaizhu/擇日飛昇_html2.html
第三章 弒神者，許應,zerifeisheng-zhaizhu/擇日飛昇_html3.html
第四章 人體六秘,zerifeisheng-zhaizhu/擇日飛昇_html4.html
第五章 巫儺之術,zerifeisheng-zhaizhu/擇日飛昇_html5.html
第六章 練功傻三代,zerifeisheng-zhaizhu/擇日飛昇_html6.html
第七章 奈河改道事件,zerifeisheng-zhaizhu/擇日飛昇_html7.html
第八章 井中棺，廟外神,zerifeisheng-zhaizhu/擇日飛昇_html8.html
第九章 妖性難馴，人性未泯,zerifeisheng-zhaizhu/擇日飛昇_html9.html
第十章 碰瓷,zerifeisheng-zhaizhu/擇日飛昇_html10.html
第十一章 希夷之域,zerifeisheng-zhaizhu/擇日飛昇_html11.html
第十二章 脫煞爲元，象王神體,zerifeisheng-zhaizhu/擇日飛昇_html12.html
第十三章 黃田鋪封神,zerifeisheng-zhaizhu/擇日飛昇_html13.html
第十四章 挑釁官府,zerifeisheng-zhaizhu/擇日飛昇_html14.html
第十五章 許大善人,zerifeisheng-zhaizhu/擇日飛昇_html15.html
第十六章 人體秘境，黑鐵玄關,zerifeisheng-zhaizhu/擇日飛昇_html16.html
第十七章 陰間入侵,zerifeisheng-zhaizhu/擇日飛昇_html17.html
第十八章 回首望鄉臺,zerifeisheng-zhaizhu/擇日飛昇_html18.html
第十九章 奈河橋，孟婆湯,zerifeisheng-zhaizhu/擇日飛昇_html19.html
第二十章 不老神仙,zerifeisheng-zhaizhu/擇日飛昇_html20.html
第二十一章 神秘源頭,zerifeisheng-zhaizhu/擇日飛昇_html21.html
第二十二章 三百年前的捕蛇者,zerifeisheng-zhaizhu/擇日飛昇_html22.html
第二十三章 特立獨行，不同於世,zerifeisheng-zhaizhu/擇日飛昇_html23.html
第二十四章 吾道不孤,zerifeisheng-zhaizhu/擇日飛昇_html24.html
第二十五章 隱景潛化可長生,zerifeisheng-zhaizhu/擇日飛昇_html25.html
第二十六章 許應送瘟神,zerifeisheng-zhaizhu/擇日飛昇_html26.html
第二十七章 一夜大風起，魚龍舞,zerifeisheng-zhaizhu/擇日飛昇_html27.html
第二十八章 蚖七化形,zerifeisheng-zhaizhu/擇日飛昇_html28.html
第二十九章 廟裡日出仙山起,zerifeisheng-zhaizhu/擇日飛昇_html29.html
第三十章 廟中乾坤,zerifeisheng-zhaizhu/擇日飛昇_html30.html
第三十一章 一劍破界,zerifeisheng-zhaizhu/擇日飛昇_html31.html
第三十二章 你這孟婆湯，兌水了吧？,zerifeisheng-zhaizhu/擇日飛昇_html32.html
第三十三章 這仙界，不祥,zerifeisheng-zhaizhu/擇日飛昇_html33.html
第三十四章 順則凡，逆則仙,zerifeisheng-zhaizhu/擇日飛昇_html34.html
第三十五章 儺師面具,zerifeisheng-zhaizhu/擇日飛昇_html35.html
第三十六章 仙蹤鬼影,zerifeisheng-zhaizhu/擇日飛昇_html36.html
第三十七章 蛇妖的高光,zerifeisheng-zhaizhu/擇日飛昇_html37.html
第三十八章 鬼話連篇,zerifeisheng-zhaizhu/擇日飛昇_html38.html
第三十九章 白骨打神鞭,zerifeisheng-zhaizhu/擇日飛昇_html39.html
第四十章 許公子請喝茶,zerifeisheng-zhaizhu/擇日飛昇_html40.html
第四十一章 光田種道,zerifeisheng-zhaizhu/擇日飛昇_html41.html
第四十二章 混沌初闢，泥丸天開,zerifeisheng-zhaizhu/擇日飛昇_html42.html
第四十三章 地底有物大如山,zerifeisheng-zhaizhu/擇日飛昇_html43.html
第四十四章 儺術：撒豆成兵,zerifeisheng-zhaizhu/擇日飛昇_html44.html
第四十五章 山窮水盡愁無計,zerifeisheng-zhaizhu/擇日飛昇_html45.html
第四十六章 柳暗花明解是因,zerifeisheng-zhaizhu/擇日飛昇_html46.html
第四十七章 幕後黑，手太香,zerifeisheng-zhaizhu/擇日飛昇_html47.html
第四十八章 陀嫗仙書,zerifeisheng-zhaizhu/擇日飛昇_html48.html
第四十九章 他還有救嗎？,zerifeisheng-zhaizhu/擇日飛昇_html49.html
第五十章 元育八音,zerifeisheng-zhaizhu/擇日飛昇_html50.html
第五十一章 學壞，只需要一步,zerifeisheng-zhaizhu/擇日飛昇_html51.html
感謝信：昨天，兄弟們破銷售紀錄了！,zerifeisheng-zhaizhu/擇日飛昇_html52.html
第五十二章 囚籠裡的少女,zerifeisheng-zhaizhu/擇日飛昇_html53.html
第五十三章 槐花宮主人,zerifeisheng-zhaizhu/擇日飛昇_html54.html
第五十四章 借命一用,zerifeisheng-zhaizhu/擇日飛昇_html55.html
第五十五章 江湖兒女多嫵媚,zerifeisheng-zhaizhu/擇日飛昇_html56.html
第五十六章 斬草需除根,zerifeisheng-zhaizhu/擇日飛昇_html57.html
第五十七章 帶你飛！,zerifeisheng-zhaizhu/擇日飛昇_html58.html
第五十八章 天神殿,zerifeisheng-zhaizhu/擇日飛昇_html59.html
第五十九章 毫無背景，從不作惡,zerifeisheng-zhaizhu/擇日飛昇_html60.html
第六十章 陰庭天子,zerifeisheng-zhaizhu/擇日飛昇_html61.html
第六十一章 好消息，壞消息,zerifeisheng-zhaizhu/擇日飛昇_html62.html
第六十二章 無常,zerifeisheng-zhaizhu/擇日飛昇_html63.html
第六十三章 真假無常,zerifeisheng-zhaizhu/擇日飛昇_html64.html
第六十四章 蒼梧之淵,zerifeisheng-zhaizhu/擇日飛昇_html65.html
第六十五章 萬山尊九嶷,zerifeisheng-zhaizhu/擇日飛昇_html66.html
第六十六章 九嶷山入道,zerifeisheng-zhaizhu/擇日飛昇_html67.html
第六十七章 曾經是故人,zerifeisheng-zhaizhu/擇日飛昇_html68.html
第六十八章 無巧不成書,zerifeisheng-zhaizhu/擇日飛昇_html69.html
第六十九章 邪惡源頭,zerifeisheng-zhaizhu/擇日飛昇_html70.html
第七十章 無漏之身,zerifeisheng-zhaizhu/擇日飛昇_html71.html
第七十一章 贅婿夢斷太虛洞,zerifeisheng-zhaizhu/擇日飛昇_html72.html
第七十二章 許家好根骨少年,zerifeisheng-zhaizhu/擇日飛昇_html73.html
第七十三章 小鳳仙（求訂閱！）,zerifeisheng-zhaizhu/擇日飛昇_html74.html
第七十四章 出大事了,zerifeisheng-zhaizhu/擇日飛昇_html75.html
第七十五章 人間無敵,zerifeisheng-zhaizhu/擇日飛昇_html76.html
第七十六章 三千年誰人著史？,zerifeisheng-zhaizhu/擇日飛昇_html77.html
第七十七章 熟能生巧,zerifeisheng-zhaizhu/擇日飛昇_html78.html
第七十八章 桃子壞了,zerifeisheng-zhaizhu/擇日飛昇_html79.html
第七十九章 代價是什麼,zerifeisheng-zhaizhu/擇日飛昇_html80.html
第八十章 歸來依舊是少年,zerifeisheng-zhaizhu/擇日飛昇_html81.html
第八十一章 牛鬼蛇神,zerifeisheng-zhaizhu/擇日飛昇_html82.html
第八十二章 無妄山飛昇地 第八十三章 周齊雲來信,zerifeisheng-zhaizhu/擇日飛昇_html83.html
第八十四章 周齊雲來信,zerifeisheng-zhaizhu/擇日飛昇_html84.html
第八十五章 渡劫前夕,zerifeisheng-zhaizhu/擇日飛昇_html85.html
第八十六章 綁架天神,zerifeisheng-zhaizhu/擇日飛昇_html86.html
第八十七章 一雷驚動劫中劫,zerifeisheng-zhaizhu/擇日飛昇_html87.html
第八十八章 天劫能渡，人劫難防,zerifeisheng-zhaizhu/擇日飛昇_html88.html
第八十九章 不愧是你,zerifeisheng-zhaizhu/擇日飛昇_html89.html
第九十章 真正的長生訣,zerifeisheng-zhaizhu/擇日飛昇_html90.html
第九十一章 大家都有面子,zerifeisheng-zhaizhu/擇日飛昇_html91.html
第九十二章 大海無量暗潮生,zerifeisheng-zhaizhu/擇日飛昇_html92.html
第九十三章 平生不修善果,zerifeisheng-zhaizhu/擇日飛昇_html93.html
第九十四章 我有一個妹妹,zerifeisheng-zhaizhu/擇日飛昇_html94.html
第九十五章 長生詛咒,zerifeisheng-zhaizhu/擇日飛昇_html95.html
第九十六章 元家溫柔鄉,zerifeisheng-zhaizhu/擇日飛昇_html96.html
第九十七章 金鱗豈是池中物,zerifeisheng-zhaizhu/擇日飛昇_html97.html
第九十八章 長生大藥的誘惑,zerifeisheng-zhaizhu/擇日飛昇_html98.html
第九十九章 身死魂滅，道氣長存,zerifeisheng-zhaizhu/擇日飛昇_html99.html
第一百章 來自第二神都的窺探,zerifeisheng-zhaizhu/擇日飛昇_html100.html
第一百零一章 夜訪皇宮窺隱秘,zerifeisheng-zhaizhu/擇日飛昇_html101.html
第一百零二章 生機何在,zerifeisheng-zhaizhu/擇日飛昇_html102.html
第一百零三章 火海彼岸,zerifeisheng-zhaizhu/擇日飛昇_html103.html
第一百零四章 不死仙藥,zerifeisheng-zhaizhu/擇日飛昇_html104.html
第一百零五章 殺上石府,zerifeisheng-zhaizhu/擇日飛昇_html105.html
第一百零六章 斬草須除根 第一百零七章 三千年前的愛戀,zerifeisheng-zhaizhu/擇日飛昇_html106.html
第一百零八章 嵬墟之謎 第一百零九章 天魔夜襲，九天鍾落,zerifeisheng-zhaizhu/擇日飛昇_html107.html
第一百一十一章 老爺子義薄雲天,zerifeisheng-zhaizhu/擇日飛昇_html108.html
第一百一十二章 無敵（月底求月票！）,zerifeisheng-zhaizhu/擇日飛昇_html109.html
第一百一十三章 武陵人許應,zerifeisheng-zhaizhu/擇日飛昇_html110.html
第一百一十四章 我要這天，遮不住我眼,zerifeisheng-zhaizhu/擇日飛昇_html111.html
第一百一十五章 解開六秘之謎,zerifeisheng-zhaizhu/擇日飛昇_html112.html
感謝宅菜大佬，感謝神朝各位書友！,zerifeisheng-zhaizhu/擇日飛昇_html113.html
第一百一十六章 煉氣士徐福（六一求月票）,zerifeisheng-zhaizhu/擇日飛昇_html114.html
第一百一十七章 劫斷飛昇路,zerifeisheng-zhaizhu/擇日飛昇_html115.html
第一百一十八章 煉氣士的復辟,zerifeisheng-zhaizhu/擇日飛昇_html116.html
第一百一十九章 陰與陽，人與影,zerifeisheng-zhaizhu/擇日飛昇_html117.html
第一百二十章 不，你來得正好,zerifeisheng-zhaizhu/擇日飛昇_html118.html
第一百二十一章 儺法的真相,zerifeisheng-zhaizhu/擇日飛昇_html119.html
第一百二十二章 受命於天，此生永鎮,zerifeisheng-zhaizhu/擇日飛昇_html120.html
第一百二十三章 祖龍十二金人,zerifeisheng-zhaizhu/擇日飛昇_html121.html
第一百二十四章 彼岸變故,zerifeisheng-zhaizhu/擇日飛昇_html122.html
第一百二十五章 邪神蠕蟲,zerifeisheng-zhaizhu/擇日飛昇_html123.html
第一百二十六章 決戰皇陵金人（微博見）,zerifeisheng-zhaizhu/擇日飛昇_html124.html
第一百二十七章 祖龍復生大祭,zerifeisheng-zhaizhu/擇日飛昇_html125.html
第一百二十八章 纔出狼穴，又入虎口,zerifeisheng-zhaizhu/擇日飛昇_html126.html
第一百二十九章 應爺,zerifeisheng-zhaizhu/擇日飛昇_html127.html
第一百三十章 感應嵬墟,zerifeisheng-zhaizhu/擇日飛昇_html128.html
第一百三十一章 爲母則剛,zerifeisheng-zhaizhu/擇日飛昇_html129.html
第一百三十二章 人生岔路口,zerifeisheng-zhaizhu/擇日飛昇_html130.html
第一百三十三章 雲夢澤，隱龍現,zerifeisheng-zhaizhu/擇日飛昇_html131.html
第一百三十四章 隱居的女儺仙,zerifeisheng-zhaizhu/擇日飛昇_html132.html
第一百三十五章 一諾千金,zerifeisheng-zhaizhu/擇日飛昇_html133.html
第一百三十六章 爐鼎計劃,zerifeisheng-zhaizhu/擇日飛昇_html134.html
第一百三十七章 呼之欲出,zerifeisheng-zhaizhu/擇日飛昇_html135.html
第一百三十八章 絳仙奇株,zerifeisheng-zhaizhu/擇日飛昇_html136.html
第一百三十九章 原道菁萃,zerifeisheng-zhaizhu/擇日飛昇_html137.html
第一百四十章 你師父不是好人,zerifeisheng-zhaizhu/擇日飛昇_html138.html
第一百四十一章 倒黴蛋（第一更，求訂）,zerifeisheng-zhaizhu/擇日飛昇_html139.html
第一百四十二章 魔頭竟然是我（第二更),zerifeisheng-zhaizhu/擇日飛昇_html140.html
第一百四十三章 天外異族,zerifeisheng-zhaizhu/擇日飛昇_html141.html
第一百四十四章 天命之子,zerifeisheng-zhaizhu/擇日飛昇_html142.html
第一百四十五章 天道召集令,zerifeisheng-zhaizhu/擇日飛昇_html143.html
第一百四十六章 重啓天路,zerifeisheng-zhaizhu/擇日飛昇_html144.html
第一百四十七章 天發殺機：滅世,zerifeisheng-zhaizhu/擇日飛昇_html145.html
第一百四十八章 就你也配,zerifeisheng-zhaizhu/擇日飛昇_html146.html
第一百四十九章 恐怖將至,zerifeisheng-zhaizhu/擇日飛昇_html147.html
第一百五十章 你就是大恐怖,zerifeisheng-zhaizhu/擇日飛昇_html148.html
第一百五十一章 天子太師,zerifeisheng-zhaizhu/擇日飛昇_html149.html
第一百五十二章 真僞天道,zerifeisheng-zhaizhu/擇日飛昇_html150.html
第一百五十三章 丈育造物,zerifeisheng-zhaizhu/擇日飛昇_html151.html
第一百五十四章 最後的飛昇者,zerifeisheng-zhaizhu/擇日飛昇_html152.html
第一百五十五章 我心光明,zerifeisheng-zhaizhu/擇日飛昇_html153.html
第一百五十六章 應爺,zerifeisheng-zhaizhu/擇日飛昇_html154.html
第一百五十七章 不再純潔,zerifeisheng-zhaizhu/擇日飛昇_html155.html
第一百五十八章 疑是故人來,zerifeisheng-zhaizhu/擇日飛昇_html156.html
第一百五十九章 不遺不棄,zerifeisheng-zhaizhu/擇日飛昇_html157.html
第一百六十章 天降玄鳥，歲月如歌,zerifeisheng-zhaizhu/擇日飛昇_html158.html
第一百六十一章 少年時代,zerifeisheng-zhaizhu/擇日飛昇_html159.html
第一百六十二章 噶你韭菜,zerifeisheng-zhaizhu/擇日飛昇_html160.html
第一百六十三章 韭菜賦,zerifeisheng-zhaizhu/擇日飛昇_html161.html
第一百六十四章 雙鍾之戰(求保底月票!),zerifeisheng-zhaizhu/擇日飛昇_html162.html
第一百六十五 章滅心中神,zerifeisheng-zhaizhu/擇日飛昇_html163.html
第一百六十六章一丘之貉,zerifeisheng-zhaizhu/擇日飛昇_html164.html
第一百六十七章 天道之外,zerifeisheng-zhaizhu/擇日飛昇_html165.html
第一百六十八章 青襞造訪,zerifeisheng-zhaizhu/擇日飛昇_html166.html
,zerifeisheng-zhaizhu/擇日飛昇_html167.html
第一百六十九章 外道邪神的誘惑,zerifeisheng-zhaizhu/擇日飛昇_html168.html
第一百七十章 人間無敵：六仙之域,zerifeisheng-zhaizhu/擇日飛昇_html169.html
第一百七十一章 遲來的相逢,zerifeisheng-zhaizhu/擇日飛昇_html170.html
第一百七十二章金不遺的刀,zerifeisheng-zhaizhu/擇日飛昇_html171.html
第一百七十三章 不老情緣,zerifeisheng-zhaizhu/擇日飛昇_html172.html
第一百七十四章 神降,zerifeisheng-zhaizhu/擇日飛昇_html173.html
第一百七十五章 從武道開始,zerifeisheng-zhaizhu/擇日飛昇_html174.html
第一百七十六章 天意干擾,zerifeisheng-zhaizhu/擇日飛昇_html175.html
第一百七十七章 武道先天,zerifeisheng-zhaizhu/擇日飛昇_html176.html
第一百七十八章 武道彼岸,zerifeisheng-zhaizhu/擇日飛昇_html177.html
第一百七十九章 戰神八法,zerifeisheng-zhaizhu/擇日飛昇_html178.html
第一百八十章 武道元神第一人,zerifeisheng-zhaizhu/擇日飛昇_html179.html
第一百八十一章 倘若沒有光,zerifeisheng-zhaizhu/擇日飛昇_html180.html
第一百八十二章 天意之刀，千世之身,zerifeisheng-zhaizhu/擇日飛昇_html181.html
第一百八十三章 打爆天意,zerifeisheng-zhaizhu/擇日飛昇_html182.html
第一百八十四章 倘若有光,zerifeisheng-zhaizhu/擇日飛昇_html183.html
第一百八十五章 五色仙山，九嶷大墓,zerifeisheng-zhaizhu/擇日飛昇_html184.html
第一百八十六章 先天九萬重,zerifeisheng-zhaizhu/擇日飛昇_html185.html
第一百八十七章 武道伐神,zerifeisheng-zhaizhu/擇日飛昇_html186.html
第一百八十八章 重瞳四目，不死仙株,zerifeisheng-zhaizhu/擇日飛昇_html187.html
第一百八十九章 倘若有酒,zerifeisheng-zhaizhu/擇日飛昇_html188.html
第一百九十章 劍道第一,zerifeisheng-zhaizhu/擇日飛昇_html189.html
第一百九十一章 陰間主宰,zerifeisheng-zhaizhu/擇日飛昇_html190.html
第一百九十二章 逍客之死,zerifeisheng-zhaizhu/擇日飛昇_html191.html
第一百九十三章 執念不死,zerifeisheng-zhaizhu/擇日飛昇_html192.html
第一百九十四章 天數,zerifeisheng-zhaizhu/擇日飛昇_html193.html
第一百九十五章 斬天神，祭周公,zerifeisheng-zhaizhu/擇日飛昇_html194.html
第一百九十六章 反殺,zerifeisheng-zhaizhu/擇日飛昇_html195.html
第一百九十七章 打翻,zerifeisheng-zhaizhu/擇日飛昇_html196.html
第一百九十八章 前任飛昇,zerifeisheng-zhaizhu/擇日飛昇_html197.html
第一百九十九章 蟲羣,zerifeisheng-zhaizhu/擇日飛昇_html198.html
第二百章 封存三千載,zerifeisheng-zhaizhu/擇日飛昇_html199.html
第二百零一章 七仙之域,zerifeisheng-zhaizhu/擇日飛昇_html200.html
第二百零二章 那就貫徹到底,zerifeisheng-zhaizhu/擇日飛昇_html201.html
第二百零三章 必成大器,zerifeisheng-zhaizhu/擇日飛昇_html202.html
第二百零四章 本事不高，但很囂張,zerifeisheng-zhaizhu/擇日飛昇_html203.html
第二百零五章 你的神話,zerifeisheng-zhaizhu/擇日飛昇_html204.html
第二百零六章 再去望鄉臺,zerifeisheng-zhaizhu/擇日飛昇_html205.html
第二百零七章 蜀山劍門,zerifeisheng-zhaizhu/擇日飛昇_html206.html
第二百零八章 仙道污染,zerifeisheng-zhaizhu/擇日飛昇_html207.html
第二百零九章 全軍覆沒,zerifeisheng-zhaizhu/擇日飛昇_html208.html
第二百一十章 以武化道,zerifeisheng-zhaizhu/擇日飛昇_html209.html
第二百一十一章 劍門慘案,zerifeisheng-zhaizhu/擇日飛昇_html210.html
第二百一十二章 與孟婆談判,zerifeisheng-zhaizhu/擇日飛昇_html211.html
第二百一十三章 儺氣之爭,zerifeisheng-zhaizhu/擇日飛昇_html212.html
第二百一十四章 我在一日，爾等皆爲下品,zerifeisheng-zhaizhu/擇日飛昇_html213.html
第二百一十五章 養生主,zerifeisheng-zhaizhu/擇日飛昇_html214.html
第二百一十六章 鄉村少年,zerifeisheng-zhaizhu/擇日飛昇_html215.html
第二百一十七章 劍主,zerifeisheng-zhaizhu/擇日飛昇_html216.html
第二百一十八章 劍門收割者,zerifeisheng-zhaizhu/擇日飛昇_html217.html
第二百一十九章 無上劍道,zerifeisheng-zhaizhu/擇日飛昇_html218.html
第二百二十章 苟之道,zerifeisheng-zhaizhu/擇日飛昇_html219.html
第二百二十一章 飛翔吧，金不遺,zerifeisheng-zhaizhu/擇日飛昇_html220.html
第二百二十二章 大日真經(求保底月票!),zerifeisheng-zhaizhu/擇日飛昇_html221.html
第二百二十三章 仙劍誅神,zerifeisheng-zhaizhu/擇日飛昇_html222.html
第二百二十四章 原生天神,zerifeisheng-zhaizhu/擇日飛昇_html223.html
第二百二十五章 雪山神祇,zerifeisheng-zhaizhu/擇日飛昇_html224.html
第二百二十六章 殺心漸起(求月票),zerifeisheng-zhaizhu/擇日飛昇_html225.html
第二百二十七章 形神俱滅,zerifeisheng-zhaizhu/擇日飛昇_html226.html
第二百二十八章 仙蟲,zerifeisheng-zhaizhu/擇日飛昇_html227.html
第二百二十九章 上神陸吾,zerifeisheng-zhaizhu/擇日飛昇_html228.html
第二百三十章 不靠譜的陸吾,zerifeisheng-zhaizhu/擇日飛昇_html229.html
第二百三十一章 少女與青鸞,zerifeisheng-zhaizhu/擇日飛昇_html230.html
第二百三十二章 天道之下,zerifeisheng-zhaizhu/擇日飛昇_html231.html
第二百三十三章 報仇雪恨(宅菜生日快樂!),zerifeisheng-zhaizhu/擇日飛昇_html232.html
第二百三十四章 崑崙明月，盜墓追兇,zerifeisheng-zhaizhu/擇日飛昇_html233.html
第二百三十五章 露出馬腳,zerifeisheng-zhaizhu/擇日飛昇_html234.html
第二百三十六章 武道巔峰,zerifeisheng-zhaizhu/擇日飛昇_html235.html
第二百三十七章 武道飛昇法(求月票),zerifeisheng-zhaizhu/擇日飛昇_html236.html
第二百三十八章 叔叔,zerifeisheng-zhaizhu/擇日飛昇_html237.html
第二百三十九章 同道中人,zerifeisheng-zhaizhu/擇日飛昇_html238.html
第二百四十章 西王母神力,zerifeisheng-zhaizhu/擇日飛昇_html239.html
第二百四十一章 瑤池仙水,zerifeisheng-zhaizhu/擇日飛昇_html240.html
第二百四十二章 青鸞杵藥，脣齒留芳,zerifeisheng-zhaizhu/擇日飛昇_html241.html
第二百四十三章 三千年一回首,zerifeisheng-zhaizhu/擇日飛昇_html242.html
第二百四十四章 玉虛宮儺祖,zerifeisheng-zhaizhu/擇日飛昇_html243.html
第二百四十五章 竹天工的船客,zerifeisheng-zhaizhu/擇日飛昇_html244.html
第二百四十六章 飛昇丹成,zerifeisheng-zhaizhu/擇日飛昇_html245.html
第二百四十七章 姬兄 交流一下,zerifeisheng-zhaizhu/擇日飛昇_html246.html
第二百四十八章烏 合之衆集結(月中求月票!),zerifeisheng-zhaizhu/擇日飛昇_html247.html
第二百四十九章 玉虛宮開,zerifeisheng-zhaizhu/擇日飛昇_html248.html
第二百五十章 煉人以爲大藥,zerifeisheng-zhaizhu/擇日飛昇_html249.html
第二百五十一章 崑崙許家,zerifeisheng-zhaizhu/擇日飛昇_html250.html
第二百五十二章 徐福復辟(求月票!),zerifeisheng-zhaizhu/擇日飛昇_html251.html
第二百五十三章 斬儺祖，斷因果,zerifeisheng-zhaizhu/擇日飛昇_html252.html
第二百五十四章 敬若神明,zerifeisheng-zhaizhu/擇日飛昇_html253.html
第二百五十五章 武道大帝,zerifeisheng-zhaizhu/擇日飛昇_html254.html
第二百五十六章 仙道賜福，一人飛昇,zerifeisheng-zhaizhu/擇日飛昇_html255.html
第二百五十七章 徐福渡劫，記憶泛起,zerifeisheng-zhaizhu/擇日飛昇_html256.html
第二百五十八章 天機不可泄露,zerifeisheng-zhaizhu/擇日飛昇_html257.html
第二百五十九章 心中的正道,zerifeisheng-zhaizhu/擇日飛昇_html258.html
第二百六十章 崑崙,zerifeisheng-zhaizhu/擇日飛昇_html259.html
第二百六十一章 萬神之母的復甦,zerifeisheng-zhaizhu/擇日飛昇_html260.html
第二百六十二章 傻子阿福,zerifeisheng-zhaizhu/擇日飛昇_html261.html
第二百六十三章 崑崙祖地,zerifeisheng-zhaizhu/擇日飛昇_html262.html
第二百六十四章 我亦不凡,zerifeisheng-zhaizhu/擇日飛昇_html263.html
第二百六十五章 無上心力，鐵拳一擊,zerifeisheng-zhaizhu/擇日飛昇_html264.html
第二百六十六章 清理門戶,zerifeisheng-zhaizhu/擇日飛昇_html265.html
第二百六十七章 在下顧飛魚，這是賤內,zerifeisheng-zhaizhu/擇日飛昇_html266.html
第二百六十八章 第七次飛昇,zerifeisheng-zhaizhu/擇日飛昇_html267.html
第二百六十九章 奪混沌泥丸,zerifeisheng-zhaizhu/擇日飛昇_html268.html
第二百七十章 挫骨揚灰渾不怕，真靈不滅又一生,zerifeisheng-zhaizhu/擇日飛昇_html269.html
第二百七十一章 敢爲飛昇不畏死，十二重樓覓仙蹤,zerifeisheng-zhaizhu/擇日飛昇_html270.html
第二百七十二章 圍獵許應,zerifeisheng-zhaizhu/擇日飛昇_html271.html
第二百七十三章 原始天神,zerifeisheng-zhaizhu/擇日飛昇_html272.html
第二百七十四章 天道取代計劃,zerifeisheng-zhaizhu/擇日飛昇_html273.html
第二百七十五章 許道友，結個善緣,zerifeisheng-zhaizhu/擇日飛昇_html274.html
第二百七十六章 北陰大帝,zerifeisheng-zhaizhu/擇日飛昇_html275.html
第二百七十七章 北陰運轉三生石(月底求月票!),zerifeisheng-zhaizhu/擇日飛昇_html276.html
第二百七十八章 精誠所至，金石爲開,zerifeisheng-zhaizhu/擇日飛昇_html277.html
第二百七十九章 送,zerifeisheng-zhaizhu/擇日飛昇_html278.html
第二百八十章 元神十二徵,zerifeisheng-zhaizhu/擇日飛昇_html279.html
第二百八十一章 天機之死(九月求保底月票!),zerifeisheng-zhaizhu/擇日飛昇_html280.html
第二百八十二章 給你一個痛快,zerifeisheng-zhaizhu/擇日飛昇_html281.html
第二百八十三章 殺人當誅心(第三更!),zerifeisheng-zhaizhu/擇日飛昇_html282.html
第二百八十四章 百倍償還,zerifeisheng-zhaizhu/擇日飛昇_html283.html
第二百八十五章 蒼梧之神，有女湘湘,zerifeisheng-zhaizhu/擇日飛昇_html284.html
第二百八十六章 湘女心爲誰動?,zerifeisheng-zhaizhu/擇日飛昇_html285.html
第二百八十七章 意亂情迷,zerifeisheng-zhaizhu/擇日飛昇_html286.html
第二百八十八章 看見未來,zerifeisheng-zhaizhu/擇日飛昇_html287.html
第二百八十九章 寡人緩緩,zerifeisheng-zhaizhu/擇日飛昇_html288.html
第二百九十章 掌控天道,zerifeisheng-zhaizhu/擇日飛昇_html289.html
第二百九十一章 道場掌天威,zerifeisheng-zhaizhu/擇日飛昇_html290.html
第二百九十二章 蝗神,zerifeisheng-zhaizhu/擇日飛昇_html291.html
第二百九十三章 外神重霄,zerifeisheng-zhaizhu/擇日飛昇_html292.html
第二百九十四章 真神,zerifeisheng-zhaizhu/擇日飛昇_html293.html
第二百九十五章 應爺下界,zerifeisheng-zhaizhu/擇日飛昇_html294.html
第二百九十六章 天道神王,zerifeisheng-zhaizhu/擇日飛昇_html295.html
第二百九十七章 帝威.,zerifeisheng-zhaizhu/擇日飛昇_html296.html
第二百九十八章 四大神王設伏.,zerifeisheng-zhaizhu/擇日飛昇_html297.html
第二百九十九章 傻子解惑.,zerifeisheng-zhaizhu/擇日飛昇_html298.html
第三百章 指握雷霆，降三千天道;手抓蒼穹，拽劫雲披風.,zerifeisheng-zhaizhu/擇日飛昇_html299.html
第三百零一章 師姐，取你狗頭(中秋快樂!).,zerifeisheng-zhaizhu/擇日飛昇_html300.html
第三百零二章 復仇.,zerifeisheng-zhaizhu/擇日飛昇_html301.html
第三百零三章 寸草之心，付與春暉.,zerifeisheng-zhaizhu/擇日飛昇_html302.html
第三百零四章 收割全世界.,zerifeisheng-zhaizhu/擇日飛昇_html303.html
第三百零五章 盡在我甕中.,zerifeisheng-zhaizhu/擇日飛昇_html304.html
第三百零六章 收割時代的暮歌.,zerifeisheng-zhaizhu/擇日飛昇_html305.html
第三百零七章 不用管他.,zerifeisheng-zhaizhu/擇日飛昇_html306.html
第三百零八章 終極收割者.,zerifeisheng-zhaizhu/擇日飛昇_html307.html
第三百零九章 淚痕男子,zerifeisheng-zhaizhu/擇日飛昇_html308.html
第三百一十章 正道領袖,zerifeisheng-zhaizhu/擇日飛昇_html309.html
第三百一十一章 天驕,zerifeisheng-zhaizhu/擇日飛昇_html310.html
第三百一十二章 神王降罰,zerifeisheng-zhaizhu/擇日飛昇_html311.html
第三百一十三章 天道飛昇,zerifeisheng-zhaizhu/擇日飛昇_html312.html
第三百一十四章 蓬萊仙境,zerifeisheng-zhaizhu/擇日飛昇_html313.html
第三百一十五章 神秘海域,zerifeisheng-zhaizhu/擇日飛昇_html314.html
第三百一十六章 嵬墟來客,zerifeisheng-zhaizhu/擇日飛昇_html315.html
第三百一十七章 第九仙王,zerifeisheng-zhaizhu/擇日飛昇_html316.html
第三百一十八章 上船，船翻,zerifeisheng-zhaizhu/擇日飛昇_html317.html
第三百一十九章 葬道甫現萬道暝,zerifeisheng-zhaizhu/擇日飛昇_html318.html
第三百二十章  姑射仙子,zerifeisheng-zhaizhu/擇日飛昇_html319.html
第三百二十一章  仙子連夜跑路,zerifeisheng-zhaizhu/擇日飛昇_html320.html
第三百二十二章  僞仙源頭,zerifeisheng-zhaizhu/擇日飛昇_html321.html
第三百二十三章 蓬萊神婆,zerifeisheng-zhaizhu/擇日飛昇_html322.html
第三百二十四章情緣,zerifeisheng-zhaizhu/擇日飛昇_html323.html
第三百二十五章 完整天道,zerifeisheng-zhaizhu/擇日飛昇_html324.html
第三百二十六章 蓬萊化身,zerifeisheng-zhaizhu/擇日飛昇_html325.html
第三百二十七章 太陰虛天功,zerifeisheng-zhaizhu/擇日飛昇_html326.html
第三百二十八章 我的元神不純潔了,zerifeisheng-zhaizhu/擇日飛昇_html327.html
第三百二十九章 仙墓,zerifeisheng-zhaizhu/擇日飛昇_html328.html
第三百三十章 神觀日月，道心問魔,zerifeisheng-zhaizhu/擇日飛昇_html329.html
第三百三十一章 魚目混珠,zerifeisheng-zhaizhu/擇日飛昇_html330.html
第三百三十二章 與人爲善，下不爲例,zerifeisheng-zhaizhu/擇日飛昇_html331.html
第三百三十三章 道本無極，天地元神,zerifeisheng-zhaizhu/擇日飛昇_html332.html
第三百三十四章 真假楚天都,zerifeisheng-zhaizhu/擇日飛昇_html333.html
第三百三十五章 仙界的報復（月底求月票！）,zerifeisheng-zhaizhu/擇日飛昇_html334.html
第三百三十六章 我不裝了,zerifeisheng-zhaizhu/擇日飛昇_html335.html
第三百三十七章 仙非仙，魔非魔,zerifeisheng-zhaizhu/擇日飛昇_html336.html
第三百三十八章 道心光明,zerifeisheng-zhaizhu/擇日飛昇_html337.html
第三百三十九章 玲瓏諸天伴我心,zerifeisheng-zhaizhu/擇日飛昇_html338.html
第三百四十章 魔域拆遷,zerifeisheng-zhaizhu/擇日飛昇_html339.html
第三百四十一章 有朝飛昇殺上天,zerifeisheng-zhaizhu/擇日飛昇_html340.html
第三百四十二章 離恨天兜率宮,zerifeisheng-zhaizhu/擇日飛昇_html341.html
第三百四十三章 買櫝還珠（求月票）,zerifeisheng-zhaizhu/擇日飛昇_html342.html
第三百四十四章 祖庭四聖,zerifeisheng-zhaizhu/擇日飛昇_html343.html
第三百四十五章 誅心,zerifeisheng-zhaizhu/擇日飛昇_html344.html
第三百四十六章 圍獵小天尊,zerifeisheng-zhaizhu/擇日飛昇_html345.html
第三百六十七章 神功七轉,zerifeisheng-zhaizhu/擇日飛昇_html346.html
第三百四十八章 奪舍小天尊,zerifeisheng-zhaizhu/擇日飛昇_html347.html
第三百四十九章 天尊,zerifeisheng-zhaizhu/擇日飛昇_html348.html
第三百五十章 巔峰武裝（更新遲到了）,zerifeisheng-zhaizhu/擇日飛昇_html349.html
第三百五十一章 神影依然在,zerifeisheng-zhaizhu/擇日飛昇_html350.html
第三百五十二章 正宗太陰虛天功,zerifeisheng-zhaizhu/擇日飛昇_html351.html
第三百五十三章 道差一分，功差十倍,zerifeisheng-zhaizhu/擇日飛昇_html352.html
第三百五十四章 焱真君,zerifeisheng-zhaizhu/擇日飛昇_html353.html
第三百五十五章 碧遊宮扎小人,zerifeisheng-zhaizhu/擇日飛昇_html354.html
第三百五十六章 無上劍道，誅仙！,zerifeisheng-zhaizhu/擇日飛昇_html355.html
第三百五十七章 五柳道人,zerifeisheng-zhaizhu/擇日飛昇_html356.html
第三百五十八章 第一世的友人們,zerifeisheng-zhaizhu/擇日飛昇_html357.html
第三百五十九章 壞我好事,zerifeisheng-zhaizhu/擇日飛昇_html358.html
第三百六十章 祖庭反擊,zerifeisheng-zhaizhu/擇日飛昇_html359.html
第三百六十一章 小天尊面具,zerifeisheng-zhaizhu/擇日飛昇_html360.html
第三百六十二章 不知所措,zerifeisheng-zhaizhu/擇日飛昇_html361.html
第三百六十三章 更吹落，屍如雨,zerifeisheng-zhaizhu/擇日飛昇_html362.html
第三百六十三章 更吹落，屍如雨；第三百六十四章 我要殺你，許應都救不了你！,zerifeisheng-zhaizhu/擇日飛昇_html363.html
第三百六十五章 死灰復燃，緣心未滅,zerifeisheng-zhaizhu/擇日飛昇_html364.html
第三百六十六章 故人,zerifeisheng-zhaizhu/擇日飛昇_html365.html
第三百六十七章 蟲災,zerifeisheng-zhaizhu/擇日飛昇_html366.html
第三百六十八章 嵬墟中的大恐怖,zerifeisheng-zhaizhu/擇日飛昇_html367.html
第三百六十九章 割掉，再長一個,zerifeisheng-zhaizhu/擇日飛昇_html368.html
第三百七十章 帝星飄搖熒惑高,zerifeisheng-zhaizhu/擇日飛昇_html369.html
第三百七十一章 殘境合道，許二狗子,zerifeisheng-zhaizhu/擇日飛昇_html370.html
第三百七十二章 道門祖庭,zerifeisheng-zhaizhu/擇日飛昇_html371.html
第三百七十三章 武道彼岸,zerifeisheng-zhaizhu/擇日飛昇_html372.html
第三百七十四章 金剛琢的妙用,zerifeisheng-zhaizhu/擇日飛昇_html373.html
第三百七十五章 仙界洞天,zerifeisheng-zhaizhu/擇日飛昇_html374.html
第三百七十六章 第四個境界,zerifeisheng-zhaizhu/擇日飛昇_html375.html
第三百七十七章 大雷音寺,zerifeisheng-zhaizhu/擇日飛昇_html376.html
第三百七十八章 雷音寺鬧鬼,zerifeisheng-zhaizhu/擇日飛昇_html377.html
第三百七十九章 九天十地破魔訣,zerifeisheng-zhaizhu/擇日飛昇_html378.html
第三百八十章 天道至寶，巧取豪奪,zerifeisheng-zhaizhu/擇日飛昇_html379.html
第三百八十一章 詭異再現,zerifeisheng-zhaizhu/擇日飛昇_html380.html
第三百八十二章 終極收割者,zerifeisheng-zhaizhu/擇日飛昇_html381.html
第三百八十三章 話裡有毒,zerifeisheng-zhaizhu/擇日飛昇_html382.html
第三百八十四章 一向說話不算數,zerifeisheng-zhaizhu/擇日飛昇_html383.html
第三百八十五章 古佛,zerifeisheng-zhaizhu/擇日飛昇_html384.html
第三百八十六章 武道斬神,zerifeisheng-zhaizhu/擇日飛昇_html385.html
第三百八十七章 同病相憐,zerifeisheng-zhaizhu/擇日飛昇_html386.html
第三百八十八章 玉虛許公子,zerifeisheng-zhaizhu/擇日飛昇_html387.html
第三百八十七章 仙鶴童子,zerifeisheng-zhaizhu/擇日飛昇_html388.html
第三百八十八章 長生夢斷，遺禍無窮,zerifeisheng-zhaizhu/擇日飛昇_html389.html
第三百八十九章 重回崑崙,zerifeisheng-zhaizhu/擇日飛昇_html390.html
第三百九十章 女仙,zerifeisheng-zhaizhu/擇日飛昇_html391.html
第三百九十一章 你想翻天？,zerifeisheng-zhaizhu/擇日飛昇_html392.html
第三百九十二章 鎮壓一切,zerifeisheng-zhaizhu/擇日飛昇_html393.html
第三百九十三章 從不食言,zerifeisheng-zhaizhu/擇日飛昇_html394.html
第三百九十四章 崑崙玉虛宮,zerifeisheng-zhaizhu/擇日飛昇_html395.html
第三百九十四章 請神容易送神難,zerifeisheng-zhaizhu/擇日飛昇_html396.html
第三百九十五章 自帶因果；第三百九十六章 再回元狩（求保底月票）,zerifeisheng-zhaizhu/擇日飛昇_html397.html
第三百九十六章 再回元狩（求保底月票）,zerifeisheng-zhaizhu/擇日飛昇_html398.html
第三百九十七章 玉壺真人翻車（求保底月票！）,zerifeisheng-zhaizhu/擇日飛昇_html399.html
第三百九十八章 拜訪故人,zerifeisheng-zhaizhu/擇日飛昇_html400.html
第三百九十九章 告別童年,zerifeisheng-zhaizhu/擇日飛昇_html401.html
第四百章 殘劍，冥刀,zerifeisheng-zhaizhu/擇日飛昇_html402.html
第四百零一章 虛皇,zerifeisheng-zhaizhu/擇日飛昇_html403.html
第四百零二章 道樹,zerifeisheng-zhaizhu/擇日飛昇_html404.html
第四百零三章 妖族鎮魔錄,zerifeisheng-zhaizhu/擇日飛昇_html405.html
第四百零四章 佛祖念珠,zerifeisheng-zhaizhu/擇日飛昇_html406.html
第四百零四章 揮拳斬神王,zerifeisheng-zhaizhu/擇日飛昇_html407.html
第四百零五章 學不會殺了你,zerifeisheng-zhaizhu/擇日飛昇_html408.html
第四百零六章 帝子金不遺,zerifeisheng-zhaizhu/擇日飛昇_html409.html
第四百零七章 羅酆六天宮,zerifeisheng-zhaizhu/擇日飛昇_html410.html
第四百零八章 十大神帝,zerifeisheng-zhaizhu/擇日飛昇_html411.html
第四百零九章 救苦天尊,zerifeisheng-zhaizhu/擇日飛昇_html412.html
第四百一十章 歸道玉盤,zerifeisheng-zhaizhu/擇日飛昇_html413.html
第四百一十一章 感情淡了,zerifeisheng-zhaizhu/擇日飛昇_html414.html
第四百一十二章 嵬墟的真面目,zerifeisheng-zhaizhu/擇日飛昇_html415.html
第四百一十三章 嵬墟來歷,zerifeisheng-zhaizhu/擇日飛昇_html416.html
第四百一十四章 天魔大潮,zerifeisheng-zhaizhu/擇日飛昇_html417.html
第四百一十五章 善，既是罪,zerifeisheng-zhaizhu/擇日飛昇_html418.html
第四百一十六章 親情,zerifeisheng-zhaizhu/擇日飛昇_html419.html
第四百一十七章 沒錯，我偷的,zerifeisheng-zhaizhu/擇日飛昇_html420.html
第四百一十八章 天仙對決,zerifeisheng-zhaizhu/擇日飛昇_html421.html
第四百一十九章 心狠手辣,zerifeisheng-zhaizhu/擇日飛昇_html422.html
第四百二十章 仙界第一神算,zerifeisheng-zhaizhu/擇日飛昇_html423.html
第四百二十一章 造化之炁,zerifeisheng-zhaizhu/擇日飛昇_html424.html
第四百二十二章 造化神秀，筋軀聖體,zerifeisheng-zhaizhu/擇日飛昇_html425.html
第四百二十三章 請神容易送神難,zerifeisheng-zhaizhu/擇日飛昇_html426.html
第四百二十四章 父慈女孝,zerifeisheng-zhaizhu/擇日飛昇_html427.html
第四百二十五章 壯志未酬 ，業火焚殘軀,zerifeisheng-zhaizhu/擇日飛昇_html428.html
第四百二十六章 佛子濟覺,zerifeisheng-zhaizhu/擇日飛昇_html429.html
第四百二十七章 歸客瀛洲,zerifeisheng-zhaizhu/擇日飛昇_html430.html
第四百二十八章 八字大咒,zerifeisheng-zhaizhu/擇日飛昇_html431.html
第四百二十九章 劍君九要,zerifeisheng-zhaizhu/擇日飛昇_html432.html
第四百三十章 天海，界碑,zerifeisheng-zhaizhu/擇日飛昇_html433.html
第四百三十二章 寧清悲劇的一天,zerifeisheng-zhaizhu/擇日飛昇_html434.html
第四百三十三章 豈不是更猛？,zerifeisheng-zhaizhu/擇日飛昇_html435.html
第四百三十四章 崑崙神橋,zerifeisheng-zhaizhu/擇日飛昇_html436.html
第四百三十五章 太虛之境,zerifeisheng-zhaizhu/擇日飛昇_html437.html
第四百三十六章 天生魔性,zerifeisheng-zhaizhu/擇日飛昇_html438.html
第四百三十七章 天道主宰,zerifeisheng-zhaizhu/擇日飛昇_html439.html
第四百三十八章 誰也別想飛昇！,zerifeisheng-zhaizhu/擇日飛昇_html440.html
第四百三十九章 天河偷渡,zerifeisheng-zhaizhu/擇日飛昇_html441.html
第四百四十章 極樂世界，西天淨土,zerifeisheng-zhaizhu/擇日飛昇_html442.html
第四百四十一章 邪佛與佛,zerifeisheng-zhaizhu/擇日飛昇_html443.html
第四百四十二章 說打死你，就打死你,zerifeisheng-zhaizhu/擇日飛昇_html444.html
第四百四十三章 長生夢斷，遺禍無窮,zerifeisheng-zhaizhu/擇日飛昇_html445.html
第四百四十四章 蕩魔天尊,zerifeisheng-zhaizhu/擇日飛昇_html446.html
第四百四十五章 仙庭第一打手,zerifeisheng-zhaizhu/擇日飛昇_html447.html
第四百四十六章 我想見匪首許天尊,zerifeisheng-zhaizhu/擇日飛昇_html448.html
第四百四十七章 四聖真君,zerifeisheng-zhaizhu/擇日飛昇_html449.html
第四百四十八章 不想死滾開,zerifeisheng-zhaizhu/擇日飛昇_html450.html
第四百四十九章 戲弄帝君,zerifeisheng-zhaizhu/擇日飛昇_html451.html
第四百五十章 九寶齊聚,zerifeisheng-zhaizhu/擇日飛昇_html452.html
第四百五十一章 許老狗必須死！,zerifeisheng-zhaizhu/擇日飛昇_html453.html
第四百五十二章 天道祖庭,zerifeisheng-zhaizhu/擇日飛昇_html454.html
第四百五十三章 篡位祖神,zerifeisheng-zhaizhu/擇日飛昇_html455.html
第四百五十四章 帝子之爭,zerifeisheng-zhaizhu/擇日飛昇_html456.html
第四百五十五章 幫我砍一刀,zerifeisheng-zhaizhu/擇日飛昇_html457.html
第四百五十六章 一桶打盡,zerifeisheng-zhaizhu/擇日飛昇_html458.html
第四百六十一章 揮刀降心猿,zerifeisheng-zhaizhu/擇日飛昇_html459.html
第四百六十二章 提桶跑路,zerifeisheng-zhaizhu/擇日飛昇_html460.html
第四百六十三章 鬥部來襲,zerifeisheng-zhaizhu/擇日飛昇_html461.html
第四百六十四章 梟雄許應,zerifeisheng-zhaizhu/擇日飛昇_html462.html
第四百六十五章 終極形態,zerifeisheng-zhaizhu/擇日飛昇_html463.html
第四百六十六章 道高一尺，功高十倍,zerifeisheng-zhaizhu/擇日飛昇_html464.html
第四百六十七章 髮簪,zerifeisheng-zhaizhu/擇日飛昇_html465.html
第四百六十八章 髮簪的秘密,zerifeisheng-zhaizhu/擇日飛昇_html466.html
第四百六十九章 老父親,zerifeisheng-zhaizhu/擇日飛昇_html467.html
第四百七十章 許靖會六元,zerifeisheng-zhaizhu/擇日飛昇_html468.html
第四百七十一章 太上化道,zerifeisheng-zhaizhu/擇日飛昇_html469.html
第四百七十二章 上錯身，思欲邪,zerifeisheng-zhaizhu/擇日飛昇_html470.html
第四百七十三章 打破冥頑須悟空,zerifeisheng-zhaizhu/擇日飛昇_html471.html
第四百七十四章 逆子,zerifeisheng-zhaizhu/擇日飛昇_html472.html
第四百七十五章 拆,zerifeisheng-zhaizhu/擇日飛昇_html473.html
第四百七十六章 祖庭立威,zerifeisheng-zhaizhu/擇日飛昇_html474.html
第四百七十七章 十洞天參悟法,zerifeisheng-zhaizhu/擇日飛昇_html475.html
第四百七十八章 風雨夜讀書,zerifeisheng-zhaizhu/擇日飛昇_html476.html
第四百七十九章 一桶蕩盡妖氛,zerifeisheng-zhaizhu/擇日飛昇_html477.html
第四百八十章 妖族大帝金不遺（大佬包場）,zerifeisheng-zhaizhu/擇日飛昇_html478.html
第四百八十一章 胳膊往外拐,zerifeisheng-zhaizhu/擇日飛昇_html479.html
第四百八十二章 兄弟（回到家了）,zerifeisheng-zhaizhu/擇日飛昇_html480.html
第四百八十三章 翠岩石刻,zerifeisheng-zhaizhu/擇日飛昇_html481.html
第四百八十四章 仙界邊緣人,zerifeisheng-zhaizhu/擇日飛昇_html482.html
第四百八十五章 神算子田醜醜,zerifeisheng-zhaizhu/擇日飛昇_html483.html
第四百八十六章 如意大羅,zerifeisheng-zhaizhu/擇日飛昇_html484.html
第四百八十七章 仙庭駙馬,zerifeisheng-zhaizhu/擇日飛昇_html485.html
第四百八十八章 大人物降臨,zerifeisheng-zhaizhu/擇日飛昇_html486.html
第四百八十九章 許應的好大兒,zerifeisheng-zhaizhu/擇日飛昇_html487.html
第四百九十章 檣櫓灰飛煙滅,zerifeisheng-zhaizhu/擇日飛昇_html488.html
第四百九十一章 我不是他，我心狠手辣,zerifeisheng-zhaizhu/擇日飛昇_html489.html
第四百九十二章趕盡殺絕“心兒！”,zerifeisheng-zhaizhu/擇日飛昇_html490.html
第四百九十三章 故我非我,zerifeisheng-zhaizhu/擇日飛昇_html491.html
第四百九十四章 哀帝,zerifeisheng-zhaizhu/擇日飛昇_html492.html
第四百九十五章 消失的太一,zerifeisheng-zhaizhu/擇日飛昇_html493.html
第四百九十六章 許應，還不現形？,zerifeisheng-zhaizhu/擇日飛昇_html494.html
第四百九十七章 隨風潛入，盜墓無聲,zerifeisheng-zhaizhu/擇日飛昇_html495.html
第四百九十八章 後主至寶,zerifeisheng-zhaizhu/擇日飛昇_html496.html
第四百九十九章 至寶之威,zerifeisheng-zhaizhu/擇日飛昇_html497.html
第五百章 許大信人,zerifeisheng-zhaizhu/擇日飛昇_html498.html
第五百零一章 天裂,zerifeisheng-zhaizhu/擇日飛昇_html499.html
第五百零二章 道祖之爭（更新啦！）,zerifeisheng-zhaizhu/擇日飛昇_html500.html
第五百零三章恢復更新，今天章節已更！,zerifeisheng-zhaizhu/擇日飛昇_html501.html
第五百零四章都是假的！,zerifeisheng-zhaizhu/擇日飛昇_html502.html
第五百零五章 黃庭悟道,zerifeisheng-zhaizhu/擇日飛昇_html503.html
第五百零六章 六秘開創者,zerifeisheng-zhaizhu/擇日飛昇_html504.html
第五百零七章 太一神橋,zerifeisheng-zhaizhu/擇日飛昇_html505.html
第五百零八章  神算出手,zerifeisheng-zhaizhu/擇日飛昇_html506.html
第五百零九章  東王,zerifeisheng-zhaizhu/擇日飛昇_html507.html
第五百一十章  歷史的舊賬,zerifeisheng-zhaizhu/擇日飛昇_html508.html
第五百一十一章 玉虛道主,zerifeisheng-zhaizhu/擇日飛昇_html509.html
第五百一十二章 參見許天尊,zerifeisheng-zhaizhu/擇日飛昇_html510.html
第五百一十三章 父承子業,zerifeisheng-zhaizhu/擇日飛昇_html511.html
第五百一十四章 玉虛道主,zerifeisheng-zhaizhu/擇日飛昇_html512.html
第五百一十五章 參見許天尊,zerifeisheng-zhaizhu/擇日飛昇_html513.html
第五百一十六章  父承子業,zerifeisheng-zhaizhu/擇日飛昇_html514.html
第五百一十七章 五莊觀,zerifeisheng-zhaizhu/擇日飛昇_html515.html
第五百一十八章 反賊的壞債方式,zerifeisheng-zhaizhu/擇日飛昇_html516.html
第五百一十九章 清風，明月,zerifeisheng-zhaizhu/擇日飛昇_html517.html
第五百二十章：師兄救我,zerifeisheng-zhaizhu/擇日飛昇_html518.html
第五百二十一章 道哭,zerifeisheng-zhaizhu/擇日飛昇_html519.html
第五百二十二  眼睛幹不幹,zerifeisheng-zhaizhu/擇日飛昇_html520.html
第五百二十三章：仇敵滅，天地生,zerifeisheng-zhaizhu/擇日飛昇_html521.html
第五百二十四章：老六,zerifeisheng-zhaizhu/擇日飛昇_html522.html
第五百二十五章：殺到最後一個人,zerifeisheng-zhaizhu/擇日飛昇_html523.html
第五百二十六章：老六的傻兒子,zerifeisheng-zhaizhu/擇日飛昇_html524.html
第五百二十七章：天君仁心,zerifeisheng-zhaizhu/擇日飛昇_html525.html
第五百二十八章：明月醉清風,zerifeisheng-zhaizhu/擇日飛昇_html526.html
第五百二十九章：過去未來軸光經,zerifeisheng-zhaizhu/擇日飛昇_html527.html
第五百三十章：至尊手段,zerifeisheng-zhaizhu/擇日飛昇_html528.html
第五百三十一章：盤算成精,zerifeisheng-zhaizhu/擇日飛昇_html529.html
第五百三十二章：所謂伊人，在水一方,zerifeisheng-zhaizhu/擇日飛昇_html530.html
第五百三十三章：任我拿捏,zerifeisheng-zhaizhu/擇日飛昇_html531.html
第五百三十四章：二狗的大伯,zerifeisheng-zhaizhu/擇日飛昇_html532.html
第五百三十五：辭舊迎新，小年快樂，百毒不侵,zerifeisheng-zhaizhu/擇日飛昇_html533.html
第五百三十六章：九天之上,zerifeisheng-zhaizhu/擇日飛昇_html534.html
第五百三十七章：夢迴二郎廟,zerifeisheng-zhaizhu/擇日飛昇_html535.html
第五百三十八章：無漏金身，鬥戰勝發,zerifeisheng-zhaizhu/擇日飛昇_html536.html
第五百三十九章：寶尺贈英雄,zerifeisheng-zhaizhu/擇日飛昇_html537.html
第五百四十章：至尊?你也配,zerifeisheng-zhaizhu/擇日飛昇_html538.html
第五百四一章：必中一尺,zerifeisheng-zhaizhu/擇日飛昇_html539.html
第五百四十二章：衆叛親離,zerifeisheng-zhaizhu/擇日飛昇_html540.html
第五百四十三章：再打我一次,zerifeisheng-zhaizhu/擇日飛昇_html541.html
第五百十四：第二隻猴子,zerifeisheng-zhaizhu/擇日飛昇_html542.html
第五百四十一章：龍庭現世,zerifeisheng-zhaizhu/擇日飛昇_html543.html
第五百四十二章：成熟穩重,zerifeisheng-zhaizhu/擇日飛昇_html544.html
第五百四十三章：元狩君子,zerifeisheng-zhaizhu/擇日飛昇_html545.html
第五百四十四章：韭菜之王（新年快樂！給大家拜年了！,zerifeisheng-zhaizhu/擇日飛昇_html546.html
第五百四十五章：許應黑化,zerifeisheng-zhaizhu/擇日飛昇_html547.html
第五百四十六章：遠祖呼喚,zerifeisheng-zhaizhu/擇日飛昇_html548.html
第五百四十七章：完美奪舍,zerifeisheng-zhaizhu/擇日飛昇_html549.html
第五百四十八章：三傑奪寶,zerifeisheng-zhaizhu/擇日飛昇_html550.html
第五百四十九章：全員惡人,zerifeisheng-zhaizhu/擇日飛昇_html551.html
第五百五十章:獻祭許應,zerifeisheng-zhaizhu/擇日飛昇_html552.html
第五百五十一章:至尊肉身對決至尊元神,zerifeisheng-zhaizhu/擇日飛昇_html553.html
第五百五十二章：元祖奪舍,zerifeisheng-zhaizhu/擇日飛昇_html554.html
第五百五十三章：太古第一元神,zerifeisheng-zhaizhu/擇日飛昇_html555.html
第五百五十四章：遠祖之死,zerifeisheng-zhaizhu/擇日飛昇_html556.html
第五百五十五章：九天之上，巨頭,zerifeisheng-zhaizhu/擇日飛昇_html557.html
第五百五十六章：老大龍種,zerifeisheng-zhaizhu/擇日飛昇_html558.html
第五百五十七章：刁民之心,zerifeisheng-zhaizhu/擇日飛昇_html559.html
第五百五十八章：一尊隕落，萬仙飛昇,zerifeisheng-zhaizhu/擇日飛昇_html560.html
第五百十九章:我沒有錯,zerifeisheng-zhaizhu/擇日飛昇_html561.html
第五百二十章:天尊之死,zerifeisheng-zhaizhu/擇日飛昇_html562.html
第五百二十一章：父子雙雄,zerifeisheng-zhaizhu/擇日飛昇_html563.html
第五百二十二章：九天逼宮，威壓當世,zerifeisheng-zhaizhu/擇日飛昇_html564.html
第五百二十三章：一月盤點，二月展望,zerifeisheng-zhaizhu/擇日飛昇_html565.html
第五百二十四章：雜草一樣茁壯,zerifeisheng-zhaizhu/擇日飛昇_html566.html
第五百二十五章：作惡多端,zerifeisheng-zhaizhu/擇日飛昇_html567.html
第五百二十六章：人間天道,zerifeisheng-zhaizhu/擇日飛昇_html568.html
第五百二十七章：道體初成，道體被毀,zerifeisheng-zhaizhu/擇日飛昇_html569.html
第五百二十八章：十廢天君,zerifeisheng-zhaizhu/擇日飛昇_html570.html
第五百二十九章：同道中人（豬生快樂）,zerifeisheng-zhaizhu/擇日飛昇_html571.html
第五百三十章：人間界的大恐怖,zerifeisheng-zhaizhu/擇日飛昇_html572.html
第五百三十一章：翠巖至，而天崩,zerifeisheng-zhaizhu/擇日飛昇_html573.html
第五百三十二章：自有分寸,zerifeisheng-zhaizhu/擇日飛昇_html574.html
第五百三十三章： 打成一片,zerifeisheng-zhaizhu/擇日飛昇_html575.html
第五百三十四章：史前強者,zerifeisheng-zhaizhu/擇日飛昇_html576.html
第五百三十五章：打不過，就加入,zerifeisheng-zhaizhu/擇日飛昇_html577.html
第五百三十六章：巔峰至尊,zerifeisheng-zhaizhu/擇日飛昇_html578.html
第五百三十七章：像塟一樣生存,zerifeisheng-zhaizhu/擇日飛昇_html579.html
第五百三十八章：我爲宗師，開宗立派,zerifeisheng-zhaizhu/擇日飛昇_html580.html
第五百三十九章：道門護法，橫掃人間,zerifeisheng-zhaizhu/擇日飛昇_html581.html
第五百四十章：青玄必須死,zerifeisheng-zhaizhu/擇日飛昇_html582.html
第五百四十一章：黑暗天道,zerifeisheng-zhaizhu/擇日飛昇_html583.html
第五百四十二章： 不要飛昇(大章求票),zerifeisheng-zhaizhu/擇日飛昇_html584.html
第五百四十三章：  亂世序曲:陰間,zerifeisheng-zhaizhu/擇日飛昇_html585.html
第五百四十四章：未央輪迴陷阱,zerifeisheng-zhaizhu/擇日飛昇_html586.html
第五百四十五章：無一倖存,zerifeisheng-zhaizhu/擇日飛昇_html587.html
第五百四十六章：帝君,zerifeisheng-zhaizhu/擇日飛昇_html588.html
第五百四十七章： 輪迴深處,zerifeisheng-zhaizhu/擇日飛昇_html589.html
第五百四十八章： 下一個祭品(大章求票!),zerifeisheng-zhaizhu/擇日飛昇_html590.html
第五百四十九章： 黃袍加身（六千字大章）,zerifeisheng-zhaizhu/擇日飛昇_html591.html
第五百五十章： 我父許靖，有仙帝之尊,zerifeisheng-zhaizhu/擇日飛昇_html592.html
第五百五十一章： 我要你助我修行,zerifeisheng-zhaizhu/擇日飛昇_html593.html
第五百五十二章： 棄惡從善,zerifeisheng-zhaizhu/擇日飛昇_html594.html
第五百五十三章：  洞淵中的彼岸來客,zerifeisheng-zhaizhu/擇日飛昇_html595.html
第五百五十四章： 廢物青玄,zerifeisheng-zhaizhu/擇日飛昇_html596.html
第五百五十五章： 糞坑游泳,zerifeisheng-zhaizhu/擇日飛昇_html597.html
第五百五十六章： 捕蛇者說,zerifeisheng-zhaizhu/擇日飛昇_html598.html
第五百五十七章：清場(大章，感謝五百盟!),zerifeisheng-zhaizhu/擇日飛昇_html599.html
第五百五十八章：打死帝君!(求月票!),zerifeisheng-zhaizhu/擇日飛昇_html600.html
第五百五十九章：玄天都，誅(大章求票),zerifeisheng-zhaizhu/擇日飛昇_html601.html
第五百六十章：人間天道，復甦,zerifeisheng-zhaizhu/擇日飛昇_html602.html
第五百六十一章：老許家的忠臣義士,zerifeisheng-zhaizhu/擇日飛昇_html603.html
第五百六十二章：韭菜成熟，準備收割,zerifeisheng-zhaizhu/擇日飛昇_html604.html
第五百六十三章：聖人不死，大盜不止,zerifeisheng-zhaizhu/擇日飛昇_html605.html
第五百六十四章：第九境，道之極,zerifeisheng-zhaizhu/擇日飛昇_html606.html
下午陪朋友釣魚，第二更無法完成了,zerifeisheng-zhaizhu/擇日飛昇_html607.html
第五百六十五章：道哭真相,zerifeisheng-zhaizhu/擇日飛昇_html608.html
第五百六十六章：新道道祖（第二更）,zerifeisheng-zhaizhu/擇日飛昇_html609.html
第五百六十七章：境界的真相（第三更）,zerifeisheng-zhaizhu/擇日飛昇_html610.html
第五百六十八章：新道十四境,zerifeisheng-zhaizhu/擇日飛昇_html611.html
第五百六十九章： 第十一道景,zerifeisheng-zhaizhu/擇日飛昇_html612.html
第五百七十章： 誰敢動我莊稼?(月底求月票!),zerifeisheng-zhaizhu/擇日飛昇_html613.html
第五百七十一章： 許應的反賊朋友們,zerifeisheng-zhaizhu/擇日飛昇_html614.html
第五百七十二章：再度飛昇,zerifeisheng-zhaizhu/擇日飛昇_html615.html
第五百七十三章：再第三塊翠巖(求月票),zerifeisheng-zhaizhu/擇日飛昇_html616.html
第五百七十四章：當面造反(月底求月票),zerifeisheng-zhaizhu/擇日飛昇_html617.html
第五百七十五章：理論理論（求月票）,zerifeisheng-zhaizhu/擇日飛昇_html618.html
第五百七十六章：決戰前夕,zerifeisheng-zhaizhu/擇日飛昇_html619.html
二月盤點，三月展望(求保底月票吖),zerifeisheng-zhaizhu/擇日飛昇_html620.html
第五百六十七章：青玄死後,zerifeisheng-zhaizhu/擇日飛昇_html621.html
第五百六十八章：造了個大反,zerifeisheng-zhaizhu/擇日飛昇_html622.html
第五百六十九章：後主心意,zerifeisheng-zhaizhu/擇日飛昇_html623.html
第五百七十章：青玄傳授,zerifeisheng-zhaizhu/擇日飛昇_html624.html
來不及寫完第二章了，明天三更補上!,zerifeisheng-zhaizhu/擇日飛昇_html625.html
第五百七十一章：青玄一脈，戰力至強(第一更),zerifeisheng-zhaizhu/擇日飛昇_html626.html
第五百七十二章：反擊(第二更!),zerifeisheng-zhaizhu/擇日飛昇_html627.html
第五百七十三章：目露兇光! (第三更!),zerifeisheng-zhaizhu/擇日飛昇_html628.html
第五百七十四章：最強韭菜收割者,zerifeisheng-zhaizhu/擇日飛昇_html629.html
第五百七十五章：智謀無雙，不敵命數,zerifeisheng-zhaizhu/擇日飛昇_html630.html
第五百七十六章： 鴻蒙紫炁，功德加身,zerifeisheng-zhaizhu/擇日飛昇_html631.html
第五百七十七章： 我在最好的時間，遇到最好的你,zerifeisheng-zhaizhu/擇日飛昇_html632.html
第五百七十八章： 許應之死,zerifeisheng-zhaizhu/擇日飛昇_html633.html
第五百七十九章： 武道可以通神,zerifeisheng-zhaizhu/擇日飛昇_html634.html
第五百八十章： 神力蒼茫，問願許何時應？,zerifeisheng-zhaizhu/擇日飛昇_html635.html
第五百八十一章： 渡世金船,zerifeisheng-zhaizhu/擇日飛昇_html636.html
第五百八十二章： 塟化異人,zerifeisheng-zhaizhu/擇日飛昇_html637.html
第五百八十三章： 塟化無敵,zerifeisheng-zhaizhu/擇日飛昇_html638.html
第五百八十四章： 撞到人，撞到殘血,zerifeisheng-zhaizhu/擇日飛昇_html639.html
第五百八十五章： 船上第四廢物（第一更）,zerifeisheng-zhaizhu/擇日飛昇_html640.html
第五百八十六章： 誰與爭鋒？（第二章）,zerifeisheng-zhaizhu/擇日飛昇_html641.html
第五百八十七章： 給他們一點人間震撼（第三更）,zerifeisheng-zhaizhu/擇日飛昇_html642.html
第五百八十八章： 暴力碾壓,zerifeisheng-zhaizhu/擇日飛昇_html643.html
第五百八十九章： 一年之期,zerifeisheng-zhaizhu/擇日飛昇_html644.html
第五百九十章： 弱小即原罪,zerifeisheng-zhaizhu/擇日飛昇_html645.html
第五百九十一章： 聖尊之威，足以蓋世,zerifeisheng-zhaizhu/擇日飛昇_html646.html
第五百九十二章： 金船飛昇,zerifeisheng-zhaizhu/擇日飛昇_html647.html
第五百九十三章： 飛昇天仙界,zerifeisheng-zhaizhu/擇日飛昇_html648.html
第五百九十四章： 天仙界疑雲,zerifeisheng-zhaizhu/擇日飛昇_html649.html
第五百九十五章： 以塟代龍,zerifeisheng-zhaizhu/擇日飛昇_html650.html
第五百九十六章： 橫推無敵,zerifeisheng-zhaizhu/擇日飛昇_html651.html
第五百九十七章： 打破冥頑,zerifeisheng-zhaizhu/擇日飛昇_html652.html
第五百九十八章： 三足鼎立（陽間）,zerifeisheng-zhaizhu/擇日飛昇_html653.html
第五百九十九章：跨越六十萬年時空,zerifeisheng-zhaizhu/擇日飛昇_html654.html
第六百章：人族五帝,zerifeisheng-zhaizhu/擇日飛昇_html655.html
第六百零一章：虛空第一戰,zerifeisheng-zhaizhu/擇日飛昇_html656.html
第六百零二章：護道人,zerifeisheng-zhaizhu/擇日飛昇_html657.html
第六百零三章： 指穿道果，橫掃妙境（大章，第一更）,zerifeisheng-zhaizhu/擇日飛昇_html658.html
第六百零四章： 師賢徒恭（第二更）,zerifeisheng-zhaizhu/擇日飛昇_html659.html
第六百零五章：十廢來襲（第三更）,zerifeisheng-zhaizhu/擇日飛昇_html660.html
第六百零六章：至今思青玄,zerifeisheng-zhaizhu/擇日飛昇_html661.html
第六百零七章：武極證道,zerifeisheng-zhaizhu/擇日飛昇_html662.html
第六百零八章：韋序證道,zerifeisheng-zhaizhu/擇日飛昇_html663.html
第六百零九章：舐犢之情,zerifeisheng-zhaizhu/擇日飛昇_html664.html
第六百一十章：我的劍，來了,zerifeisheng-zhaizhu/擇日飛昇_html665.html
第六百一十一章：劍爺,zerifeisheng-zhaizhu/擇日飛昇_html666.html
第六百一十二章：阿福來福,zerifeisheng-zhaizhu/擇日飛昇_html667.html
蕁麻疹復發，請假,zerifeisheng-zhaizhu/擇日飛昇_html668.html
第六百一十三章：  胸中但有豪情未滅，總會長嘯復沉吟,zerifeisheng-zhaizhu/擇日飛昇_html669.html
第六百一十四章： 廢帝青玄,zerifeisheng-zhaizhu/擇日飛昇_html670.html
第六百一十五章：傳承（第三更）,zerifeisheng-zhaizhu/擇日飛昇_html671.html
第六百一十六章：造化之死（大章求票！）,zerifeisheng-zhaizhu/擇日飛昇_html672.html
第六百一十七章：衆叛親離,zerifeisheng-zhaizhu/擇日飛昇_html673.html
第六百一十八章：收割仙帝,zerifeisheng-zhaizhu/擇日飛昇_html674.html
第六百一十九章：仙帝的窮途末路,zerifeisheng-zhaizhu/擇日飛昇_html675.html
第六百二十章：仙帝之終，山明之始,zerifeisheng-zhaizhu/擇日飛昇_html676.html
第六百二十一章：第九境，不朽玄功,zerifeisheng-zhaizhu/擇日飛昇_html677.html
第六百二十二章：不朽八法,zerifeisheng-zhaizhu/擇日飛昇_html678.html
第六百二十三章：塟化,zerifeisheng-zhaizhu/擇日飛昇_html679.html
第六百二十四章：彼岸歸來,zerifeisheng-zhaizhu/擇日飛昇_html680.html
第六百二十五章：昊天帝歸來,zerifeisheng-zhaizhu/擇日飛昇_html681.html
第六百二十六章：請君赴死,zerifeisheng-zhaizhu/擇日飛昇_html682.html
第六百二十七章：太古第九境,zerifeisheng-zhaizhu/擇日飛昇_html683.html
第六百二十八章： 反攻，奪翠巖(一號，求保底月票！),zerifeisheng-zhaizhu/擇日飛昇_html684.html
三月總結，四月展望，兼求月票！！,zerifeisheng-zhaizhu/擇日飛昇_html685.html
第六百二十九章：我，蠻夷也（求保底月票！）,zerifeisheng-zhaizhu/擇日飛昇_html686.html
第六百三十章：你們就這點能耐？,zerifeisheng-zhaizhu/擇日飛昇_html687.html
第六百三十一章：來打我呀！,zerifeisheng-zhaizhu/擇日飛昇_html688.html
第六百三十二章：龍血沸騰,zerifeisheng-zhaizhu/擇日飛昇_html689.html
第六百三十三章：龍族天道復甦,zerifeisheng-zhaizhu/擇日飛昇_html690.html
第六百三十四章：疑似不朽,zerifeisheng-zhaizhu/擇日飛昇_html691.html
第六百三十五章：不朽真王,zerifeisheng-zhaizhu/擇日飛昇_html692.html
第六百三十六章：探監,zerifeisheng-zhaizhu/擇日飛昇_html693.html
第六百三十七章：元煜，不行；許應，行,zerifeisheng-zhaizhu/擇日飛昇_html694.html
第六百三十八章：暗流動，道成雪,zerifeisheng-zhaizhu/擇日飛昇_html695.html
第六百三十九章：逆反先天,zerifeisheng-zhaizhu/擇日飛昇_html696.html
第六百四十章：造反，從小時候抓起,zerifeisheng-zhaizhu/擇日飛昇_html697.html
第六百四十一章：送太上皇出殯臉,zerifeisheng-zhaizhu/擇日飛昇_html698.html
第六百四十二章：小蠻夷聖尊,zerifeisheng-zhaizhu/擇日飛昇_html699.html
第六百四十三章：被窩裡的誘惑,zerifeisheng-zhaizhu/擇日飛昇_html700.html
第六百四十四章：無漏金身，大鬧天宮,zerifeisheng-zhaizhu/擇日飛昇_html701.html
第六百四十五章：來者何人？許道祖也！,zerifeisheng-zhaizhu/擇日飛昇_html702.html
第六百四十六章： 父子雙打,zerifeisheng-zhaizhu/擇日飛昇_html703.html
第六百四十七章： 戰力滔天,zerifeisheng-zhaizhu/擇日飛昇_html704.html
第六百四十八章： 徹底摧毀,zerifeisheng-zhaizhu/擇日飛昇_html705.html
第六百四十九章： 彼岸不朽降臨,zerifeisheng-zhaizhu/擇日飛昇_html706.html
第六百五十章： 證道,zerifeisheng-zhaizhu/擇日飛昇_html707.html
第六百五十一章：隱元子與陸異人,zerifeisheng-zhaizhu/擇日飛昇_html708.html
第六百五十二章：圍剿陸異人,zerifeisheng-zhaizhu/擇日飛昇_html709.html
第六百五十三章：聽說過誅仙劍嗎？,zerifeisheng-zhaizhu/擇日飛昇_html710.html
第六百五十四章：召喚淵海,zerifeisheng-zhaizhu/擇日飛昇_html711.html
第六百五十五章：斬真王，破局！,zerifeisheng-zhaizhu/擇日飛昇_html712.html
第六百五十六章：收割天仙界,zerifeisheng-zhaizhu/擇日飛昇_html713.html
第六百五十七章：我不值得,zerifeisheng-zhaizhu/擇日飛昇_html714.html
第六百五十八章：大道十重（月中求月票）,zerifeisheng-zhaizhu/擇日飛昇_html715.html
第六百五十九章：反賊稱帝,zerifeisheng-zhaizhu/擇日飛昇_html716.html
第六百六十章：淵海，十重洞淵,zerifeisheng-zhaizhu/擇日飛昇_html717.html
第六百六十一章：史前文明,zerifeisheng-zhaizhu/擇日飛昇_html718.html
第六百六十二章：洪源初開，三界始現,zerifeisheng-zhaizhu/擇日飛昇_html719.html
第六百六十三章：洪源之炁,zerifeisheng-zhaizhu/擇日飛昇_html720.html
第六百六十四章：誅仙劍陣,zerifeisheng-zhaizhu/擇日飛昇_html721.html
第六百六十五章：巨源道力,zerifeisheng-zhaizhu/擇日飛昇_html722.html
第六百六十六章：三界洪源,zerifeisheng-zhaizhu/擇日飛昇_html723.html
第六百六十七章：取我劍來,zerifeisheng-zhaizhu/擇日飛昇_html724.html
第六百六十八章：外強中乾,zerifeisheng-zhaizhu/擇日飛昇_html725.html
第六百六十九章：真王隕落,zerifeisheng-zhaizhu/擇日飛昇_html726.html
第六百七十章,zerifeisheng-zhaizhu/擇日飛昇_html727.html
第六百七十一章：嘴上無毛，辦事不牢,zerifeisheng-zhaizhu/擇日飛昇_html728.html
第六百七十二章：爾虞我詐,zerifeisheng-zhaizhu/擇日飛昇_html729.html
第六百七十三章：混沌誓約，不滅真經,zerifeisheng-zhaizhu/擇日飛昇_html730.html
第六百七十四章：再見伊人,zerifeisheng-zhaizhu/擇日飛昇_html731.html
第六百七十五章：大道主來訪,zerifeisheng-zhaizhu/擇日飛昇_html732.html
第六百七十六章：混沌海的鐘聲,zerifeisheng-zhaizhu/擇日飛昇_html733.html
第六百七十七章：虎口奪食,zerifeisheng-zhaizhu/擇日飛昇_html734.html
第六百七十八章：再遇悟空,zerifeisheng-zhaizhu/擇日飛昇_html735.html
第六百七十九章：不滅的烙印,zerifeisheng-zhaizhu/擇日飛昇_html736.html
第六百八十章：堪稱絕世,zerifeisheng-zhaizhu/擇日飛昇_html737.html
第六百八十一章：混沌靈蓮,zerifeisheng-zhaizhu/擇日飛昇_html738.html
第六百八十二章：面黑心善,zerifeisheng-zhaizhu/擇日飛昇_html739.html
第六百八十三章：神通蒼穹,zerifeisheng-zhaizhu/擇日飛昇_html740.html
第六百八十四章：故鄉來人,zerifeisheng-zhaizhu/擇日飛昇_html741.html
第六百八十五章：忠肝義膽,zerifeisheng-zhaizhu/擇日飛昇_html742.html
第六百八十六章：大道漲落,zerifeisheng-zhaizhu/擇日飛昇_html743.html
第六百八十七章：大道復甦,zerifeisheng-zhaizhu/擇日飛昇_html744.html
四月回顧，五月展望,zerifeisheng-zhaizhu/擇日飛昇_html745.html
第六百八十八章：天境感恩,zerifeisheng-zhaizhu/擇日飛昇_html746.html
第六百八十九章：怒從心頭起,zerifeisheng-zhaizhu/擇日飛昇_html747.html
第六百九十章,zerifeisheng-zhaizhu/擇日飛昇_html748.html
第六百九十一章：福報：時來運轉,zerifeisheng-zhaizhu/擇日飛昇_html749.html
第六百九十二章：大道君對決,zerifeisheng-zhaizhu/擇日飛昇_html750.html
第六百九十三章：做自己的道主,zerifeisheng-zhaizhu/擇日飛昇_html751.html
第六百九十四章：昊天帝往事,zerifeisheng-zhaizhu/擇日飛昇_html752.html
第六百九十五章：玄皇道主,zerifeisheng-zhaizhu/擇日飛昇_html753.html
第六百九十六章：玄皇道界訣,zerifeisheng-zhaizhu/擇日飛昇_html754.html
第六百九十七章：因果抹殺,zerifeisheng-zhaizhu/擇日飛昇_html755.html
第六百九十八章：介紹幾個亂黨,zerifeisheng-zhaizhu/擇日飛昇_html756.html
第六百九十九章：忘記，就是背叛,zerifeisheng-zhaizhu/擇日飛昇_html757.html
第七百章：惺惺惜惺惺,zerifeisheng-zhaizhu/擇日飛昇_html758.html
第七百零一章：獵殺太一,zerifeisheng-zhaizhu/擇日飛昇_html759.html
第七百零二章：威震天下,zerifeisheng-zhaizhu/擇日飛昇_html760.html
第七百零三章：太一之外的大道,zerifeisheng-zhaizhu/擇日飛昇_html761.html
第七百零四章：同流合污,zerifeisheng-zhaizhu/擇日飛昇_html762.html
第七百零五章：發現新宙,zerifeisheng-zhaizhu/擇日飛昇_html763.html
第七百零六章：新宙道哭,zerifeisheng-zhaizhu/擇日飛昇_html764.html
第七百零七章：許老神仙,zerifeisheng-zhaizhu/擇日飛昇_html765.html
第七百零八章：因果越大,zerifeisheng-zhaizhu/擇日飛昇_html766.html
第七百零九章：越扛不住,zerifeisheng-zhaizhu/擇日飛昇_html767.html
第七百一十章：狐假虎威,zerifeisheng-zhaizhu/擇日飛昇_html768.html
第七百十一章：飛昇者，死,zerifeisheng-zhaizhu/擇日飛昇_html769.html
第七百十二章：左璉道主,zerifeisheng-zhaizhu/擇日飛昇_html770.html
第七百十三章：大道機緣,zerifeisheng-zhaizhu/擇日飛昇_html771.html
第七百十四章：迴歸故里,zerifeisheng-zhaizhu/擇日飛昇_html772.html
第七百十五章：夜郎自大,zerifeisheng-zhaizhu/擇日飛昇_html773.html
第七百十六章：祖神崛起,zerifeisheng-zhaizhu/擇日飛昇_html774.html
第七百十七章：通天,zerifeisheng-zhaizhu/擇日飛昇_html775.html
第七百十八章：殺伐獻祭,zerifeisheng-zhaizhu/擇日飛昇_html776.html
第七百十九章：萬般大道，殺伐第一！,zerifeisheng-zhaizhu/擇日飛昇_html777.html
第七百二十章：通天道主,zerifeisheng-zhaizhu/擇日飛昇_html778.html
第七百二十一章：第四道主,zerifeisheng-zhaizhu/擇日飛昇_html779.html
第七百二十二章：不要回頭,zerifeisheng-zhaizhu/擇日飛昇_html780.html
第七百二十三章：太一門風,zerifeisheng-zhaizhu/擇日飛昇_html781.html
第七百二十四章：流放大善人,zerifeisheng-zhaizhu/擇日飛昇_html782.html
第七百二十五章：哀其不幸，怒其不爭,zerifeisheng-zhaizhu/擇日飛昇_html783.html
第七百二十六章：流放不朽,zerifeisheng-zhaizhu/擇日飛昇_html784.html
第七百二十七章：死掉的許應，纔是最好的許應,zerifeisheng-zhaizhu/擇日飛昇_html785.html
第七百二十八章：豁達真王,zerifeisheng-zhaizhu/擇日飛昇_html786.html
第七百二十九章：輪迴道力,zerifeisheng-zhaizhu/擇日飛昇_html787.html
第七百三十章：輪迴之下，萬道沉淪,zerifeisheng-zhaizhu/擇日飛昇_html788.html
第七百三十一章：過去未來經雛形,zerifeisheng-zhaizhu/擇日飛昇_html789.html
第七百三十二章：先天至強,zerifeisheng-zhaizhu/擇日飛昇_html790.html
第七百三十三章：劫運初現,zerifeisheng-zhaizhu/擇日飛昇_html791.html
第七百三十四章： 太一道門，反賊之家,zerifeisheng-zhaizhu/擇日飛昇_html792.html
第七百三十五章：劫運來襲，道主會商,zerifeisheng-zhaizhu/擇日飛昇_html793.html
第七百三十六章：無極證道，主動入劫,zerifeisheng-zhaizhu/擇日飛昇_html794.html
第七百三十七章：地底天坑，先天靈寶,zerifeisheng-zhaizhu/擇日飛昇_html795.html
第七百三十八章：同是棺中客,zerifeisheng-zhaizhu/擇日飛昇_html796.html
第七百三十九章：拯救紀蒼道主,zerifeisheng-zhaizhu/擇日飛昇_html797.html
第七百四十章：轉嫁劫運,zerifeisheng-zhaizhu/擇日飛昇_html798.html
第七百四十一章：破壞之王：拆,zerifeisheng-zhaizhu/擇日飛昇_html799.html
第七百四十二章：該豁達則豁達，該硬則硬,zerifeisheng-zhaizhu/擇日飛昇_html800.html
第七百四十三章：劫運蒼茫，殺伐頓起,zerifeisheng-zhaizhu/擇日飛昇_html801.html
第七百四十四章：償還天地,zerifeisheng-zhaizhu/擇日飛昇_html802.html
第七百四十五章：先天九道，只差其一,zerifeisheng-zhaizhu/擇日飛昇_html803.html
第七百四十六章：太一知道麼？,zerifeisheng-zhaizhu/擇日飛昇_html804.html
第七百四十七章：祭旗,zerifeisheng-zhaizhu/擇日飛昇_html805.html
第七百四十八章：殺伐之主劍無雙,zerifeisheng-zhaizhu/擇日飛昇_html806.html
第七百四十九章：劫運依舊,zerifeisheng-zhaizhu/擇日飛昇_html807.html
第七百五十章：劫運依舊,zerifeisheng-zhaizhu/擇日飛昇_html808.html
第七百五十一章：九憎，守好門戶,zerifeisheng-zhaizhu/擇日飛昇_html809.html
第七百五十二章：再臨天境,zerifeisheng-zhaizhu/擇日飛昇_html810.html
第七百五十三章：贖人,zerifeisheng-zhaizhu/擇日飛昇_html811.html
第七百五十四章：九道之外，虛空何來？,zerifeisheng-zhaizhu/擇日飛昇_html812.html
第七百五十五章：不與變態爭鋒,zerifeisheng-zhaizhu/擇日飛昇_html813.html
第七百五十六章：洪源逆證大道錄,zerifeisheng-zhaizhu/擇日飛昇_html814.html
第七百五十七章：道寂真君,zerifeisheng-zhaizhu/擇日飛昇_html815.html
第七百五十八章：帝界回光,zerifeisheng-zhaizhu/擇日飛昇_html816.html
第七百五十九章：彼岸道盟,zerifeisheng-zhaizhu/擇日飛昇_html817.html
第七百六十章：許道祖入寂,zerifeisheng-zhaizhu/擇日飛昇_html818.html
第七百六十一章：三界暴露，彼岸來襲,zerifeisheng-zhaizhu/擇日飛昇_html819.html
第七百六十二章：至尊之軀，逆伐不朽,zerifeisheng-zhaizhu/擇日飛昇_html820.html
第七百六十三章：做局,zerifeisheng-zhaizhu/擇日飛昇_html821.html
第七百六十四章：收割不朽,zerifeisheng-zhaizhu/擇日飛昇_html822.html
第七百六十五章：道主追殺令,zerifeisheng-zhaizhu/擇日飛昇_html823.html
第七百六十六章,zerifeisheng-zhaizhu/擇日飛昇_html824.html
第七百六十七章：太一之路，復興彼岸,zerifeisheng-zhaizhu/擇日飛昇_html825.html
第七百六十八章：銜尾之蛇,zerifeisheng-zhaizhu/擇日飛昇_html826.html
第七百六十九章：回到過去造反,zerifeisheng-zhaizhu/擇日飛昇_html827.html
第七百七十章：瓊華島屠殺,zerifeisheng-zhaizhu/擇日飛昇_html828.html
第七百七十一章：時空成道,zerifeisheng-zhaizhu/擇日飛昇_html829.html
第七百七十二章：時空糾錯,zerifeisheng-zhaizhu/擇日飛昇_html830.html
第七百七十三章：羅道主的腿,zerifeisheng-zhaizhu/擇日飛昇_html831.html
第七百七十四章：許道友，上車,zerifeisheng-zhaizhu/擇日飛昇_html832.html
第七百七十五章：無極真傳,zerifeisheng-zhaizhu/擇日飛昇_html833.html
第七百七十六章：生死大道,zerifeisheng-zhaizhu/擇日飛昇_html834.html
第七百七十七章：君不死，我心難安,zerifeisheng-zhaizhu/擇日飛昇_html835.html
第七百七十八章：誅大道君,zerifeisheng-zhaizhu/擇日飛昇_html836.html
第七百七十九章：有女黎筱，天生反骨,zerifeisheng-zhaizhu/擇日飛昇_html837.html
第七百八十章：天境反攻,zerifeisheng-zhaizhu/擇日飛昇_html838.html
第七百八十一章：請通天祭劍,zerifeisheng-zhaizhu/擇日飛昇_html839.html
第七百八十二章： 一劍通天,zerifeisheng-zhaizhu/擇日飛昇_html840.html
第七百八十三章：門徒,zerifeisheng-zhaizhu/擇日飛昇_html841.html
第七百八十四章：太一道門，一脈相承,zerifeisheng-zhaizhu/擇日飛昇_html842.html
第七百八十五章：太一之中，吾性自足,zerifeisheng-zhaizhu/擇日飛昇_html843.html
第七百八十六章：太一搶劫,zerifeisheng-zhaizhu/擇日飛昇_html844.html
第七百八十七章：道盡之外,zerifeisheng-zhaizhu/擇日飛昇_html845.html
第七百八十八章：你的存在，沒有任何意義,zerifeisheng-zhaizhu/擇日飛昇_html846.html
第七百八十九章：挑戰太一,zerifeisheng-zhaizhu/擇日飛昇_html847.html
第七百九十章：混沌大淵，道門傾軋,zerifeisheng-zhaizhu/擇日飛昇_html848.html
第七百九十一章：傳承,zerifeisheng-zhaizhu/擇日飛昇_html849.html
第七百九十二章：兇性大發,zerifeisheng-zhaizhu/擇日飛昇_html850.html
第七百九十三章：老東西與孽徒,zerifeisheng-zhaizhu/擇日飛昇_html851.html
第七百九十四章：混沌生物,zerifeisheng-zhaizhu/擇日飛昇_html852.html
第七百九十五章：神通被破,zerifeisheng-zhaizhu/擇日飛昇_html853.html
第七百九十六章：道盟來人,zerifeisheng-zhaizhu/擇日飛昇_html854.html
第七百九十七章：羅世宗，必須死,zerifeisheng-zhaizhu/擇日飛昇_html855.html
第七百九十八章：彼岸往事，太古神王,zerifeisheng-zhaizhu/擇日飛昇_html856.html
第七百九十九章：道主之戰,zerifeisheng-zhaizhu/擇日飛昇_html857.html
第八百章：天羅地網嶺中藏,zerifeisheng-zhaizhu/擇日飛昇_html858.html
第八百零一章：劍縛蒼龍（七月一號求保底月票）,zerifeisheng-zhaizhu/擇日飛昇_html859.html
第八百零二章：九道演變,zerifeisheng-zhaizhu/擇日飛昇_html860.html
第八百零三章：自斬,zerifeisheng-zhaizhu/擇日飛昇_html861.html
第八百零四章：有神來襲,zerifeisheng-zhaizhu/擇日飛昇_html862.html
第八百零五章：興亡之嘆,zerifeisheng-zhaizhu/擇日飛昇_html863.html
第八百零六章：九道循證,zerifeisheng-zhaizhu/擇日飛昇_html864.html
第八百零七章：代價是什麼？,zerifeisheng-zhaizhu/擇日飛昇_html865.html
第八百零八章：得道多助,zerifeisheng-zhaizhu/擇日飛昇_html866.html
第八百零九章：回到六百年前,zerifeisheng-zhaizhu/擇日飛昇_html867.html
第八百一十章：決戰道尊，雖身死而不悔,zerifeisheng-zhaizhu/擇日飛昇_html868.html
第八百十一章：羅太宗之死,zerifeisheng-zhaizhu/擇日飛昇_html869.html
第八百十二章：不滅的一,zerifeisheng-zhaizhu/擇日飛昇_html870.html
第八百十三章：華道主之死,zerifeisheng-zhaizhu/擇日飛昇_html871.html
第八百十四章：靈寶無主，大手子居之,zerifeisheng-zhaizhu/擇日飛昇_html872.html
第八百十五章：第一聖地，開元神斧,zerifeisheng-zhaizhu/擇日飛昇_html873.html
第八百十六章：彼岸不存在,zerifeisheng-zhaizhu/擇日飛昇_html874.html
第八百十七章：威不可測,zerifeisheng-zhaizhu/擇日飛昇_html875.html
第八百十八章：傳承不滅，執念難消,zerifeisheng-zhaizhu/擇日飛昇_html876.html
第八百十九章：祖神開天,zerifeisheng-zhaizhu/擇日飛昇_html877.html
第八百二十章：在時光中飛馳,zerifeisheng-zhaizhu/擇日飛昇_html878.html
第八百二十一章：彼岸第一，鴻蒙道主,zerifeisheng-zhaizhu/擇日飛昇_html879.html
第八百二十二章：鴻蒙本一致,zerifeisheng-zhaizhu/擇日飛昇_html880.html
第八百二十三章：林 羅消劫運,zerifeisheng-zhaizhu/擇日飛昇_html881.html
第八百二十四章：雞道主,zerifeisheng-zhaizhu/擇日飛昇_html882.html
第八百二十五章：羅道主入劫,zerifeisheng-zhaizhu/擇日飛昇_html883.html
影響戰鬥力的九大因素,zerifeisheng-zhaizhu/擇日飛昇_html884.html
第八百二十六章： 九靈時空天劫,zerifeisheng-zhaizhu/擇日飛昇_html885.html
第八百二十七章：太一與羅世宗,zerifeisheng-zhaizhu/擇日飛昇_html886.html
第八百二十八章：雙向奔赴,zerifeisheng-zhaizhu/擇日飛昇_html887.html
第八百二十九章：九丘山封丘,zerifeisheng-zhaizhu/擇日飛昇_html888.html
第八百三十章：通天滅道,zerifeisheng-zhaizhu/擇日飛昇_html889.html
第八百三十一章：你需要償還因果,zerifeisheng-zhaizhu/擇日飛昇_html890.html
第八百三十二章：我兩個都要,zerifeisheng-zhaizhu/擇日飛昇_html891.html
第八百三十三章：後天御先天,zerifeisheng-zhaizhu/擇日飛昇_html892.html
第八百三十四章：法寶動亂，虛空問道,zerifeisheng-zhaizhu/擇日飛昇_html893.html
第八百三十五章：虛空,zerifeisheng-zhaizhu/擇日飛昇_html894.html
第八百三十六章：因果矇蔽,zerifeisheng-zhaizhu/擇日飛昇_html895.html
第八百三十七章：道寂緣來，彼岸劫起,zerifeisheng-zhaizhu/擇日飛昇_html896.html
第八百三十八章：道碎,zerifeisheng-zhaizhu/擇日飛昇_html897.html
第八百三十九章：傳承,zerifeisheng-zhaizhu/擇日飛昇_html898.html
第八百四十章：洞玄救世,zerifeisheng-zhaizhu/擇日飛昇_html899.html
請假條,zerifeisheng-zhaizhu/擇日飛昇_html900.html
第八百四十一章：先天九道，因果第一,zerifeisheng-zhaizhu/擇日飛昇_html901.html
第八百四十二章：破碎時空,zerifeisheng-zhaizhu/擇日飛昇_html902.html
第八百四十三章：決戰林傳庭,zerifeisheng-zhaizhu/擇日飛昇_html903.html
第八百四十四章：道立虛空,zerifeisheng-zhaizhu/擇日飛昇_html904.html
第八百四十五章：因果錯亂，道碎,zerifeisheng-zhaizhu/擇日飛昇_html905.html
第八百四十六章：彼岸道哭，奪一線生機,zerifeisheng-zhaizhu/擇日飛昇_html906.html
第八百四十七章：劫運之中,zerifeisheng-zhaizhu/擇日飛昇_html907.html
第八百四十八章：不爲蒼生,zerifeisheng-zhaizhu/擇日飛昇_html908.html
第八百四十九章：內外洪源，三循神通,zerifeisheng-zhaizhu/擇日飛昇_html909.html
第八百五十章：怪物,zerifeisheng-zhaizhu/擇日飛昇_html910.html
卡住了，請假,zerifeisheng-zhaizhu/擇日飛昇_html911.html
第八百五十一章：道尊認證，悟性第一,zerifeisheng-zhaizhu/擇日飛昇_html912.html
第八百五十二章：傳庭隕落，寂滅劫起,zerifeisheng-zhaizhu/擇日飛昇_html913.html
第八百五十三章：道尊的破綻,zerifeisheng-zhaizhu/擇日飛昇_html914.html
第八百五十四章：三界第一潑皮,zerifeisheng-zhaizhu/擇日飛昇_html915.html
第八百五十五章：七生七滅，循證寂滅,zerifeisheng-zhaizhu/擇日飛昇_html916.html
第八百五十六章：善惡是非誰定？,zerifeisheng-zhaizhu/擇日飛昇_html917.html
第八百五十七章：陰陽錯亂道休,zerifeisheng-zhaizhu/擇日飛昇_html918.html
第八百五十八章：道寂論道（月底求月票）,zerifeisheng-zhaizhu/擇日飛昇_html919.html
第八百五十九章：太一道碎，聖海尋妻（一號求保底月票！）,zerifeisheng-zhaizhu/擇日飛昇_html920.html
第八百六十章：道號寂滅,zerifeisheng-zhaizhu/擇日飛昇_html921.html
第八百六十一章：彼岸的回光,zerifeisheng-zhaizhu/擇日飛昇_html922.html
第八百六十二章：人劫，道殤,zerifeisheng-zhaizhu/擇日飛昇_html923.html
第八百六十三章： 混沌海，沒有公平,zerifeisheng-zhaizhu/擇日飛昇_html924.html
第八百六十四章：新彼岸，新希望,zerifeisheng-zhaizhu/擇日飛昇_html925.html
第八百六十五章：宗元入寂滅，許應演未來,zerifeisheng-zhaizhu/擇日飛昇_html926.html
第八百六十六章：玄穹上高無量玉皇至真聖鍾道祖,zerifeisheng-zhaizhu/擇日飛昇_html927.html
第八百六十七章：雞與道主,zerifeisheng-zhaizhu/擇日飛昇_html928.html
第八百六十八章：你殿裡有大人物！,zerifeisheng-zhaizhu/擇日飛昇_html929.html
生病了，請假,zerifeisheng-zhaizhu/擇日飛昇_html930.html
第八百六十九章：理應如此,zerifeisheng-zhaizhu/擇日飛昇_html931.html
第八百七十章：鍾爺，苟富貴,zerifeisheng-zhaizhu/擇日飛昇_html932.html
第八百七十一章：你很厲害，但煉錯了,zerifeisheng-zhaizhu/擇日飛昇_html933.html
第八百七十二章：砸人道統,zerifeisheng-zhaizhu/擇日飛昇_html934.html
第八百七十三章：永樂真君，野心勃勃,zerifeisheng-zhaizhu/擇日飛昇_html935.html
第八百七十四章：羣雄陷落鳴雀府,zerifeisheng-zhaizhu/擇日飛昇_html936.html
第八百七十五章：混沌無情，道盟宗旨,zerifeisheng-zhaizhu/擇日飛昇_html937.html
第八百七十六章：先天九道，輪迴第一！,zerifeisheng-zhaizhu/擇日飛昇_html938.html
第八百七十七章：未來已死,zerifeisheng-zhaizhu/擇日飛昇_html939.html
第八百七十八章：瑾瑜觀，邪道人,zerifeisheng-zhaizhu/擇日飛昇_html940.html
第八百七十九章：混沌海第一虛空得道,zerifeisheng-zhaizhu/擇日飛昇_html941.html
第八百八十章：護道人,zerifeisheng-zhaizhu/擇日飛昇_html942.html
第八百八十一章：混沌海，鍾印之戰,zerifeisheng-zhaizhu/擇日飛昇_html943.html
第八百八十二章：自尋死路,zerifeisheng-zhaizhu/擇日飛昇_html944.html
第八百八十三章：海外飛棺,zerifeisheng-zhaizhu/擇日飛昇_html945.html
第八百八十四章：元始道炁,zerifeisheng-zhaizhu/擇日飛昇_html946.html
第八百八十五章：虛空無敵,zerifeisheng-zhaizhu/擇日飛昇_html947.html
第八百八十六章：道本無情,zerifeisheng-zhaizhu/擇日飛昇_html948.html
第八百八十七章：混元仙帝,zerifeisheng-zhaizhu/擇日飛昇_html949.html
第八百八十八章：鴻蒙無量劫經,zerifeisheng-zhaizhu/擇日飛昇_html950.html
第八百八十九章：元愛節,zerifeisheng-zhaizhu/擇日飛昇_html951.html
第八百九十章：混元諸帝，不過如此,zerifeisheng-zhaizhu/擇日飛昇_html952.html
第八百九十一章：如意小郎君,zerifeisheng-zhaizhu/擇日飛昇_html953.html
第八百九十二章：不過如此,zerifeisheng-zhaizhu/擇日飛昇_html954.html
第八百九十三章：元愛節之戰,zerifeisheng-zhaizhu/擇日飛昇_html955.html
第八百九十四章：積重難返,zerifeisheng-zhaizhu/擇日飛昇_html956.html
第八百九十五章：果然如此,zerifeisheng-zhaizhu/擇日飛昇_html957.html
第八百九十六章：頌吾之名,zerifeisheng-zhaizhu/擇日飛昇_html958.html
第八百九十七章：混元宇宙與墳,zerifeisheng-zhaizhu/擇日飛昇_html959.html
第八百九十八章：棺中人聲,zerifeisheng-zhaizhu/擇日飛昇_html960.html
第八百九十九章：雌雄之爭,zerifeisheng-zhaizhu/擇日飛昇_html961.html
第九百章：爭奪大人物,zerifeisheng-zhaizhu/擇日飛昇_html962.html
第九百零一章：鴻蒙公子,zerifeisheng-zhaizhu/擇日飛昇_html963.html
第九百零二章：混沌海裂痕源頭,zerifeisheng-zhaizhu/擇日飛昇_html964.html
第九百零三章：混沌主現身,zerifeisheng-zhaizhu/擇日飛昇_html965.html
第九百零四章：大虛空來客,zerifeisheng-zhaizhu/擇日飛昇_html966.html
第九百零五章：道號：泰皇,zerifeisheng-zhaizhu/擇日飛昇_html967.html
第九百零六章：混沌主傳承,zerifeisheng-zhaizhu/擇日飛昇_html968.html
第九百零七章：天尊復生,zerifeisheng-zhaizhu/擇日飛昇_html969.html
第九百零八章：道盟主,zerifeisheng-zhaizhu/擇日飛昇_html970.html
第九百零九章：朝聞道,zerifeisheng-zhaizhu/擇日飛昇_html971.html
第九百一十章：道盟宗旨,zerifeisheng-zhaizhu/擇日飛昇_html972.html
第九百一十一章：反出道盟,zerifeisheng-zhaizhu/擇日飛昇_html973.html
第九百一十二章：我已得道,zerifeisheng-zhaizhu/擇日飛昇_html974.html
第九百一十三章：九道輪迴，驚天一斬,zerifeisheng-zhaizhu/擇日飛昇_html975.html
第九百一十四章：刀斷大道盡頭,zerifeisheng-zhaizhu/擇日飛昇_html976.html
第九百一十五章：人道,zerifeisheng-zhaizhu/擇日飛昇_html977.html
第九百一十六章： 人生的混沌海,zerifeisheng-zhaizhu/擇日飛昇_html978.html
第九百一十七章：陌路,zerifeisheng-zhaizhu/擇日飛昇_html979.html
第九百一十八章：玉虛天尊,zerifeisheng-zhaizhu/擇日飛昇_html980.html
第九百一十九章：混沌海之主,zerifeisheng-zhaizhu/擇日飛昇_html981.html
第九百二十章：義盟故人,zerifeisheng-zhaizhu/擇日飛昇_html982.html
第九百二十一章：道兄,zerifeisheng-zhaizhu/擇日飛昇_html983.html
第九百二十二章：天尊,zerifeisheng-zhaizhu/擇日飛昇_html984.html
第九百二十三章：元始道指,zerifeisheng-zhaizhu/擇日飛昇_html985.html
第九百二十四章：中庭界墟,zerifeisheng-zhaizhu/擇日飛昇_html986.html
第九百二十五章：開天一擊,zerifeisheng-zhaizhu/擇日飛昇_html987.html
第九百二十六章：帝宸之死,zerifeisheng-zhaizhu/擇日飛昇_html988.html
第九百二十七章：混沌海不需要公道,zerifeisheng-zhaizhu/擇日飛昇_html989.html
第九百二十八章：犧牲又如何,zerifeisheng-zhaizhu/擇日飛昇_html990.html
第九百二十九章：愚弄混沌海,zerifeisheng-zhaizhu/擇日飛昇_html991.html
第九百三十章：刀尖所指，見寂滅真實,zerifeisheng-zhaizhu/擇日飛昇_html992.html
第九百三十一章：道是無情卻有情,zerifeisheng-zhaizhu/擇日飛昇_html993.html
第九百三十二章：混沌了因果,zerifeisheng-zhaizhu/擇日飛昇_html994.html
第九百三十三章：信守承諾,zerifeisheng-zhaizhu/擇日飛昇_html995.html
第九百三十四章：你我皆偶然,zerifeisheng-zhaizhu/擇日飛昇_html996.html
第九百三十五章：打了個樣,zerifeisheng-zhaizhu/擇日飛昇_html997.html
第九百三十六章：混沌海第一靈根,zerifeisheng-zhaizhu/擇日飛昇_html998.html
第九百三十七章：你們都得死,zerifeisheng-zhaizhu/擇日飛昇_html999.html
第九百三十八章：滅門之戰,zerifeisheng-zhaizhu/擇日飛昇_html1000.html
第九百三十九章：目聚雙光剪道盟,zerifeisheng-zhaizhu/擇日飛昇_html1001.html
第九百四十章：混沌非道,zerifeisheng-zhaizhu/擇日飛昇_html1002.html
第九百四十一章：人劫,zerifeisheng-zhaizhu/擇日飛昇_html1003.html
第九百四十二章：生性多疑,zerifeisheng-zhaizhu/擇日飛昇_html1004.html
第九百四十三章：誅殺義盟主,zerifeisheng-zhaizhu/擇日飛昇_html1005.html
第九百四十四章：暗算元始,zerifeisheng-zhaizhu/擇日飛昇_html1006.html
第九百四十五章：元始劫數,zerifeisheng-zhaizhu/擇日飛昇_html1007.html
第九百四十六章：海中種靈根,zerifeisheng-zhaizhu/擇日飛昇_html1008.html
第九百四十七章：元始截殺,zerifeisheng-zhaizhu/擇日飛昇_html1009.html
第九百四十八章：道力一統,zerifeisheng-zhaizhu/擇日飛昇_html1010.html
第九百四十九章：最強至寶,zerifeisheng-zhaizhu/擇日飛昇_html1011.html
第九百五十章：元始人劫,zerifeisheng-zhaizhu/擇日飛昇_html1012.html
第九百五十一章：道皇,zerifeisheng-zhaizhu/擇日飛昇_html1013.html
第九百五十二章：毫不受力，無懈可擊,zerifeisheng-zhaizhu/擇日飛昇_html1014.html
第九百五十三章：同流合污,zerifeisheng-zhaizhu/擇日飛昇_html1015.html
第九百五十四章：同盟,zerifeisheng-zhaizhu/擇日飛昇_html1016.html
第九百五十五章：有何以教我?,zerifeisheng-zhaizhu/擇日飛昇_html1017.html
第九百五十六章：大道寶匣,zerifeisheng-zhaizhu/擇日飛昇_html1018.html
第九百五十七章：施德上人,zerifeisheng-zhaizhu/擇日飛昇_html1019.html
第九百五十八章：神秘聖祖,zerifeisheng-zhaizhu/擇日飛昇_html1020.html
第九百五十九章：許應，一點也不硬,zerifeisheng-zhaizhu/擇日飛昇_html1021.html
第九百六十章：大虛空，一片紫色的海,zerifeisheng-zhaizhu/擇日飛昇_html1022.html
第九百六十一章：鴻蒙道海，吾道大成,zerifeisheng-zhaizhu/擇日飛昇_html1023.html
第九百六十二章：寶匣之威,zerifeisheng-zhaizhu/擇日飛昇_html1024.html
第九百六十三章：決裂,zerifeisheng-zhaizhu/擇日飛昇_html1025.html
第九百六十四章：道不同,zerifeisheng-zhaizhu/擇日飛昇_html1026.html
第九百六十五章：後天道海,zerifeisheng-zhaizhu/擇日飛昇_html1027.html
第九百六十六章：象帝論道篇,zerifeisheng-zhaizhu/擇日飛昇_html1028.html
第九百六十七章：長孫聖海與通天道人,zerifeisheng-zhaizhu/擇日飛昇_html1029.html
第九百六十八章：混沌道場,zerifeisheng-zhaizhu/擇日飛昇_html1030.html
第九百六十九章：決戰玄元,zerifeisheng-zhaizhu/擇日飛昇_html1031.html
第九百七十章：師徒之戰,zerifeisheng-zhaizhu/擇日飛昇_html1032.html
第九百七十一章：證道原始,zerifeisheng-zhaizhu/擇日飛昇_html1033.html
第九百七十二章：沒有例外,zerifeisheng-zhaizhu/擇日飛昇_html1034.html
第九百七十三章：橫推墳場,zerifeisheng-zhaizhu/擇日飛昇_html1035.html
第九百七十四章：營救聖祖，幕後黑手,zerifeisheng-zhaizhu/擇日飛昇_html1036.html
第九百七十五章：聖祖的收藏,zerifeisheng-zhaizhu/擇日飛昇_html1037.html
第九百七十六章：後天道妙，幻化無極,zerifeisheng-zhaizhu/擇日飛昇_html1038.html
第九百七十七章：償還因果,zerifeisheng-zhaizhu/擇日飛昇_html1039.html
第九百七十八章：墳場覆滅,zerifeisheng-zhaizhu/擇日飛昇_html1040.html
第九百七十九章：道海回波,zerifeisheng-zhaizhu/擇日飛昇_html1041.html
第九百八十章：見大道真實，唯死以報之,zerifeisheng-zhaizhu/擇日飛昇_html1042.html
第九百八十一章：所謂原始,zerifeisheng-zhaizhu/擇日飛昇_html1043.html
第九百八十二章：見大道真實,zerifeisheng-zhaizhu/擇日飛昇_html1044.html
第九百八十三章：似故人歸來（終章）,zerifeisheng-zhaizhu/擇日飛昇_html1045.html
完本感言：擇日飛昇,zerifeisheng-zhaizhu/擇日飛昇_html1046.html
