第1章 狐女,凡人修仙之仙界篇_html1.html
第2章 石頭哥哥,凡人修仙之仙界篇_html2.html
第3章 遠去,凡人修仙之仙界篇_html3.html
第4章 相依,凡人修仙之仙界篇_html4.html
第5章 馬獸,凡人修仙之仙界篇_html5.html
第6章 白袍少年,凡人修仙之仙界篇_html6.html
第7章 餘府,凡人修仙之仙界篇_html7.html
第8章 白石真人,凡人修仙之仙界篇_html8.html
第9章 法陣,凡人修仙之仙界篇_html9.html
第10章 危機,凡人修仙之仙界篇_html10.html
第11章 甦醒,凡人修仙之仙界篇_html11.html
第12章 我是韓立,凡人修仙之仙界篇_html12.html
第13章 魔光,凡人修仙之仙界篇_html13.html
第14章 遭變,凡人修仙之仙界篇_html14.html
第15章 令牌,凡人修仙之仙界篇_html15.html
第16章 絕望,凡人修仙之仙界篇_html16.html
第17章 滅二修,凡人修仙之仙界篇_html17.html
第18章 請求,凡人修仙之仙界篇_html18.html
第19章 化神侄孫,凡人修仙之仙界篇_html19.html
第20章 邀請,凡人修仙之仙界篇_html20.html
第21章 元嬰異變,凡人修仙之仙界篇_html21.html
第22章 風雲雙煞,凡人修仙之仙界篇_html22.html
第23章 爭鬥,凡人修仙之仙界篇_html23.html
第24章 碾壓,凡人修仙之仙界篇_html24.html
第25章 陸崖,凡人修仙之仙界篇_html25.html
第26章 敵蹤再現,凡人修仙之仙界篇_html26.html
第27章 擔五嶽，壓五鬼,凡人修仙之仙界篇_html27.html
第28章 驚動,凡人修仙之仙界篇_html28.html
第29章 靈焰山脈,凡人修仙之仙界篇_html29.html
第30章 舉田,凡人修仙之仙界篇_html30.html
第31章 通易谷,凡人修仙之仙界篇_html31.html
第32章 逆丹訣,凡人修仙之仙界篇_html32.html
第33章 先天紫氣,凡人修仙之仙界篇_html33.html
第34章 失竊,凡人修仙之仙界篇_html34.html
第35章 瞞天過海,凡人修仙之仙界篇_html35.html
第36章 偷樑換柱,凡人修仙之仙界篇_html36.html
第37章 脫身,凡人修仙之仙界篇_html37.html
第38章 柳暗花明,凡人修仙之仙界篇_html38.html
第39章 傳諭,凡人修仙之仙界篇_html39.html
第40章 不了了之,凡人修仙之仙界篇_html40.html
第41章 小瓶掌天,凡人修仙之仙界篇_html41.html
第42章 失而復得,凡人修仙之仙界篇_html42.html
第43章 大仇得報,凡人修仙之仙界篇_html43.html
第44章 隔元法鏈,凡人修仙之仙界篇_html44.html
第45章 這不可能,凡人修仙之仙界篇_html45.html
第46章 兩個辦法,凡人修仙之仙界篇_html46.html
第47章 試探,凡人修仙之仙界篇_html47.html
第48章 劫持,凡人修仙之仙界篇_html48.html
第49章 要挾,凡人修仙之仙界篇_html49.html
第50章 破塔而出,凡人修仙之仙界篇_html50.html
第51章 小挪移空間術,凡人修仙之仙界篇_html51.html
第52章 該我了,凡人修仙之仙界篇_html52.html
第53章 魔焰焚身,凡人修仙之仙界篇_html53.html
第54章 吞吐魔焰,凡人修仙之仙界篇_html54.html
第55章 交代,凡人修仙之仙界篇_html55.html
第56章 天鬼出世,凡人修仙之仙界篇_html56.html
第57章 驚蟄變,凡人修仙之仙界篇_html57.html
第58章 卻之不恭,凡人修仙之仙界篇_html58.html
第59章 借星臺,凡人修仙之仙界篇_html59.html
第60章 通緝,凡人修仙之仙界篇_html60.html
第61章 暗流,凡人修仙之仙界篇_html61.html
第62章 反常,凡人修仙之仙界篇_html62.html
第63章 撒豆成兵,凡人修仙之仙界篇_html63.html
第64章 同時出手,凡人修仙之仙界篇_html64.html
第65章 玄黃之索,凡人修仙之仙界篇_html65.html
第66章 靈嬰劍符,凡人修仙之仙界篇_html66.html
第67章 百目天鬼,凡人修仙之仙界篇_html67.html
第68章 追殺,凡人修仙之仙界篇_html68.html
第69章 銀月之變,凡人修仙之仙界篇_html69.html
第70章 天外飛豆,凡人修仙之仙界篇_html70.html
第71章 涅槃聖體,凡人修仙之仙界篇_html71.html
第72章 收服大乘,凡人修仙之仙界篇_html72.html
第73章 滅門,凡人修仙之仙界篇_html73.html
第74章 出事了,凡人修仙之仙界篇_html74.html
第75章 打聽,凡人修仙之仙界篇_html75.html
第76章 傳奇,凡人修仙之仙界篇_html76.html
第77章 兩件異寶,凡人修仙之仙界篇_html77.html
第78章 北斗異象,凡人修仙之仙界篇_html78.html
第79章 破碎虛空,凡人修仙之仙界篇_html79.html
第80章 諸位道友，節日快樂！,凡人修仙之仙界篇_html80.html
第81章 神秘氣泡(元丹快樂）,凡人修仙之仙界篇_html81.html
第82章 獨目巨人與半人馬,凡人修仙之仙界篇_html82.html
第83章 交鋒,凡人修仙之仙界篇_html83.html
第84章 急中生智,凡人修仙之仙界篇_html84.html
第85章 雕像,凡人修仙之仙界篇_html85.html
第86章 祖神,凡人修仙之仙界篇_html86.html
第87章 退敵,凡人修仙之仙界篇_html87.html
第88章 地仙,凡人修仙之仙界篇_html88.html
第89章 地祇化身,凡人修仙之仙界篇_html89.html
第90章 仙器,凡人修仙之仙界篇_html90.html
第91章 尋覓,凡人修仙之仙界篇_html91.html
第92章 嘗試,凡人修仙之仙界篇_html92.html
第93章 第九條鎖鏈,凡人修仙之仙界篇_html93.html
第94章 前提條件,凡人修仙之仙界篇_html94.html
第95章 祖神遺言,凡人修仙之仙界篇_html95.html
第96章 小瓶失靈,凡人修仙之仙界篇_html96.html
第97章 綠液再現,凡人修仙之仙界篇_html97.html
第98章 三名祖神,凡人修仙之仙界篇_html98.html
第99章 被困,凡人修仙之仙界篇_html99.html
第100章 承認身份,凡人修仙之仙界篇_html100.html
第101章 牛頭面具,凡人修仙之仙界篇_html101.html
第102章 無常盟,凡人修仙之仙界篇_html102.html
第103章 遲到,凡人修仙之仙界篇_html103.html
第104章 紅月島主,凡人修仙之仙界篇_html104.html
第105章 朝聖,凡人修仙之仙界篇_html105.html
第106章 接頭,凡人修仙之仙界篇_html106.html
第107章 血色空間,凡人修仙之仙界篇_html107.html
第108章 脫困,凡人修仙之仙界篇_html108.html
第109章 詭異,凡人修仙之仙界篇_html109.html
第110章 初探紅月城,凡人修仙之仙界篇_html110.html
第111章 線索（明天開始正式上架）,凡人修仙之仙界篇_html111.html
第112章 上架感言,凡人修仙之仙界篇_html112.html
第113章 天選,凡人修仙之仙界篇_html113.html
第114章 端倪（求月票推薦票）,凡人修仙之仙界篇_html114.html
第115章 算計,凡人修仙之仙界篇_html115.html
第116章 以命換命,凡人修仙之仙界篇_html116.html
第117章 再戰仇五,凡人修仙之仙界篇_html117.html
第118章 驚退二仙,凡人修仙之仙界篇_html118.html
第119章 再陷困境,凡人修仙之仙界篇_html119.html
第120章 誘餌（繼續求月票）,凡人修仙之仙界篇_html120.html
第121章 紅月,凡人修仙之仙界篇_html121.html
第122章 鏖戰島主,凡人修仙之仙界篇_html122.html
第123章 舉薦,凡人修仙之仙界篇_html123.html
第124章 試煉,凡人修仙之仙界篇_html124.html
第125章 黑海重水經,凡人修仙之仙界篇_html125.html
第126章 土孫果和凝海晶,凡人修仙之仙界篇_html126.html
第127章 凝練化身,凡人修仙之仙界篇_html127.html
第128章 脅迫,凡人修仙之仙界篇_html128.html
第129章 出乎意料,凡人修仙之仙界篇_html129.html
第130章 破鏈（上）,凡人修仙之仙界篇_html130.html
第131章 破鏈（下）,凡人修仙之仙界篇_html131.html
第132章 似曾相識（求票票）,凡人修仙之仙界篇_html132.html
第133章 靈液化晶,凡人修仙之仙界篇_html133.html
第134章 重水,凡人修仙之仙界篇_html134.html
第135章 三大至尊法則,凡人修仙之仙界篇_html135.html
第136章 逆天靈物,凡人修仙之仙界篇_html136.html
第137章 本命八靈缸,凡人修仙之仙界篇_html137.html
第138章 安排,凡人修仙之仙界篇_html138.html
第139章 黑風城,凡人修仙之仙界篇_html139.html
第140章 仙元石和地丹師,凡人修仙之仙界篇_html140.html
第141章 仙界丹師,凡人修仙之仙界篇_html141.html
第142章 道丹,凡人修仙之仙界篇_html142.html
新年快樂！,凡人修仙之仙界篇_html143.html
第143章 煉丹比試（新年快樂）,凡人修仙之仙界篇_html144.html
第144章 不可兼得,凡人修仙之仙界篇_html145.html
第145章 尋人,凡人修仙之仙界篇_html146.html
第146章 失蹤的島主之女,凡人修仙之仙界篇_html147.html
第147章 尋跡追蹤,凡人修仙之仙界篇_html148.html
凡人十年感言！！！,凡人修仙之仙界篇_html149.html
第148章 青羽島二修,凡人修仙之仙界篇_html150.html
第149章 奪功,凡人修仙之仙界篇_html151.html
第150章 鬥三煞(凡人十週年求月票）,凡人修仙之仙界篇_html152.html
第151章 大拍賣會,凡人修仙之仙界篇_html153.html
第152章 競價,凡人修仙之仙界篇_html154.html
第153章 重水雷珠,凡人修仙之仙界篇_html155.html
第154章 初見道丹,凡人修仙之仙界篇_html156.html
第155章 參悟雷珠,凡人修仙之仙界篇_html157.html
第156章 燭龍道,凡人修仙之仙界篇_html158.html
第157章 離去,凡人修仙之仙界篇_html159.html
第158章 叵測仙途,凡人修仙之仙界篇_html160.html
第159章 仙棧,凡人修仙之仙界篇_html161.html
第160章 啓程,凡人修仙之仙界篇_html162.html
第161章 一路往東,凡人修仙之仙界篇_html163.html
第162章 甘九真,凡人修仙之仙界篇_html164.html
月底求月票啦！！！,凡人修仙之仙界篇_html165.html
第163章 困鬥,凡人修仙之仙界篇_html166.html
第164章 贈符,凡人修仙之仙界篇_html167.html
第165章 獸潮之殃(最後一天了，求月票）,凡人修仙之仙界篇_html168.html
第166章 隱藏的強者,凡人修仙之仙界篇_html169.html
十年蹉跎凡人夢，一朝成就衆友心,凡人修仙之仙界篇_html170.html
第167章 似曾相識,凡人修仙之仙界篇_html171.html
第168章 速之法則,凡人修仙之仙界篇_html172.html
第169章 封嬰之仇,凡人修仙之仙界篇_html173.html
第170章 追逃,凡人修仙之仙界篇_html174.html
第171章 反擊,凡人修仙之仙界篇_html175.html
第172章 遷怒,凡人修仙之仙界篇_html176.html
第173章 被逼無奈,凡人修仙之仙界篇_html177.html
第174章 做個了結,凡人修仙之仙界篇_html178.html
第175章 似真似幻,凡人修仙之仙界篇_html179.html
第176章 背後主使？,凡人修仙之仙界篇_html180.html
第177章 跨海雷舟,凡人修仙之仙界篇_html181.html
第178章 雷暴,凡人修仙之仙界篇_html182.html
第179章 深海巨蚌,凡人修仙之仙界篇_html183.html
第180章 蚌口取珠,凡人修仙之仙界篇_html184.html
第181章 踏足新大陸,凡人修仙之仙界篇_html185.html
第182章 感應,凡人修仙之仙界篇_html186.html
第183章 天魔奪舍,凡人修仙之仙界篇_html187.html
第184章 祭天,凡人修仙之仙界篇_html188.html
第185章 太峨誅魔,凡人修仙之仙界篇_html189.html
第186章 一個請求,凡人修仙之仙界篇_html190.html
第187章 初入燭龍,凡人修仙之仙界篇_html191.html
第188章 打算,凡人修仙之仙界篇_html192.html
第189章 資質低下,凡人修仙之仙界篇_html193.html
第190章 金仙收徒,凡人修仙之仙界篇_html194.html
第191章 洞府與守山獸,凡人修仙之仙界篇_html195.html
第192章 無相真輪經,凡人修仙之仙界篇_html196.html
第193章 真仙僕從,凡人修仙之仙界篇_html197.html
第194章 選僕,凡人修仙之仙界篇_html198.html
第195章 守山靈獸,凡人修仙之仙界篇_html199.html
第196章 氣息再現,凡人修仙之仙界篇_html200.html
第197章 火脈現蹤,凡人修仙之仙界篇_html201.html
第198章 佈置,凡人修仙之仙界篇_html202.html
第199章 真言化輪經,凡人修仙之仙界篇_html203.html
第200章 狗屎運,凡人修仙之仙界篇_html204.html
第201章 北斗天星盤,凡人修仙之仙界篇_html205.html
第202章 寶輪初成,凡人修仙之仙界篇_html206.html
第203章 出現異常,凡人修仙之仙界篇_html207.html
第204章 重水真輪,凡人修仙之仙界篇_html208.html
第205章 初入太玄殿,凡人修仙之仙界篇_html209.html
第206章 派系之爭,凡人修仙之仙界篇_html210.html
第207章 逆元石劍,凡人修仙之仙界篇_html211.html
第208章 把握分寸,凡人修仙之仙界篇_html212.html
第209章 第四柄石劍,凡人修仙之仙界篇_html213.html
第210章 天劍冢,凡人修仙之仙界篇_html214.html
第211章 千鋒聚靈,凡人修仙之仙界篇_html215.html
第212章 羣劍亂舞,凡人修仙之仙界篇_html216.html
第213章 逆轉,凡人修仙之仙界篇_html217.html
第214章 破空,凡人修仙之仙界篇_html218.html
第215章 回來了,凡人修仙之仙界篇_html219.html
第216章 六道,凡人修仙之仙界篇_html220.html
第217章 羣猴拜仙,凡人修仙之仙界篇_html221.html
第218章 鐘鳴聲起,凡人修仙之仙界篇_html222.html
第219章 邋遢老頭,凡人修仙之仙界篇_html223.html
第220章 一個巧合,凡人修仙之仙界篇_html224.html
第221章 小試鋒芒,凡人修仙之仙界篇_html225.html
第222章 順道爲之,凡人修仙之仙界篇_html226.html
第223章 醍醐論道,凡人修仙之仙界篇_html227.html
第224章 酒逢知己,凡人修仙之仙界篇_html228.html
第225章 印記,凡人修仙之仙界篇_html229.html
第226章 移禍江東,凡人修仙之仙界篇_html230.html
第227章 又見孫克,凡人修仙之仙界篇_html231.html
第228章 仙俗,凡人修仙之仙界篇_html232.html
第229章 三路,凡人修仙之仙界篇_html233.html
第230章 差距,凡人修仙之仙界篇_html234.html
第231章 被困,凡人修仙之仙界篇_html235.html
第232章 話多,凡人修仙之仙界篇_html236.html
第233章 重水之威,凡人修仙之仙界篇_html237.html
第234章 釋疑,凡人修仙之仙界篇_html238.html
第235章 植豆兵,凡人修仙之仙界篇_html239.html
第236章 猴兒酒,凡人修仙之仙界篇_html240.html
第237章 猴王獻寶,凡人修仙之仙界篇_html241.html
凡人第九屆書評賽“夢想不死”杯正式開賽,凡人修仙之仙界篇_html242.html
第238章 初涉仙丹,凡人修仙之仙界篇_html243.html
第239章 法則煉丹,凡人修仙之仙界篇_html244.html
第240章 囊中羞澀,凡人修仙之仙界篇_html245.html
第241章 狂人,凡人修仙之仙界篇_html246.html
第242章 金仙議事,凡人修仙之仙界篇_html247.html
第243章 麟九傳訊,凡人修仙之仙界篇_html248.html
第244章 熔金煉劍,凡人修仙之仙界篇_html249.html
第245章 極寒,凡人修仙之仙界篇_html250.html
第246章 判斷,凡人修仙之仙界篇_html251.html
第247章 入谷,凡人修仙之仙界篇_html252.html
第248章 燃嬰血丹,凡人修仙之仙界篇_html253.html
第249章 避其鋒芒,凡人修仙之仙界篇_html254.html
第250章 臨死一擊,凡人修仙之仙界篇_html255.html
第251章 招惹仙宮,凡人修仙之仙界篇_html256.html
第252章 身陷絕境,凡人修仙之仙界篇_html257.html
第253章 拖延,凡人修仙之仙界篇_html258.html
第254章 金仙的威脅,凡人修仙之仙界篇_html259.html
第255章 惹麻煩,凡人修仙之仙界篇_html260.html
第256章 爭爐,凡人修仙之仙界篇_html261.html
第257章 避風頭,凡人修仙之仙界篇_html262.html
第258章 閒事,凡人修仙之仙界篇_html263.html
第259章 還人情,凡人修仙之仙界篇_html264.html
第260章 啓盒,凡人修仙之仙界篇_html265.html
第261章 忙碌,凡人修仙之仙界篇_html266.html
第262章 煉劍,凡人修仙之仙界篇_html267.html
第263章 浮山異變,凡人修仙之仙界篇_html268.html
第264章 出關,凡人修仙之仙界篇_html269.html
第265章 試驗真輪,凡人修仙之仙界篇_html270.html
第266章 託付身後事,凡人修仙之仙界篇_html271.html
第267章 極限嘗試,凡人修仙之仙界篇_html272.html
第268章 五千獎勵,凡人修仙之仙界篇_html273.html
第269章 白雀,凡人修仙之仙界篇_html274.html
第270章 念羽,凡人修仙之仙界篇_html275.html
第271章 真實之眼,凡人修仙之仙界篇_html276.html
第272章 時空補缺,凡人修仙之仙界篇_html277.html
第273章 真眼之實,凡人修仙之仙界篇_html278.html
第274章 逆轉真輪,凡人修仙之仙界篇_html279.html
第275章 驚詫,凡人修仙之仙界篇_html280.html
第276章 大耳僧講道,凡人修仙之仙界篇_html281.html
第277章 偷道的代價,凡人修仙之仙界篇_html282.html
第278章 閉關百年,凡人修仙之仙界篇_html283.html
第279章 法言天地,凡人修仙之仙界篇_html284.html
第280章 回溯,凡人修仙之仙界篇_html285.html
第281章 母豆發芽,凡人修仙之仙界篇_html286.html
第282章 豆兵異變,凡人修仙之仙界篇_html287.html
第283章 聖傀門,凡人修仙之仙界篇_html288.html
第284章 駐守三年,凡人修仙之仙界篇_html289.html
第285章 白家老祖,凡人修仙之仙界篇_html290.html
第286章 另一暗勢力,凡人修仙之仙界篇_html291.html
第287章 破陣進擊,凡人修仙之仙界篇_html292.html
第288章 一觸即發,凡人修仙之仙界篇_html293.html
第289章 二對三,凡人修仙之仙界篇_html294.html
第290章 援手,凡人修仙之仙界篇_html295.html
第291章 談崩,凡人修仙之仙界篇_html296.html
第292章 靜觀其變,凡人修仙之仙界篇_html297.html
第293章 馳援,凡人修仙之仙界篇_html298.html
第294章 救援,凡人修仙之仙界篇_html299.html
第295章 解惑,凡人修仙之仙界篇_html300.html
第296章 禁地與金仙傀儡,凡人修仙之仙界篇_html301.html
第297章 大周天星元功,凡人修仙之仙界篇_html302.html
第298章 刀劍相逢,凡人修仙之仙界篇_html303.html
第299章 冤家路窄,凡人修仙之仙界篇_html304.html
第300章 頹勢,凡人修仙之仙界篇_html305.html
第301章 動一下試試？,凡人修仙之仙界篇_html306.html
第302章 不詳,凡人修仙之仙界篇_html307.html
第303章 煞,凡人修仙之仙界篇_html308.html
第304章 針鋒相對,凡人修仙之仙界篇_html309.html
第305章 震驚,凡人修仙之仙界篇_html310.html
第306章 靈煞晶絲,凡人修仙之仙界篇_html311.html
第307章 手段盡出,凡人修仙之仙界篇_html312.html
第308章 不要也罷,凡人修仙之仙界篇_html313.html
第309章 仙傀儡,凡人修仙之仙界篇_html314.html
第310章 改造,凡人修仙之仙界篇_html315.html
第311章 進階後期,凡人修仙之仙界篇_html316.html
第312章 兩株花,凡人修仙之仙界篇_html317.html
第313章 植豆入傫,凡人修仙之仙界篇_html318.html
第314章 雷豆（六一快樂^^）,凡人修仙之仙界篇_html319.html
第315章 另闢蹊徑,凡人修仙之仙界篇_html320.html
第316章 融合,凡人修仙之仙界篇_html321.html
第317章 第一道主,凡人修仙之仙界篇_html322.html
第318章 祁良之邀,凡人修仙之仙界篇_html323.html
第319章 天蠍令,凡人修仙之仙界篇_html324.html
第320章 交換會,凡人修仙之仙界篇_html325.html
第321章 消息,凡人修仙之仙界篇_html326.html
第322章 地下拍賣會,凡人修仙之仙界篇_html327.html
第323章 共生紋,凡人修仙之仙界篇_html328.html
第324章 天價爭奪,凡人修仙之仙界篇_html329.html
第325章 識貨人,凡人修仙之仙界篇_html330.html
第326章 煉化,凡人修仙之仙界篇_html331.html
第327章 一息十塊,凡人修仙之仙界篇_html332.html
第328章 陸續到場,凡人修仙之仙界篇_html333.html
第329章 天人有五衰,凡人修仙之仙界篇_html334.html
第330章 矇在鼓裡,凡人修仙之仙界篇_html335.html
第331章 輪迴殿要犯（端午節快樂）,凡人修仙之仙界篇_html336.html
第332章 混亂,凡人修仙之仙界篇_html337.html
第333章 屠雞宰狗,凡人修仙之仙界篇_html338.html
第334章 地底異動,凡人修仙之仙界篇_html339.html
第335章 巨首,凡人修仙之仙界篇_html340.html
第336章 困龍之鬥,凡人修仙之仙界篇_html341.html
第337章 業火歸身,凡人修仙之仙界篇_html342.html
第338章 想起來了,凡人修仙之仙界篇_html343.html
第339章 極山再現,凡人修仙之仙界篇_html344.html
第340章 寶輪顯威,凡人修仙之仙界篇_html345.html
第341章 巨瞳,凡人修仙之仙界篇_html346.html
第342章 誘敵,凡人修仙之仙界篇_html347.html
第343章 煉嬰,凡人修仙之仙界篇_html348.html
第344章 離宗,凡人修仙之仙界篇_html349.html
第345章 打算,凡人修仙之仙界篇_html350.html
第346章 收穫,凡人修仙之仙界篇_html351.html
第347章 避風頭,凡人修仙之仙界篇_html352.html
第348章 懸賞追殺,凡人修仙之仙界篇_html353.html
第349章 名額,凡人修仙之仙界篇_html354.html
第350章 旁敲側擊,凡人修仙之仙界篇_html355.html
第351章 耐人尋味,凡人修仙之仙界篇_html356.html
第352章 封城,凡人修仙之仙界篇_html357.html
第353章 路遇紛爭,凡人修仙之仙界篇_html358.html
第354章 暴露身份,凡人修仙之仙界篇_html359.html
第355章 重返烏蒙,凡人修仙之仙界篇_html360.html
第356章 選址,凡人修仙之仙界篇_html361.html
第357章 封島,凡人修仙之仙界篇_html362.html
第358章 萬輪丹,凡人修仙之仙界篇_html363.html
第359章 最後一步,凡人修仙之仙界篇_html364.html
第360章 豚獸贈石,凡人修仙之仙界篇_html365.html
第361章 回覆,凡人修仙之仙界篇_html366.html
第362章 湊齊,凡人修仙之仙界篇_html367.html
第363章 丹劫,凡人修仙之仙界篇_html368.html
第364章 遷思迴慮,凡人修仙之仙界篇_html369.html
第365章 劫至,凡人修仙之仙界篇_html370.html
第366章 孤注一擲,凡人修仙之仙界篇_html371.html
第367章 暗流,凡人修仙之仙界篇_html372.html
第368章 提前發作,凡人修仙之仙界篇_html373.html
第369章 服丹,凡人修仙之仙界篇_html374.html
第370章 你醒了,凡人修仙之仙界篇_html375.html
第371章 師與徒,凡人修仙之仙界篇_html376.html
第372章 因果緣,凡人修仙之仙界篇_html377.html
第373章 虛實難辨,凡人修仙之仙界篇_html378.html
第374章 意外收穫,凡人修仙之仙界篇_html379.html
第375章 有消息了,凡人修仙之仙界篇_html380.html
第376章 交易,凡人修仙之仙界篇_html381.html
第377章 後半部,凡人修仙之仙界篇_html382.html
第378章 輪迴之子,凡人修仙之仙界篇_html383.html
第379章 釋疑,凡人修仙之仙界篇_html384.html
第380章 地榜,凡人修仙之仙界篇_html385.html
第381章 軟禁,凡人修仙之仙界篇_html386.html
第382章 隱患,凡人修仙之仙界篇_html387.html
第383章 各方勢力,凡人修仙之仙界篇_html388.html
第384章 替代方案,凡人修仙之仙界篇_html389.html
第385章 離去,凡人修仙之仙界篇_html390.html
第386章 異常,凡人修仙之仙界篇_html391.html
第387章 偶遇,凡人修仙之仙界篇_html392.html
第388章 警覺,凡人修仙之仙界篇_html393.html
第389章 亂局,凡人修仙之仙界篇_html394.html
第390章 深入驚風,凡人修仙之仙界篇_html395.html
第391章 霧影重重,凡人修仙之仙界篇_html396.html
第392章 鬼首,凡人修仙之仙界篇_html397.html
第393章 出手相助,凡人修仙之仙界篇_html398.html
第394章 仙府臨世,凡人修仙之仙界篇_html399.html
第395章 折返,凡人修仙之仙界篇_html400.html
第396章 暫別,凡人修仙之仙界篇_html401.html
第397章 重塑,凡人修仙之仙界篇_html402.html
第398章 準備,凡人修仙之仙界篇_html403.html
第399章 有備無患,凡人修仙之仙界篇_html404.html
第400章 臨近,凡人修仙之仙界篇_html405.html
第401章 另一個消息,凡人修仙之仙界篇_html406.html
第402章 集合,凡人修仙之仙界篇_html407.html
第403章 欲蓋彌彰,凡人修仙之仙界篇_html408.html
第404章 入口,凡人修仙之仙界篇_html409.html
第405章 封鎖,凡人修仙之仙界篇_html410.html
第406章 僵持,凡人修仙之仙界篇_html411.html
第407章 齊聚,凡人修仙之仙界篇_html412.html
第408章 請進,凡人修仙之仙界篇_html413.html
第409章 一個請求,凡人修仙之仙界篇_html414.html
第410章 入府,凡人修仙之仙界篇_html415.html
第411章 失散,凡人修仙之仙界篇_html416.html
第412章 雪獅,凡人修仙之仙界篇_html417.html
第413章 眼熟,凡人修仙之仙界篇_html418.html
第414章 跟隨,凡人修仙之仙界篇_html419.html
第415章 傳言,凡人修仙之仙界篇_html420.html
第416章 暴露,凡人修仙之仙界篇_html421.html
第417章 一言不合,凡人修仙之仙界篇_html422.html
第418章 聯手,凡人修仙之仙界篇_html423.html
第419章 追兵,凡人修仙之仙界篇_html424.html
第420章 攀峰,凡人修仙之仙界篇_html425.html
第421章 禁鬥,凡人修仙之仙界篇_html426.html
第422章 登頂,凡人修仙之仙界篇_html427.html
第423章 大千世界,凡人修仙之仙界篇_html428.html
第424章 故技重施,凡人修仙之仙界篇_html429.html
第425章 誘餌,凡人修仙之仙界篇_html430.html
第426章 攜手一擊,凡人修仙之仙界篇_html431.html
第427章 覓寶,凡人修仙之仙界篇_html432.html
第428章 壁畫,凡人修仙之仙界篇_html433.html
第429章 藥園,凡人修仙之仙界篇_html434.html
第430章 斷樹,凡人修仙之仙界篇_html435.html
第431章 枯藤,凡人修仙之仙界篇_html436.html
第432章 追兵,凡人修仙之仙界篇_html437.html
第433章 別有洞天,凡人修仙之仙界篇_html438.html
第434章 穿界碑,凡人修仙之仙界篇_html439.html
第435章 失落的劍宗,凡人修仙之仙界篇_html440.html
第436章 解劍,凡人修仙之仙界篇_html441.html
第437章 劍海,凡人修仙之仙界篇_html442.html
第438章 迷離,凡人修仙之仙界篇_html443.html
第439章 舊怨,凡人修仙之仙界篇_html444.html
第440章 劍鬥,凡人修仙之仙界篇_html445.html
第441章 極限,凡人修仙之仙界篇_html446.html
第442章 煉劍,凡人修仙之仙界篇_html447.html
第443章 一劍蕩天穹,凡人修仙之仙界篇_html448.html
第444章 崩塌,凡人修仙之仙界篇_html449.html
第445章 千鈞一髮,凡人修仙之仙界篇_html450.html
第446章 空空如也,凡人修仙之仙界篇_html451.html
第447章 無盡沙海,凡人修仙之仙界篇_html452.html
第448章 生死大劫,凡人修仙之仙界篇_html453.html
第449章 先天靈葫,凡人修仙之仙界篇_html454.html
第450章 風起雲涌,凡人修仙之仙界篇_html455.html
第451章 蜃影重重,凡人修仙之仙界篇_html456.html
第452章 晚了一步,凡人修仙之仙界篇_html457.html
第453章 宮殿,凡人修仙之仙界篇_html458.html
第454章 禁錮,凡人修仙之仙界篇_html459.html
第455章 倒戈,凡人修仙之仙界篇_html460.html
第456章 相助,凡人修仙之仙界篇_html461.html
第457章 女童,凡人修仙之仙界篇_html462.html
第458章 小城,凡人修仙之仙界篇_html463.html
第459章 顧慮,凡人修仙之仙界篇_html464.html
第460章 五百年,凡人修仙之仙界篇_html465.html
第461章 第三衰,凡人修仙之仙界篇_html466.html
第462章 雷池洗嬰,凡人修仙之仙界篇_html467.html
第463章 法則之奧（諸位道友，中秋快樂！）,凡人修仙之仙界篇_html468.html
第464章 震撼,凡人修仙之仙界篇_html469.html
第465章 另有乾坤,凡人修仙之仙界篇_html470.html
第466章 天縱之才,凡人修仙之仙界篇_html471.html
第467章 核心,凡人修仙之仙界篇_html472.html
第468章 偏門,凡人修仙之仙界篇_html473.html
第469章 凝煞破境,凡人修仙之仙界篇_html474.html
第470章 靈域,凡人修仙之仙界篇_html475.html
第471章 剎那光陰,凡人修仙之仙界篇_html476.html
第472章 出手,凡人修仙之仙界篇_html477.html
第473章 域鬥,凡人修仙之仙界篇_html478.html
第474章 斬靈,凡人修仙之仙界篇_html479.html
第475章 清點,凡人修仙之仙界篇_html480.html
第476章 這是我的！,凡人修仙之仙界篇_html481.html
第477章 找死,凡人修仙之仙界篇_html482.html
第478章 暗流,凡人修仙之仙界篇_html483.html
第479章 異象,凡人修仙之仙界篇_html484.html
第480章 殿口,凡人修仙之仙界篇_html485.html
第481章 偷窺,凡人修仙之仙界篇_html486.html
第482章 猝不及防,凡人修仙之仙界篇_html487.html
第483章 一出好戲,凡人修仙之仙界篇_html488.html
第484章 看下去,凡人修仙之仙界篇_html489.html
第485章 域靈,凡人修仙之仙界篇_html490.html
第486章 攜手御靈,凡人修仙之仙界篇_html491.html
第487章 出人意料,凡人修仙之仙界篇_html492.html
第488章 嗜金仙,凡人修仙之仙界篇_html493.html
第489章 金雲丹劫,凡人修仙之仙界篇_html494.html
第490章 仙使,凡人修仙之仙界篇_html495.html
第491章 門後的世界,凡人修仙之仙界篇_html496.html
第492章 我信,凡人修仙之仙界篇_html497.html
第493章 別有洞天,凡人修仙之仙界篇_html498.html
第494章 隱瞞,凡人修仙之仙界篇_html499.html
第495章 截丹,凡人修仙之仙界篇_html500.html
第496章 滅殺,凡人修仙之仙界篇_html501.html
第497章 出手,凡人修仙之仙界篇_html502.html
第498章 紛爭,凡人修仙之仙界篇_html503.html
第499章 潛入,凡人修仙之仙界篇_html504.html
第500章 奪丹,凡人修仙之仙界篇_html505.html
第501章 對峙,凡人修仙之仙界篇_html506.html
第502章 混戰,凡人修仙之仙界篇_html507.html
第503章 歸魂,凡人修仙之仙界篇_html508.html
第504章 趕到,凡人修仙之仙界篇_html509.html
第505章 遲了,凡人修仙之仙界篇_html510.html
第506章 協力,凡人修仙之仙界篇_html511.html
第507章 氣影,凡人修仙之仙界篇_html512.html
第508章 何苦,凡人修仙之仙界篇_html513.html
第509章 想殺誰？,凡人修仙之仙界篇_html514.html
第510章 良機,凡人修仙之仙界篇_html515.html
第511章 急攻,凡人修仙之仙界篇_html516.html
第512章 斬太乙,凡人修仙之仙界篇_html517.html
第513章 沒想到,凡人修仙之仙界篇_html518.html
第514章 別離,凡人修仙之仙界篇_html519.html
第515章 收穫（開新捲了哦）,凡人修仙之仙界篇_html520.html
第516章 重函秘寶,凡人修仙之仙界篇_html521.html
第517章 暴富,凡人修仙之仙界篇_html522.html
第518章 只進不出,凡人修仙之仙界篇_html523.html
第519章 印證,凡人修仙之仙界篇_html524.html
第520章 星河劍陣,凡人修仙之仙界篇_html525.html
第521章 安排,凡人修仙之仙界篇_html526.html
第522章 渾水摸魚,凡人修仙之仙界篇_html527.html
第523章 尾隨,凡人修仙之仙界篇_html528.html
第524章 喜相逢,凡人修仙之仙界篇_html529.html
第525章 慰風塵,凡人修仙之仙界篇_html530.html
第526章 凡塵往事,凡人修仙之仙界篇_html531.html
第527章 無底洞,凡人修仙之仙界篇_html532.html
第528章 復仇,凡人修仙之仙界篇_html533.html
第529章 失蹤了？,凡人修仙之仙界篇_html534.html
第530章 出來見我,凡人修仙之仙界篇_html535.html
第531章 上門,凡人修仙之仙界篇_html536.html
凡人仙界篇一年感言！！！,凡人修仙之仙界篇_html537.html
第532章 交換條件,凡人修仙之仙界篇_html538.html
第533章 功法,凡人修仙之仙界篇_html539.html
第534章 初臨元荒,凡人修仙之仙界篇_html540.html
第535章 蠻荒逸事,凡人修仙之仙界篇_html541.html
第536章 沙海,凡人修仙之仙界篇_html542.html
第537章 迷蹤,凡人修仙之仙界篇_html543.html
第538章 妖族男子,凡人修仙之仙界篇_html544.html
第539章 啓程,凡人修仙之仙界篇_html545.html
第540章 陌生氣息,凡人修仙之仙界篇_html546.html
第541章 沙海異獸,凡人修仙之仙界篇_html547.html
第542章 入蠻荒,凡人修仙之仙界篇_html548.html
第543章 覓寶,凡人修仙之仙界篇_html549.html
第544章 荒澤骨山,凡人修仙之仙界篇_html550.html
第545章 紛爭,凡人修仙之仙界篇_html551.html
第546章 留下？,凡人修仙之仙界篇_html552.html
第547章 上賓,凡人修仙之仙界篇_html553.html
第548章 蠻荒大族,凡人修仙之仙界篇_html554.html
第549章 盤桓,凡人修仙之仙界篇_html555.html
第550章 三大功法,凡人修仙之仙界篇_html556.html
第551章 夢迴真言門,凡人修仙之仙界篇_html557.html
第552章 辛秘,凡人修仙之仙界篇_html558.html
第553章 熟悉氣息,凡人修仙之仙界篇_html559.html
第554章 同仇敵愾,凡人修仙之仙界篇_html560.html
第555章 鏖戰,凡人修仙之仙界篇_html561.html
第556章 第一聲戰鼓,凡人修仙之仙界篇_html562.html
第557章 針鋒相對,凡人修仙之仙界篇_html563.html
第558章 猝不及防,凡人修仙之仙界篇_html564.html
第559章 失算,凡人修仙之仙界篇_html565.html
第560章 宿六,凡人修仙之仙界篇_html566.html
第561章 臭蟲,凡人修仙之仙界篇_html567.html
第562章 王,凡人修仙之仙界篇_html568.html
第563章 無奈,凡人修仙之仙界篇_html569.html
第564章 驚退,凡人修仙之仙界篇_html570.html
第565章 密謀,凡人修仙之仙界篇_html571.html
第566章 八靈聚首,凡人修仙之仙界篇_html572.html
第567章 深入,凡人修仙之仙界篇_html573.html
第568章 第三種,凡人修仙之仙界篇_html574.html
第569章 來了,凡人修仙之仙界篇_html575.html
第570章 奪路狂奔,凡人修仙之仙界篇_html576.html
第571章 不仁不義,凡人修仙之仙界篇_html577.html
第572章 血洗,凡人修仙之仙界篇_html578.html
第573章 禍水東引,凡人修仙之仙界篇_html579.html
第574章 燃燒本源,凡人修仙之仙界篇_html580.html
第575章 緊追不捨,凡人修仙之仙界篇_html581.html
第576章 瀕臨極限,凡人修仙之仙界篇_html582.html
第577章 絕境,凡人修仙之仙界篇_html583.html
第578章 因果執念,凡人修仙之仙界篇_html584.html
第579章 進退兩難,凡人修仙之仙界篇_html585.html
第580章 下探,凡人修仙之仙界篇_html586.html
第581章 沉淪,凡人修仙之仙界篇_html587.html
第582章 因禍得福,凡人修仙之仙界篇_html588.html
第583章 仙聚,凡人修仙之仙界篇_html589.html
第584章 孤注一擲,凡人修仙之仙界篇_html590.html
第585章 洞底,凡人修仙之仙界篇_html591.html
第586章 兩屍,凡人修仙之仙界篇_html592.html
第587章 分魂,凡人修仙之仙界篇_html593.html
第588章 化險爲夷,凡人修仙之仙界篇_html594.html
第589章 分食,凡人修仙之仙界篇_html595.html
第590章 一搏,凡人修仙之仙界篇_html596.html
第591章 甦醒,凡人修仙之仙界篇_html597.html
第592章 最後的準備,凡人修仙之仙界篇_html598.html
第593章 葫中劍,凡人修仙之仙界篇_html599.html
第594章 洶涌而至,凡人修仙之仙界篇_html600.html
第595章 誘敵深入,凡人修仙之仙界篇_html601.html
第596章 砍,凡人修仙之仙界篇_html602.html
第597章 殊死相搏,凡人修仙之仙界篇_html603.html
第598章 拼了,凡人修仙之仙界篇_html604.html
第599章 你死我活,凡人修仙之仙界篇_html605.html
第600章 斷因果,凡人修仙之仙界篇_html606.html
第601章 第五衰,凡人修仙之仙界篇_html607.html
第602章 對抗,凡人修仙之仙界篇_html608.html
第603章 事從權宜,凡人修仙之仙界篇_html609.html
第604章 出去走走,凡人修仙之仙界篇_html610.html
第605章 對弈,凡人修仙之仙界篇_html611.html
第606章 閒雲野鶴,凡人修仙之仙界篇_html612.html
第607章 蟄伏,凡人修仙之仙界篇_html613.html
第608章 大道歸一,凡人修仙之仙界篇_html614.html
第609章 神秘之河,凡人修仙之仙界篇_html615.html
第610章 片段,凡人修仙之仙界篇_html616.html
第611章 二入聚琨,凡人修仙之仙界篇_html617.html
2018年起點年終盛典人氣作者投票開始了哦！,凡人修仙之仙界篇_html618.html
第612章 一帛難求,凡人修仙之仙界篇_html619.html
第613章 真實身份,凡人修仙之仙界篇_html620.html
第614章 小道消息,凡人修仙之仙界篇_html621.html
第615章 凡品仙價,凡人修仙之仙界篇_html622.html
第616章 事出反常,凡人修仙之仙界篇_html623.html
第617章 另一根獸骨,凡人修仙之仙界篇_html624.html
第618章 驚詫,凡人修仙之仙界篇_html625.html
第619章 陷阱,凡人修仙之仙界篇_html626.html
第620章 怪盜,凡人修仙之仙界篇_html627.html
第621章 真容,凡人修仙之仙界篇_html628.html
第622章 看戲,凡人修仙之仙界篇_html629.html
第623章 原來是他,凡人修仙之仙界篇_html630.html
第624章 花鳥魚蟲,凡人修仙之仙界篇_html631.html
第625章 湖心小島,凡人修仙之仙界篇_html632.html
第626章 花枝,凡人修仙之仙界篇_html633.html
第627章 “二指禪”,凡人修仙之仙界篇_html634.html
第628章 安頓,凡人修仙之仙界篇_html635.html
第629章 另尋他法,凡人修仙之仙界篇_html636.html
第630章 摸索,凡人修仙之仙界篇_html637.html
第631章 天魔鬥,凡人修仙之仙界篇_html638.html
第632章 膠着,凡人修仙之仙界篇_html639.html
第633章 籌碼,凡人修仙之仙界篇_html640.html
第634章 魔域,凡人修仙之仙界篇_html641.html
第635章 煉瞳,凡人修仙之仙界篇_html642.html
第636章 離奇之事,凡人修仙之仙界篇_html643.html
第637章 又出事了,凡人修仙之仙界篇_html644.html
第638章 融劍,凡人修仙之仙界篇_html645.html
第639章 避風頭,凡人修仙之仙界篇_html646.html
第640章 器分九品,凡人修仙之仙界篇_html647.html
第641章 熱火遭難,凡人修仙之仙界篇_html648.html
第642章 沒找錯人(新年快樂）,凡人修仙之仙界篇_html649.html
第643章 找上門（元旦快樂）,凡人修仙之仙界篇_html650.html
第644章 不湊熱鬧,凡人修仙之仙界篇_html651.html
第645章 去而復返,凡人修仙之仙界篇_html652.html
第646章 整裝待發,凡人修仙之仙界篇_html653.html
第647章 我自逍遙,凡人修仙之仙界篇_html654.html
第648章 打點,凡人修仙之仙界篇_html655.html
第649章 地下城,凡人修仙之仙界篇_html656.html
第650章 渡口,凡人修仙之仙界篇_html657.html
第651章 失落宗門,凡人修仙之仙界篇_html658.html
第652章 出現了,凡人修仙之仙界篇_html659.html
第653章 故地重遊,凡人修仙之仙界篇_html660.html
第654章 修復,凡人修仙之仙界篇_html661.html
第655章 蠢蠢欲動,凡人修仙之仙界篇_html662.html
第656章 先手,凡人修仙之仙界篇_html663.html
第657章 亂流,凡人修仙之仙界篇_html664.html
第658章 死城,凡人修仙之仙界篇_html665.html
第659章 激鬥水衍宮,凡人修仙之仙界篇_html666.html
第660章 四人行,凡人修仙之仙界篇_html667.html
第661章 五條路,凡人修仙之仙界篇_html668.html
第662章 屍魅,凡人修仙之仙界篇_html669.html
第663章 大頭童屍,凡人修仙之仙界篇_html670.html
第664章 誘餌,凡人修仙之仙界篇_html671.html
第665章 無奈之舉,凡人修仙之仙界篇_html672.html
第666章 不顧信義,凡人修仙之仙界篇_html673.html
第667章 意外之喜,凡人修仙之仙界篇_html674.html
第668章 晶蓮,凡人修仙之仙界篇_html675.html
第669章 火歲螢蟲,凡人修仙之仙界篇_html676.html
第670章 亂流,凡人修仙之仙界篇_html677.html
第671章 緣法天地間,凡人修仙之仙界篇_html678.html
第672章 靜止,凡人修仙之仙界篇_html679.html
第673章 已經死了,凡人修仙之仙界篇_html680.html
第674章 驚天指,凡人修仙之仙界篇_html681.html
第675章 熟人,凡人修仙之仙界篇_html682.html
第676章 顧慮,凡人修仙之仙界篇_html683.html
第677章,凡人修仙之仙界篇_html684.html
第678章,凡人修仙之仙界篇_html685.html
第679章 屍骸,凡人修仙之仙界篇_html686.html
第680章 煞胎,凡人修仙之仙界篇_html687.html
第681章 空靈竹曲,凡人修仙之仙界篇_html688.html
第682章 怪人,凡人修仙之仙界篇_html689.html
第683章 灰界生物,凡人修仙之仙界篇_html690.html
第684章 初露端倪,凡人修仙之仙界篇_html691.html
第685章 真言宮,凡人修仙之仙界篇_html692.html
第686章 失聯,凡人修仙之仙界篇_html693.html
第687章 六識盡失,凡人修仙之仙界篇_html694.html
第688章 重寶現,凡人修仙之仙界篇_html695.html
第689章 不信,凡人修仙之仙界篇_html696.html
第690章 以彼之道,凡人修仙之仙界篇_html697.html
第691章 認出,凡人修仙之仙界篇_html698.html
第692章 險戰,凡人修仙之仙界篇_html699.html
第693章 星官,凡人修仙之仙界篇_html700.html
第694章 滅宗之謎,凡人修仙之仙界篇_html701.html
第695章 事發突然,凡人修仙之仙界篇_html702.html
第696章 凝固,凡人修仙之仙界篇_html703.html
第697章,凡人修仙之仙界篇_html704.html
第698章 清點,凡人修仙之仙界篇_html705.html
第699章 吞丹砂,凡人修仙之仙界篇_html706.html
第700章 約定,凡人修仙之仙界篇_html707.html
第701章 部落,凡人修仙之仙界篇_html708.html
第702章 演技,凡人修仙之仙界篇_html709.html
第703章 挑釁(新春快樂）,凡人修仙之仙界篇_html710.html
第704章 教訓一下,凡人修仙之仙界篇_html711.html
第705章 價差,凡人修仙之仙界篇_html712.html
第706章 沾光,凡人修仙之仙界篇_html713.html
第707章 內亂,凡人修仙之仙界篇_html714.html
第708章 受邀,凡人修仙之仙界篇_html715.html
第709章 清點,凡人修仙之仙界篇_html716.html
第710章 會晤,凡人修仙之仙界篇_html717.html
第711章 兩難境地,凡人修仙之仙界篇_html718.html
第712章 洗煞池,凡人修仙之仙界篇_html719.html
第713章 冒險,凡人修仙之仙界篇_html720.html
第714章 雙首狐刀,凡人修仙之仙界篇_html721.html
第715章 欲擒故縱,凡人修仙之仙界篇_html722.html
第716章 拔刀,凡人修仙之仙界篇_html723.html
第717章 封刀入鞘,凡人修仙之仙界篇_html724.html
第718章 初臨黑齒,凡人修仙之仙界篇_html725.html
第719章 赴九幽,凡人修仙之仙界篇_html726.html
第720章 波瀾,凡人修仙之仙界篇_html727.html
第721章 各懷心思,凡人修仙之仙界篇_html728.html
第722章 顛倒,凡人修仙之仙界篇_html729.html
第723章 潛行,凡人修仙之仙界篇_html730.html
第724章 再聚首,凡人修仙之仙界篇_html731.html
第725章 窺視,凡人修仙之仙界篇_html732.html
第726章 分頭行動,凡人修仙之仙界篇_html733.html
第727章 聲東擊西,凡人修仙之仙界篇_html734.html
第728章 刻不容緩,凡人修仙之仙界篇_html735.html
第729章 傳聞,凡人修仙之仙界篇_html736.html
第730章 惑敵亂真,凡人修仙之仙界篇_html737.html
第731章 動手,凡人修仙之仙界篇_html738.html
第732章 橫遭變故,凡人修仙之仙界篇_html739.html
第733章 危局,凡人修仙之仙界篇_html740.html
第734章 幽牢,凡人修仙之仙界篇_html741.html
第735章 無間獄,凡人修仙之仙界篇_html742.html
第736章 功虧一簣？,凡人修仙之仙界篇_html743.html
第737章 植蟲,凡人修仙之仙界篇_html744.html
第738章 不得其解,凡人修仙之仙界篇_html745.html
第739章 究竟是誰？,凡人修仙之仙界篇_html746.html
第740章 坎坷經歷,凡人修仙之仙界篇_html747.html
第741章 脫困,凡人修仙之仙界篇_html748.html
第742章 約定,凡人修仙之仙界篇_html749.html
第743章 失去聯繫,凡人修仙之仙界篇_html750.html
第744章 合力退敵,凡人修仙之仙界篇_html751.html
第745章 窮追不捨,凡人修仙之仙界篇_html752.html
第746章 闖禁地,凡人修仙之仙界篇_html753.html
第747章 殊死一搏,凡人修仙之仙界篇_html754.html
第748章 再陷囹圄,凡人修仙之仙界篇_html755.html
第749章 棋行險招,凡人修仙之仙界篇_html756.html
第750章 太古異獸,凡人修仙之仙界篇_html757.html
第751章 出世,凡人修仙之仙界篇_html758.html
第752章 二次解封,凡人修仙之仙界篇_html759.html
第753章 明爭暗鬥,凡人修仙之仙界篇_html760.html
第754章 驚人意外,凡人修仙之仙界篇_html761.html
第755章 四色雷禁,凡人修仙之仙界篇_html762.html
第756章 天狐老祖,凡人修仙之仙界篇_html763.html
第757章 三品仙器？,凡人修仙之仙界篇_html764.html
第758章 買賣,凡人修仙之仙界篇_html765.html
第759章 入池,凡人修仙之仙界篇_html766.html
第760章 不破不立,凡人修仙之仙界篇_html767.html
第761章 斬鏈,凡人修仙之仙界篇_html768.html
第762章 一縷分魂,凡人修仙之仙界篇_html769.html
第763章 師徒之情,凡人修仙之仙界篇_html770.html
第764章 南柯一夢,凡人修仙之仙界篇_html771.html
第765章 二斬雷鏈,凡人修仙之仙界篇_html772.html
第766章 拼死一搏,凡人修仙之仙界篇_html773.html
第767章 齊抗大羅,凡人修仙之仙界篇_html774.html
第768章,凡人修仙之仙界篇_html775.html
第769章 煞域,凡人修仙之仙界篇_html776.html
第770章 出奇制勝,凡人修仙之仙界篇_html777.html
第771章 擱置爭議,凡人修仙之仙界篇_html778.html
第772章 進化,凡人修仙之仙界篇_html779.html
第773章 迫在眉睫,凡人修仙之仙界篇_html780.html
第774章 險象環生,凡人修仙之仙界篇_html781.html
第775章 大難未死,凡人修仙之仙界篇_html782.html
第776章 至淨玉體,凡人修仙之仙界篇_html783.html
第777章 進階太乙,凡人修仙之仙界篇_html784.html
第778章 覓紅顏,凡人修仙之仙界篇_html785.html
第779章 大皇子,凡人修仙之仙界篇_html786.html
第780章 攔截,凡人修仙之仙界篇_html787.html
第781章 劍戮羣兇,凡人修仙之仙界篇_html788.html
第782章 斬草除根,凡人修仙之仙界篇_html789.html
第783章 圍追堵截,凡人修仙之仙界篇_html790.html
第784章 戰雙羽,凡人修仙之仙界篇_html791.html
第785章 經驗之談,凡人修仙之仙界篇_html792.html
第786章 亡命奔逃,凡人修仙之仙界篇_html793.html
第787章 驅虎吞狼,凡人修仙之仙界篇_html794.html
第788章 向俗之心,凡人修仙之仙界篇_html795.html
第789章 大肆收購,凡人修仙之仙界篇_html796.html
第790章 意外交易,凡人修仙之仙界篇_html797.html
第791章 真面目,凡人修仙之仙界篇_html798.html
第792章 黃雀在後,凡人修仙之仙界篇_html799.html
第793章 彈指破敵,凡人修仙之仙界篇_html800.html
第794章 奉主,凡人修仙之仙界篇_html801.html
第795章 過門而不入,凡人修仙之仙界篇_html802.html
第796章 釋疑,凡人修仙之仙界篇_html803.html
第797章 萬物皆有時,凡人修仙之仙界篇_html804.html
第798章 以逸待勞,凡人修仙之仙界篇_html805.html
第799章 同體雙姝,凡人修仙之仙界篇_html806.html
第800章 自家地盤,凡人修仙之仙界篇_html807.html
第801章 吞空而行,凡人修仙之仙界篇_html808.html
第802章 魔域商都,凡人修仙之仙界篇_html809.html
第803章 缺席,凡人修仙之仙界篇_html810.html
第804章 叛徒？,凡人修仙之仙界篇_html811.html
第805章 異常,凡人修仙之仙界篇_html812.html
第806章 詭異手段,凡人修仙之仙界篇_html813.html
第807章 中招,凡人修仙之仙界篇_html814.html
第808章 封魂,凡人修仙之仙界篇_html815.html
第809章 力破花鏡,凡人修仙之仙界篇_html816.html
第810章 離城,凡人修仙之仙界篇_html817.html
第811章 強敵,凡人修仙之仙界篇_html818.html
第812章 暗渡楚禹,凡人修仙之仙界篇_html819.html
第813章 絕不容情,凡人修仙之仙界篇_html820.html
第814章 培煉,凡人修仙之仙界篇_html821.html
第815章 發芽,凡人修仙之仙界篇_html822.html
第816章 山野小鎮,凡人修仙之仙界篇_html823.html
第817章 搬山異獸,凡人修仙之仙界篇_html824.html
第818章 五品仙燈,凡人修仙之仙界篇_html825.html
第819章 掩人耳目,凡人修仙之仙界篇_html826.html
第820章 陰魂不散,凡人修仙之仙界篇_html827.html
第821章 念刃顯威,凡人修仙之仙界篇_html828.html
第822章 怎麼又是你？,凡人修仙之仙界篇_html829.html
第823章 選舉大典,凡人修仙之仙界篇_html830.html
第824章 治世,凡人修仙之仙界篇_html831.html
第825章 八皇子,凡人修仙之仙界篇_html832.html
第826章 不動,凡人修仙之仙界篇_html833.html
第827章 解圍,凡人修仙之仙界篇_html834.html
第828章 兄弟情深,凡人修仙之仙界篇_html835.html
第829章 點閱,凡人修仙之仙界篇_html836.html
第830章 初探坊市,凡人修仙之仙界篇_html837.html
第831章 不必跟着了,凡人修仙之仙界篇_html838.html
第832章 慧眼識珠者,凡人修仙之仙界篇_html839.html
第833章 尋醫問藥,凡人修仙之仙界篇_html840.html
第834章 出關了,凡人修仙之仙界篇_html841.html
第835章 覲見,凡人修仙之仙界篇_html842.html
第836章 挑撥離間,凡人修仙之仙界篇_html843.html
第837章 免禮,凡人修仙之仙界篇_html844.html
第838章 賞賜,凡人修仙之仙界篇_html845.html
第839章 冠冕堂皇,凡人修仙之仙界篇_html846.html
第840章 肉身入境,凡人修仙之仙界篇_html847.html
第841章 原來是這樣,凡人修仙之仙界篇_html848.html
第842章 二斗照骨,凡人修仙之仙界篇_html849.html
第843章 救主,凡人修仙之仙界篇_html850.html
第844章 兩個消息,凡人修仙之仙界篇_html851.html
第845章 爲紅顏,凡人修仙之仙界篇_html852.html
第846章 得罪,凡人修仙之仙界篇_html853.html
第847章 流放,凡人修仙之仙界篇_html854.html
第848章 冒險,凡人修仙之仙界篇_html855.html
第849章 有進無出,凡人修仙之仙界篇_html856.html
第850章 路漫漫,凡人修仙之仙界篇_html857.html
第851章 捕鳥三人行,凡人修仙之仙界篇_html858.html
第852章 妙用,凡人修仙之仙界篇_html859.html
第853章 蹤跡全無,凡人修仙之仙界篇_html860.html
第854章 線索,凡人修仙之仙界篇_html861.html
第855章 蟹道人被擒,凡人修仙之仙界篇_html862.html
第856章 不打不相識,凡人修仙之仙界篇_html863.html
第857章 加入玄城？,凡人修仙之仙界篇_html864.html
第858章 打不過就跑,凡人修仙之仙界篇_html865.html
第859章 青羊城,凡人修仙之仙界篇_html866.html
第860章 測試,凡人修仙之仙界篇_html867.html
第861章 另有安排,凡人修仙之仙界篇_html868.html
第862章 玄鬥士和玄鬥場,凡人修仙之仙界篇_html869.html
第863章 轉化吸收,凡人修仙之仙界篇_html870.html
第864章 噓聲四起,凡人修仙之仙界篇_html871.html
第865章 不能再打了,凡人修仙之仙界篇_html872.html
第866章 出人意料,凡人修仙之仙界篇_html873.html
第867章 血池,凡人修仙之仙界篇_html874.html
第868章 暗中陷害,凡人修仙之仙界篇_html875.html
第869章 再次挑戰,凡人修仙之仙界篇_html876.html
第870章 或死或生,凡人修仙之仙界篇_html877.html
第871章 聲名漸起,凡人修仙之仙界篇_html878.html
第872章 骨千尋的邀請,凡人修仙之仙界篇_html879.html
第873章 場上見真章,凡人修仙之仙界篇_html880.html
第874章 賭約,凡人修仙之仙界篇_html881.html
第875章 隱患,凡人修仙之仙界篇_html882.html
第876章 刀疤之死,凡人修仙之仙界篇_html883.html
第877章 閉竅之術,凡人修仙之仙界篇_html884.html
第878章 功法互換,凡人修仙之仙界篇_html885.html
第879章 衝擊瓶頸,凡人修仙之仙界篇_html886.html
第880章 信封與瓶子,凡人修仙之仙界篇_html887.html
第881章 非常規手段,凡人修仙之仙界篇_html888.html
第882章 黑劫石,凡人修仙之仙界篇_html889.html
第883章 時辰到了,凡人修仙之仙界篇_html890.html
第884章 你做了什麼？,凡人修仙之仙界篇_html891.html
第885章 瘋狂吸收,凡人修仙之仙界篇_html892.html
第886章 復仇,凡人修仙之仙界篇_html893.html
第887章 各懷目的,凡人修仙之仙界篇_html894.html
第888章 聯手,凡人修仙之仙界篇_html895.html
第889章 一無所獲,凡人修仙之仙界篇_html896.html
第890章 神秘雕像,凡人修仙之仙界篇_html897.html
第891章 謀逆,凡人修仙之仙界篇_html898.html
第892章 天煞鎮獄功,凡人修仙之仙界篇_html899.html
第893章 突飛猛進,凡人修仙之仙界篇_html900.html
第894章 五城會武,凡人修仙之仙界篇_html901.html
第895章 赴玄城,凡人修仙之仙界篇_html902.html
第896章 小白臉,凡人修仙之仙界篇_html903.html
第897章 動盪,凡人修仙之仙界篇_html904.html
第898章 尋訪六花,凡人修仙之仙界篇_html905.html
第899章 閉門羹,凡人修仙之仙界篇_html906.html
第900章 收徒,凡人修仙之仙界篇_html907.html
第901章 一趟生意,凡人修仙之仙界篇_html908.html
第902章 動員,凡人修仙之仙界篇_html909.html
第903章 前夕,凡人修仙之仙界篇_html910.html
第904章 修羅場,凡人修仙之仙界篇_html911.html
第905章 重賞之下,凡人修仙之仙界篇_html912.html
第906章 殺心,凡人修仙之仙界篇_html913.html
第907章 一擊斃命,凡人修仙之仙界篇_html914.html
第908章 下一輪的約定,凡人修仙之仙界篇_html915.html
第909章 激鬥,凡人修仙之仙界篇_html916.html
第910章 當衆挑釁,凡人修仙之仙界篇_html917.html
第911章 星器,凡人修仙之仙界篇_html918.html
第912章 算什麼本事？,凡人修仙之仙界篇_html919.html
第913章 嶄露頭角,凡人修仙之仙界篇_html920.html
第914章 技驚四座,凡人修仙之仙界篇_html921.html
第915章 傳聞中的星器,凡人修仙之仙界篇_html922.html
第916章 突然中斷,凡人修仙之仙界篇_html923.html
第917章 別有目的,凡人修仙之仙界篇_html924.html
第918章 虛驚一場,凡人修仙之仙界篇_html925.html
第919章 大墟,凡人修仙之仙界篇_html926.html
第920章 疑惑,凡人修仙之仙界篇_html927.html
第921章 深入險境,凡人修仙之仙界篇_html928.html
第922章 協作,凡人修仙之仙界篇_html929.html
第923章 特立獨行,凡人修仙之仙界篇_html930.html
第924章 共築星舟,凡人修仙之仙界篇_html931.html
第925章 紫色身影,凡人修仙之仙界篇_html932.html
第926章 蟹道人來訪,凡人修仙之仙界篇_html933.html
第927章 補救之法,凡人修仙之仙界篇_html934.html
第928章 籠絡,凡人修仙之仙界篇_html935.html
第929章 私會,凡人修仙之仙界篇_html936.html
第930章 起航,凡人修仙之仙界篇_html937.html
第931章 動盪起伏,凡人修仙之仙界篇_html938.html
第932章 有驚無險,凡人修仙之仙界篇_html939.html
第933章 突如其來,凡人修仙之仙界篇_html940.html
第934章 初入大墟,凡人修仙之仙界篇_html941.html
第935章 冤家路窄,凡人修仙之仙界篇_html942.html
第936章 兄弟相殘,凡人修仙之仙界篇_html943.html
第937章 真相？,凡人修仙之仙界篇_html944.html
第938章 反目,凡人修仙之仙界篇_html945.html
第939章 聖骸,凡人修仙之仙界篇_html946.html
第940章 異動,凡人修仙之仙界篇_html947.html
第941章 關卡重重,凡人修仙之仙界篇_html948.html
第942章 血紅鑰匙,凡人修仙之仙界篇_html949.html
第943章 圍追堵截,凡人修仙之仙界篇_html950.html
第944章 脫困,凡人修仙之仙界篇_html951.html
第945章 第二座祭壇,凡人修仙之仙界篇_html952.html
第946章 念斬符靈,凡人修仙之仙界篇_html953.html
第947章 再攜手,凡人修仙之仙界篇_html954.html
第948章 各懷心思,凡人修仙之仙界篇_html955.html
第949章 第二把鑰匙？,凡人修仙之仙界篇_html956.html
第950章 衝突爆發,凡人修仙之仙界篇_html957.html
第951章 突然出現,凡人修仙之仙界篇_html958.html
第952章 解除後顧之憂,凡人修仙之仙界篇_html959.html
第953章 各懷鬼胎,凡人修仙之仙界篇_html960.html
第954章 玄修神物,凡人修仙之仙界篇_html961.html
第955章 血門,凡人修仙之仙界篇_html962.html
第956章 五角深坑,凡人修仙之仙界篇_html963.html
第957章 埋骨之地,凡人修仙之仙界篇_html964.html
第958章 入血池,凡人修仙之仙界篇_html965.html
第959章 鱗犼守門,凡人修仙之仙界篇_html966.html
第960章 泣血陣圖,凡人修仙之仙界篇_html967.html
第961章 突發變故,凡人修仙之仙界篇_html968.html
第962章 內鬥,凡人修仙之仙界篇_html969.html
第963章 生死交鋒,凡人修仙之仙界篇_html970.html
第964章 蓄勢待發,凡人修仙之仙界篇_html971.html
第965章 不簡單,凡人修仙之仙界篇_html972.html
第966章 入陣拜會！,凡人修仙之仙界篇_html973.html
第967章 喧賓奪主,凡人修仙之仙界篇_html974.html
第968章 引雷,凡人修仙之仙界篇_html975.html
第969章 恩怨,凡人修仙之仙界篇_html976.html
第970章 別打擾我,凡人修仙之仙界篇_html977.html
第971章 陣中異樣,凡人修仙之仙界篇_html978.html
第972章 據守,凡人修仙之仙界篇_html979.html
第973章 雷霆手段,凡人修仙之仙界篇_html980.html
第974章 私怨,凡人修仙之仙界篇_html981.html
第975章 追尋,凡人修仙之仙界篇_html982.html
第976章 魔君的身份？,凡人修仙之仙界篇_html983.html
第977章 苦肉計,凡人修仙之仙界篇_html984.html
第978章 摘心,凡人修仙之仙界篇_html985.html
第979章 大皇子的報復,凡人修仙之仙界篇_html986.html
第980章 任務完成,凡人修仙之仙界篇_html987.html
第981章 蟹道人的主人,凡人修仙之仙界篇_html988.html
第982章 傾世紅顏,凡人修仙之仙界篇_html989.html
第983章 輪到你了,凡人修仙之仙界篇_html990.html
第984章 借你一用,凡人修仙之仙界篇_html991.html
第985章 復甦,凡人修仙之仙界篇_html992.html
第986章 再回首，恍如隔世,凡人修仙之仙界篇_html993.html
第987章 相逢若別離,凡人修仙之仙界篇_html994.html
第988章 沉心靜氣,凡人修仙之仙界篇_html995.html
第989章 突飛猛進,凡人修仙之仙界篇_html996.html
第990章 聚變,凡人修仙之仙界篇_html997.html
第991章 道天大劫,凡人修仙之仙界篇_html998.html
第992章 緣起黃金蟹,凡人修仙之仙界篇_html999.html
第993章 無能爲力,凡人修仙之仙界篇_html1000.html
第994章 秘境迷蹤,凡人修仙之仙界篇_html1001.html
第995章 當年那一戰,凡人修仙之仙界篇_html1002.html
第996章 是我？,凡人修仙之仙界篇_html1003.html
第997章 道別，珍重,凡人修仙之仙界篇_html1004.html
第998章 夜闖夜陽宮,凡人修仙之仙界篇_html1005.html
第999章 敗絮其中,凡人修仙之仙界篇_html1006.html
第1000章 協定,凡人修仙之仙界篇_html1007.html
第1001章 後會無期,凡人修仙之仙界篇_html1008.html
第1002章 擺了一道,凡人修仙之仙界篇_html1009.html
第1003章 就這些能耐？,凡人修仙之仙界篇_html1010.html
第1004章 手起拳落,凡人修仙之仙界篇_html1011.html
第1005章 造化晶粒,凡人修仙之仙界篇_html1012.html
第1006章 混亂之地,凡人修仙之仙界篇_html1013.html
第1007章 舉手之勞,凡人修仙之仙界篇_html1014.html
第1008章 一別多年,凡人修仙之仙界篇_html1015.html
第1009章 別有洞天,凡人修仙之仙界篇_html1016.html
第1010章 骨肉親情,凡人修仙之仙界篇_html1017.html
第1011章 施救,凡人修仙之仙界篇_html1018.html
第1012章 淵源,凡人修仙之仙界篇_html1019.html
第1013章 不可思議之人,凡人修仙之仙界篇_html1020.html
第1014章 巧合齊匯於一身,凡人修仙之仙界篇_html1021.html
第1015章 難言之隱,凡人修仙之仙界篇_html1022.html
第1016章 主動上報,凡人修仙之仙界篇_html1023.html
第1017章 滅族,凡人修仙之仙界篇_html1024.html
第1018章 去去就回,凡人修仙之仙界篇_html1025.html
第1019章 等人,凡人修仙之仙界篇_html1026.html
第1020章 找上門來,凡人修仙之仙界篇_html1027.html
第1021章 請君入陣,凡人修仙之仙界篇_html1028.html
第1022章 反制,凡人修仙之仙界篇_html1029.html
第1023章 上稟,凡人修仙之仙界篇_html1030.html
第1024章 獨闖仙宮,凡人修仙之仙界篇_html1031.html
第1025章 樹倒猢猻散,凡人修仙之仙界篇_html1032.html
第1026章 誅五惡,凡人修仙之仙界篇_html1033.html
第1027章 除惡務盡,凡人修仙之仙界篇_html1034.html
第1028章 一波未平,凡人修仙之仙界篇_html1035.html
第1029章 緊追不捨,凡人修仙之仙界篇_html1036.html
第1030章 怪泉,凡人修仙之仙界篇_html1037.html
第1031章 探秘,凡人修仙之仙界篇_html1038.html
第1032章 金屬獸,凡人修仙之仙界篇_html1039.html
第1033章 雅趣,凡人修仙之仙界篇_html1040.html
第1034章 聳人聽聞,凡人修仙之仙界篇_html1041.html
第1035章 沖天異象,凡人修仙之仙界篇_html1042.html
第1036章 各方雲集,凡人修仙之仙界篇_html1043.html
第1037章 太歲府,凡人修仙之仙界篇_html1044.html
第1038章 啓封,凡人修仙之仙界篇_html1045.html
第1039章 緊鑼密鼓,凡人修仙之仙界篇_html1046.html
第1040章 不講究,凡人修仙之仙界篇_html1047.html
第1041章 欲擒故縱,凡人修仙之仙界篇_html1048.html
第1042章 犬馬之勞,凡人修仙之仙界篇_html1049.html
第1043章 驚險一幕,凡人修仙之仙界篇_html1050.html
第1044章 破陣,凡人修仙之仙界篇_html1051.html
第1045章 現敵蹤,凡人修仙之仙界篇_html1052.html
第1046章 擇路無悔,凡人修仙之仙界篇_html1053.html
第1047章 舉棋不定,凡人修仙之仙界篇_html1054.html
第1048章 打頭陣,凡人修仙之仙界篇_html1055.html
第1049章 不識擡舉,凡人修仙之仙界篇_html1056.html
第1050章 真面目,凡人修仙之仙界篇_html1057.html
第1051章 破冰,凡人修仙之仙界篇_html1058.html
第1052章 尋蹤,凡人修仙之仙界篇_html1059.html
第1053章 暴露了？,凡人修仙之仙界篇_html1060.html
第1054章 跑得最快,凡人修仙之仙界篇_html1061.html
第1055章 舉棋不定,凡人修仙之仙界篇_html1062.html
第1056章 分道揚鑣,凡人修仙之仙界篇_html1063.html
第1057章 各施手段,凡人修仙之仙界篇_html1064.html
第1058章 蟲巢,凡人修仙之仙界篇_html1065.html
第1059章 退無可退,凡人修仙之仙界篇_html1066.html
第1060章 囚塔,凡人修仙之仙界篇_html1067.html
第1061章 十八層,凡人修仙之仙界篇_html1068.html
第1062章 神雷御鬼,凡人修仙之仙界篇_html1069.html
第1063章 大羅鬼王,凡人修仙之仙界篇_html1070.html
第1064章 自投羅網,凡人修仙之仙界篇_html1071.html
第1065章 再鬥奇摩子,凡人修仙之仙界篇_html1072.html
第1066章 幻景,凡人修仙之仙界篇_html1073.html
第1067章 智取,凡人修仙之仙界篇_html1074.html
第1068章 註定一戰,凡人修仙之仙界篇_html1075.html
第1069章 巧遇,凡人修仙之仙界篇_html1076.html
第1070章 出手,凡人修仙之仙界篇_html1077.html
第1071章 利奇馬,凡人修仙之仙界篇_html1078.html
第1072章 一路向前,凡人修仙之仙界篇_html1079.html
第1073章 交換條件,凡人修仙之仙界篇_html1080.html
第1074章 煉絲,凡人修仙之仙界篇_html1081.html
第1075章 暴漲,凡人修仙之仙界篇_html1082.html
第1076章 幻物,凡人修仙之仙界篇_html1083.html
第1077章 破幻,凡人修仙之仙界篇_html1084.html
第1078章 神燈異聞,凡人修仙之仙界篇_html1085.html
第1079章 第六層,凡人修仙之仙界篇_html1086.html
第1080章 坦白,凡人修仙之仙界篇_html1087.html
第1081章 一言爲定,凡人修仙之仙界篇_html1088.html
第1082章 一拳之約,凡人修仙之仙界篇_html1089.html
第1083章 捨命相救,凡人修仙之仙界篇_html1090.html
第1084章 重犯,凡人修仙之仙界篇_html1091.html
第1085章 反轉,凡人修仙之仙界篇_html1092.html
第1086章 私通,凡人修仙之仙界篇_html1093.html
第1087章 退強敵,凡人修仙之仙界篇_html1094.html
第1088章 古劍,凡人修仙之仙界篇_html1095.html
第1089章 反常舉動,凡人修仙之仙界篇_html1096.html
第1090章 拔劍大荒,凡人修仙之仙界篇_html1097.html
第1091章 出人意料,凡人修仙之仙界篇_html1098.html
第1092章 驚退,凡人修仙之仙界篇_html1099.html
第1093章 封魔往事,凡人修仙之仙界篇_html1100.html
第1094章 第二座祭壇,凡人修仙之仙界篇_html1101.html
第1095章 晚了,凡人修仙之仙界篇_html1102.html
第1096章 退魔,凡人修仙之仙界篇_html1103.html
第1097章 合作,凡人修仙之仙界篇_html1104.html
第1098章 各懷心思,凡人修仙之仙界篇_html1105.html
第1099章 兵分三路,凡人修仙之仙界篇_html1106.html
第1100章 獨闖,凡人修仙之仙界篇_html1107.html
第1101章 暗襲,凡人修仙之仙界篇_html1108.html
第1102章 暗度陳倉,凡人修仙之仙界篇_html1109.html
第1103章 實力大進,凡人修仙之仙界篇_html1110.html
第1104章 神燈之疑,凡人修仙之仙界篇_html1111.html
第1105章 後手,凡人修仙之仙界篇_html1112.html
第1106章 闖劍陣,凡人修仙之仙界篇_html1113.html
第1107章 劍陣通天,凡人修仙之仙界篇_html1114.html
第1108章 攜手,凡人修仙之仙界篇_html1115.html
第1109章 覓陣樞,凡人修仙之仙界篇_html1116.html
第1110章 陣圖之爭,凡人修仙之仙界篇_html1117.html
第1111章 道兵陣,凡人修仙之仙界篇_html1118.html
第1112章 攜手抗五行,凡人修仙之仙界篇_html1119.html
第1113章 奪燈,凡人修仙之仙界篇_html1120.html
第1114章 道胤真人,凡人修仙之仙界篇_html1121.html
第1115章 困殺,凡人修仙之仙界篇_html1122.html
第1116章 慘烈,凡人修仙之仙界篇_html1123.html
第1117章 突破,凡人修仙之仙界篇_html1124.html
第1118章 間不容髮,凡人修仙之仙界篇_html1125.html
第1119章 幡然醒悟(諸位道友，中秋快樂！）,凡人修仙之仙界篇_html1126.html
第1120章 算賬,凡人修仙之仙界篇_html1127.html
第1121章 瘋魔黑天,凡人修仙之仙界篇_html1128.html
第1122章 瘋癲,凡人修仙之仙界篇_html1129.html
第1123章 尋妻覓兒,凡人修仙之仙界篇_html1130.html
第1124章 取燈,凡人修仙之仙界篇_html1131.html
第1125章 揍,凡人修仙之仙界篇_html1132.html
第1126章 太歲殘靈,凡人修仙之仙界篇_html1133.html
第1127章 追殺奇摩子,凡人修仙之仙界篇_html1134.html
第1128章 鏖戰奇摩子,凡人修仙之仙界篇_html1135.html
第1129章 自陷,凡人修仙之仙界篇_html1136.html
第1130章 入手神燈,凡人修仙之仙界篇_html1137.html
第1131章 天人境,凡人修仙之仙界篇_html1138.html
第1132章 逃出生天,凡人修仙之仙界篇_html1139.html
第1133章 犧牲與保全,凡人修仙之仙界篇_html1140.html
第1134章 另一種報酬,凡人修仙之仙界篇_html1141.html
第1135章 生靈塗炭,凡人修仙之仙界篇_html1142.html
第1136章 金童被擒,凡人修仙之仙界篇_html1143.html
第1137章 仙域之分,凡人修仙之仙界篇_html1144.html
第1138章 輪迴殿主,凡人修仙之仙界篇_html1145.html
第1139章 龐然大物,凡人修仙之仙界篇_html1146.html
第1140章 風起雲涌,凡人修仙之仙界篇_html1147.html
第1141章 排名急竄,凡人修仙之仙界篇_html1148.html
第1142章 被發現了,凡人修仙之仙界篇_html1149.html
第1143章 踏虛而行,凡人修仙之仙界篇_html1150.html
第1144章 妙法親至,凡人修仙之仙界篇_html1151.html
第1145章 在劫難逃,凡人修仙之仙界篇_html1152.html
第1146章 唯一的機會,凡人修仙之仙界篇_html1153.html
第1147章 再陷囹圄,凡人修仙之仙界篇_html1154.html
第1148章 瓶靈現身,凡人修仙之仙界篇_html1155.html
第1149章 再回真言門,凡人修仙之仙界篇_html1156.html
第1150章 熟悉的一幕,凡人修仙之仙界篇_html1157.html
第1151章 第七弟子,凡人修仙之仙界篇_html1158.html
第1152章 真言門之根基,凡人修仙之仙界篇_html1159.html
第1153章 諸般神通,凡人修仙之仙界篇_html1160.html
第1154章 拜師(諸位道友，國慶快樂^^),凡人修仙之仙界篇_html1161.html
第1155章 入蠻荒,凡人修仙之仙界篇_html1162.html
第1156章 八王血脈,凡人修仙之仙界篇_html1163.html
第1157章 幼獸,凡人修仙之仙界篇_html1164.html
第1158章 偶遇小白,凡人修仙之仙界篇_html1165.html
第1159章 收穫,凡人修仙之仙界篇_html1166.html
第1160章 復活神燈,凡人修仙之仙界篇_html1167.html
第1161章 一場交易,凡人修仙之仙界篇_html1168.html
第1162章 天降丹劫,凡人修仙之仙界篇_html1169.html
第1163章 驚退,凡人修仙之仙界篇_html1170.html
第1164章 八荒,凡人修仙之仙界篇_html1171.html
第1165章 阻攔,凡人修仙之仙界篇_html1172.html
第1166章 信物,凡人修仙之仙界篇_html1173.html
第1167章 第二枚鱗片,凡人修仙之仙界篇_html1174.html
第1168章 故人重逢,凡人修仙之仙界篇_html1175.html
第1169章 天狐往事,凡人修仙之仙界篇_html1176.html
第1170章 敵視,凡人修仙之仙界篇_html1177.html
第1171章 如此小看,凡人修仙之仙界篇_html1178.html
第1172章 甦醒,凡人修仙之仙界篇_html1179.html
第1173章 菩提盛宴,凡人修仙之仙界篇_html1180.html
第1174章 鑄陣,凡人修仙之仙界篇_html1181.html
第1175章 血祀大會,凡人修仙之仙界篇_html1182.html
第1176章 登山,凡人修仙之仙界篇_html1183.html
第1177章 至頂,凡人修仙之仙界篇_html1184.html
第1178章 你也入殿,凡人修仙之仙界篇_html1185.html
第1179章 新王,凡人修仙之仙界篇_html1186.html
第1180章 修羅血門,凡人修仙之仙界篇_html1187.html
第1181章 喚靈,凡人修仙之仙界篇_html1188.html
第1182章 橫生變數,凡人修仙之仙界篇_html1189.html
第1183章 底氣,凡人修仙之仙界篇_html1190.html
第1184章 傳承,凡人修仙之仙界篇_html1191.html
第1185章 啓三門,凡人修仙之仙界篇_html1192.html
第1186章 我想試試,凡人修仙之仙界篇_html1193.html
第1187章 進去了！,凡人修仙之仙界篇_html1194.html
第1188章 傳承,凡人修仙之仙界篇_html1195.html
第1189章 出關,凡人修仙之仙界篇_html1196.html
第1190章 婉拒,凡人修仙之仙界篇_html1197.html
第1191章 兩百年之約,凡人修仙之仙界篇_html1198.html
第1192章 五光雷池,凡人修仙之仙界篇_html1199.html
第1193章 淬劍,凡人修仙之仙界篇_html1200.html
第1194章 沒把握,凡人修仙之仙界篇_html1201.html
第1195章 亂象漸起,凡人修仙之仙界篇_html1202.html
第1196章 進階大羅,凡人修仙之仙界篇_html1203.html
第1197章 天人境,凡人修仙之仙界篇_html1204.html
第1198章 困頓,凡人修仙之仙界篇_html1205.html
第1199章 瞬息萬年,凡人修仙之仙界篇_html1206.html
第1200章 萬寶節,凡人修仙之仙界篇_html1207.html
第1201章 目不暇接,凡人修仙之仙界篇_html1208.html
第1202章 競價,凡人修仙之仙界篇_html1209.html
第1203章 露出端倪,凡人修仙之仙界篇_html1210.html
第1204章 暗中跟隨,凡人修仙之仙界篇_html1211.html
第1205章 大羅之爭,凡人修仙之仙界篇_html1212.html
第1206章 意外連連,凡人修仙之仙界篇_html1213.html
第1207章 驚退,凡人修仙之仙界篇_html1214.html
第1208章 破例,凡人修仙之仙界篇_html1215.html
第1209章 黑色面具,凡人修仙之仙界篇_html1216.html
第1210章 同舟而行,凡人修仙之仙界篇_html1217.html
第1211章 差空間,凡人修仙之仙界篇_html1218.html
第1212章 十八萬年,凡人修仙之仙界篇_html1219.html
第1213章 天災,凡人修仙之仙界篇_html1220.html
第1214章 三足小鼎,凡人修仙之仙界篇_html1221.html
第1215章 了因果,凡人修仙之仙界篇_html1222.html
第1216章 初臨九元城,凡人修仙之仙界篇_html1223.html
第1217章 遺徒,凡人修仙之仙界篇_html1224.html
第1218章 新的任務,凡人修仙之仙界篇_html1225.html
第1219章 正合我意,凡人修仙之仙界篇_html1226.html
第1220章 前夕,凡人修仙之仙界篇_html1227.html
第1221章 首戰,凡人修仙之仙界篇_html1228.html
第1222章 把握時機,凡人修仙之仙界篇_html1229.html
第1223章 酣戰,凡人修仙之仙界篇_html1230.html
第1224章 第三日,凡人修仙之仙界篇_html1231.html
第1225章 先下手爲強,凡人修仙之仙界篇_html1232.html
第1226章 隱藏實力,凡人修仙之仙界篇_html1233.html
第1227章 赤夢之邀,凡人修仙之仙界篇_html1234.html
第1228章 有驚無險,凡人修仙之仙界篇_html1235.html
第1229章 觀內異動,凡人修仙之仙界篇_html1236.html
第1230章 無法置信,凡人修仙之仙界篇_html1237.html
第1231章 暴露,凡人修仙之仙界篇_html1238.html
第1232章 另有圖謀,凡人修仙之仙界篇_html1239.html
第1233章 虎穴潛行,凡人修仙之仙界篇_html1240.html
第1234章 入關,凡人修仙之仙界篇_html1241.html
第1235章 尋蹤覓影,凡人修仙之仙界篇_html1242.html
第1236章 深入地下,凡人修仙之仙界篇_html1243.html
第1237章 出乎意料,凡人修仙之仙界篇_html1244.html
第1238章 鬼陣,凡人修仙之仙界篇_html1245.html
第1239章 惡鬥鬼靈子,凡人修仙之仙界篇_html1246.html
第1240章 劍鎮判官,凡人修仙之仙界篇_html1247.html
第1241章 絕殺,凡人修仙之仙界篇_html1248.html
第1242章 斬屍仙符,凡人修仙之仙界篇_html1249.html
第1243章 本惡之爭,凡人修仙之仙界篇_html1250.html
第1244章 權宜之計,凡人修仙之仙界篇_html1251.html
第1245章 禍福相依,凡人修仙之仙界篇_html1252.html
第1246章 迷陣重重,凡人修仙之仙界篇_html1253.html
第1247章 二金之爭,凡人修仙之仙界篇_html1254.html
第1248章 故景重現,凡人修仙之仙界篇_html1255.html
第1249章 另有目的,凡人修仙之仙界篇_html1256.html
第1250章 奪路狂奔,凡人修仙之仙界篇_html1257.html
第1251章 最親近之人,凡人修仙之仙界篇_html1258.html
第1252章 再戰妙法,凡人修仙之仙界篇_html1259.html
第1253章 殿內混戰,凡人修仙之仙界篇_html1260.html
第1254章 膠着之勢,凡人修仙之仙界篇_html1261.html
第1255章 又一件仿製品？,凡人修仙之仙界篇_html1262.html
第1256章 夢中人,凡人修仙之仙界篇_html1263.html
第1257章 無形之手,凡人修仙之仙界篇_html1264.html
第1258章 差不多了,凡人修仙之仙界篇_html1265.html
第1259章 不留情面,凡人修仙之仙界篇_html1266.html
第1260章 ?斷因果,凡人修仙之仙界篇_html1267.html
第1261章 ?贗品,凡人修仙之仙界篇_html1268.html
第1262章 ?提壺山,凡人修仙之仙界篇_html1269.html
第1263章 ?迫在眉睫,凡人修仙之仙界篇_html1270.html
第1264章 ?殊死搏殺,凡人修仙之仙界篇_html1271.html
第1265章 ?瀕臨崩潰,凡人修仙之仙界篇_html1272.html
第1266章 ?重返八荒,凡人修仙之仙界篇_html1273.html
第1267章 ?天外天,凡人修仙之仙界篇_html1274.html
第1268章 ?天魔亂神,凡人修仙之仙界篇_html1275.html
第1269章 ?無處容身,凡人修仙之仙界篇_html1276.html
第1270章 ?斬屍瓶頸,凡人修仙之仙界篇_html1277.html
第1271章 ?朝行夕至,凡人修仙之仙界篇_html1278.html
第1272章 ?歸去來兮,凡人修仙之仙界篇_html1279.html
第1273章 ?說服自己,凡人修仙之仙界篇_html1280.html
第1274章 ?準備妥當,凡人修仙之仙界篇_html1281.html
第1275章 ?斬屍,凡人修仙之仙界篇_html1282.html
第1276章 ?脫離掌控,凡人修仙之仙界篇_html1283.html
第1277章 ?鬼門,凡人修仙之仙界篇_html1284.html
第1278章 洗陽入城,凡人修仙之仙界篇_html1285.html
第1279章 ?被發現了,凡人修仙之仙界篇_html1286.html
第1280章 ?事出反常,凡人修仙之仙界篇_html1287.html
第1281章 ?探幽冥,凡人修仙之仙界篇_html1288.html
第1282章 ?橋上石雕,凡人修仙之仙界篇_html1289.html
第1283章 ?鬼話,凡人修仙之仙界篇_html1290.html
第1284章 轉輪王,凡人修仙之仙界篇_html1291.html
第1285章 ?又來一個,凡人修仙之仙界篇_html1292.html
第1286章 ?三王,凡人修仙之仙界篇_html1293.html
第1287章 ?與鬼同行,凡人修仙之仙界篇_html1294.html
第1288章 ?詭異大陣,凡人修仙之仙界篇_html1295.html
第1289章 ?山登絕頂我爲峰,凡人修仙之仙界篇_html1296.html
第1290章 ?最後的師恩,凡人修仙之仙界篇_html1297.html
第1291章 離府,凡人修仙之仙界篇_html1298.html
第1292章 幽冥遇魔,凡人修仙之仙界篇_html1299.html
第1293章 再聚首,凡人修仙之仙界篇_html1300.html
第1294章 不可思議的身份,凡人修仙之仙界篇_html1301.html
第1295章 荒魂與轉世,凡人修仙之仙界篇_html1302.html
第1296章 刑獸之怒,凡人修仙之仙界篇_html1303.html
第1297章 奈何竹作舟,凡人修仙之仙界篇_html1304.html
第1298章 ?島中鬼殿,凡人修仙之仙界篇_html1305.html
第1299章 輪迴,凡人修仙之仙界篇_html1306.html
第1300章 ?骨皇,凡人修仙之仙界篇_html1307.html
第1301章 ?天機,凡人修仙之仙界篇_html1308.html
第1302章 ?輪迴之爭,凡人修仙之仙界篇_html1309.html
第1303章 ?臨危出手,凡人修仙之仙界篇_html1310.html
第1304章 ?聯手,凡人修仙之仙界篇_html1311.html
第1305章 ?殿主現身,凡人修仙之仙界篇_html1312.html
第1306章 不歸路,凡人修仙之仙界篇_html1313.html
第1307章 ?另一個我,凡人修仙之仙界篇_html1314.html
第1308章 ?一時二生,凡人修仙之仙界篇_html1315.html
第1309章 ?抉擇,凡人修仙之仙界篇_html1316.html
第1310章 ?輪迴一念,凡人修仙之仙界篇_html1317.html
第1311章 各奔西東,凡人修仙之仙界篇_html1318.html
第1312章 心情不好,凡人修仙之仙界篇_html1319.html
第1313章 海之力,凡人修仙之仙界篇_html1320.html
第1314章 閉關天外,凡人修仙之仙界篇_html1321.html
第1315章 善之不存,凡人修仙之仙界篇_html1322.html
第1316章 遊歷天下,凡人修仙之仙界篇_html1323.html
第1317章 一念之善,凡人修仙之仙界篇_html1324.html
第1318章 ?行善佈施,凡人修仙之仙界篇_html1325.html
第1319章 ?隱世,凡人修仙之仙界篇_html1326.html
第1320章 ?彈指百年,凡人修仙之仙界篇_html1327.html
第1321章 ?坐論善惡之道,凡人修仙之仙界篇_html1328.html
第1322章 ?歸宿,凡人修仙之仙界篇_html1329.html
第1323章 ?波譎雲詭,凡人修仙之仙界篇_html1330.html
第1324章 要挾和抉擇,凡人修仙之仙界篇_html1331.html
第1325章 ?巨目真身,凡人修仙之仙界篇_html1332.html
第1326章 ?雷海煉劍,凡人修仙之仙界篇_html1333.html
第1327章 ?玄天劍靈,凡人修仙之仙界篇_html1334.html
第1328章 ?臨別,凡人修仙之仙界篇_html1335.html
第1329章 ?赴約,凡人修仙之仙界篇_html1336.html
第1330章 一擊得手,凡人修仙之仙界篇_html1337.html
第1331章 ?尋上門來,凡人修仙之仙界篇_html1338.html
第1332章 ?大道之爭(元旦快樂！）,凡人修仙之仙界篇_html1339.html
第1333章 龍角少女,凡人修仙之仙界篇_html1340.html
第1334章 仙界大劫,凡人修仙之仙界篇_html1341.html
第1335章 重逢,凡人修仙之仙界篇_html1342.html
第1336章 往事歷歷,凡人修仙之仙界篇_html1343.html
第1337章 生死同往,凡人修仙之仙界篇_html1344.html
第1338章 ?傾巢,凡人修仙之仙界篇_html1345.html
第1339章 ?蟲潮護主,凡人修仙之仙界篇_html1346.html
第1340章 ?蟲祖,凡人修仙之仙界篇_html1347.html
第1341章 天蟲大戰,凡人修仙之仙界篇_html1348.html
第1342章 吾乃韓立,凡人修仙之仙界篇_html1349.html
第1343章 破道,凡人修仙之仙界篇_html1350.html
第1344章 面不改色,凡人修仙之仙界篇_html1351.html
第1345章 化道,凡人修仙之仙界篇_html1352.html
第1346章 如影而至,凡人修仙之仙界篇_html1353.html
第1347章 當機立斷,凡人修仙之仙界篇_html1354.html
第1348章 何爲自我？,凡人修仙之仙界篇_html1355.html
第1349章 萬載磨礪,凡人修仙之仙界篇_html1356.html
第1350章 故鄉遇故知,凡人修仙之仙界篇_html1357.html
第1351章 還是那個呼言,凡人修仙之仙界篇_html1358.html
第1352章 浮雲,凡人修仙之仙界篇_html1359.html
第1353章 斬念,凡人修仙之仙界篇_html1360.html
第1354章 離一切諸相,凡人修仙之仙界篇_html1361.html
第1355章 半卦窺天機（春節快樂）,凡人修仙之仙界篇_html1362.html
第1356章 隻身赴宴,凡人修仙之仙界篇_html1363.html
第1357章 十方萬仙,凡人修仙之仙界篇_html1364.html
第1358章 羣英薈萃,凡人修仙之仙界篇_html1365.html
第1359章 困局,凡人修仙之仙界篇_html1366.html
第1360章 不速之客,凡人修仙之仙界篇_html1367.html
第1361章 宴起,凡人修仙之仙界篇_html1368.html
第1362章 願衆生入涅,凡人修仙之仙界篇_html1369.html
第1363章 恩怨情仇,凡人修仙之仙界篇_html1370.html
第1364章 局勢突變,凡人修仙之仙界篇_html1371.html
第1365章 劍拔弩張,凡人修仙之仙界篇_html1372.html
第1366章 一觸即發,凡人修仙之仙界篇_html1373.html
第1367章 詛咒,凡人修仙之仙界篇_html1374.html
第1368章 逆轉,凡人修仙之仙界篇_html1375.html
第1369章 驚天預謀,凡人修仙之仙界篇_html1376.html
第1370章 質疑,凡人修仙之仙界篇_html1377.html
第1371章 出手,凡人修仙之仙界篇_html1378.html
第1372章 收買,凡人修仙之仙界篇_html1379.html
第1373章 步步緊逼,凡人修仙之仙界篇_html1380.html
第1374章 脫困,凡人修仙之仙界篇_html1381.html
第1375章 後手,凡人修仙之仙界篇_html1382.html
第1376章 好戲上演,凡人修仙之仙界篇_html1383.html
第1377章 天道終焉,凡人修仙之仙界篇_html1384.html
第1378章 最後的機會,凡人修仙之仙界篇_html1385.html
第1379章 天道莫測,凡人修仙之仙界篇_html1386.html
第1380章 混沌,凡人修仙之仙界篇_html1387.html
第1381章 半途殺出,凡人修仙之仙界篇_html1388.html
第1382章 合力,凡人修仙之仙界篇_html1389.html
第1383章 起死回生,凡人修仙之仙界篇_html1390.html
第1384章 道天大劫,凡人修仙之仙界篇_html1391.html
第1385章 金脈玉骨,凡人修仙之仙界篇_html1392.html
第1386章 變數,凡人修仙之仙界篇_html1393.html
第1387章 大道歸一,凡人修仙之仙界篇_html1394.html
第1388章 勝敗一線間,凡人修仙之仙界篇_html1395.html
第1389章 奪瓶,凡人修仙之仙界篇_html1396.html
第1390章 伏誅,凡人修仙之仙界篇_html1397.html
第1391章 送你離開,凡人修仙之仙界篇_html1398.html
第1392章 號令羣仙,凡人修仙之仙界篇_html1399.html
第1393章 棄道,凡人修仙之仙界篇_html1400.html
第1394章 自由,凡人修仙之仙界篇_html1401.html
第1395章 無憾,凡人修仙之仙界篇_html1402.html
第1396章 飛羽(大結局）,凡人修仙之仙界篇_html1403.html
仙界篇完本感言（仙界篇的完本，並不代表的,凡人修仙之仙界篇_html1404.html
