寫在連載前,sancunrenjian-ergen/三寸人間_html1.html
第一章 我要減肥！,sancunrenjian-ergen/三寸人間_html2.html
第二章 王寶樂，你幹了什麼！,sancunrenjian-ergen/三寸人間_html3.html
第三章 好同學，一切有我！,sancunrenjian-ergen/三寸人間_html4.html
第四章 飄渺道院,sancunrenjian-ergen/三寸人間_html5.html
第五章 特招學子,sancunrenjian-ergen/三寸人間_html6.html
第六章 麻煩大了,sancunrenjian-ergen/三寸人間_html7.html
第七章 全民礦工,sancunrenjian-ergen/三寸人間_html8.html
第八章 才智與反擊！,sancunrenjian-ergen/三寸人間_html9.html
第九章 太虛噬氣訣！,sancunrenjian-ergen/三寸人間_html10.html
第十章 無敵戰武系,sancunrenjian-ergen/三寸人間_html11.html
第十一章 老師，帶我一個,sancunrenjian-ergen/三寸人間_html12.html
第十二章 突破,sancunrenjian-ergen/三寸人間_html13.html
第十三章 化清丹,sancunrenjian-ergen/三寸人間_html14.html
第十四章 法兵系的優勢,sancunrenjian-ergen/三寸人間_html15.html
第十五章 這就是搶錢！,sancunrenjian-ergen/三寸人間_html16.html
第十六章 上品靈石,sancunrenjian-ergen/三寸人間_html17.html
第十七章 專門欺負我們戰武系？,sancunrenjian-ergen/三寸人間_html18.html
第十八章 封身境,sancunrenjian-ergen/三寸人間_html19.html
第十九章 太虛擒拿術,sancunrenjian-ergen/三寸人間_html20.html
第二十章 搏擊俱樂部,sancunrenjian-ergen/三寸人間_html21.html
第二十一章 叫爸爸！,sancunrenjian-ergen/三寸人間_html22.html
第二十二章 碎了……,sancunrenjian-ergen/三寸人間_html23.html
第二十三章 無恥胖兔,sancunrenjian-ergen/三寸人間_html24.html
第二十四章 我不和你打,sancunrenjian-ergen/三寸人間_html25.html
第二十五章 太虛擒拿術大成,sancunrenjian-ergen/三寸人間_html26.html
第二十六章 鄙人謝海洋,sancunrenjian-ergen/三寸人間_html27.html
第二十七章 死神丹！,sancunrenjian-ergen/三寸人間_html28.html
第二十八章 封身大圓滿,sancunrenjian-ergen/三寸人間_html29.html
第二十九章 毫不猶豫！,sancunrenjian-ergen/三寸人間_html30.html
第三十章 申請考覈！,sancunrenjian-ergen/三寸人間_html31.html
第三十一章 強勢！,sancunrenjian-ergen/三寸人間_html32.html
第三十二章 整肅門戶,sancunrenjian-ergen/三寸人間_html33.html
第三十三章 柳道斌的天賦,sancunrenjian-ergen/三寸人間_html34.html
第三十四章 法兵土豪,sancunrenjian-ergen/三寸人間_html35.html
第三十五章 草木學首鄭良,sancunrenjian-ergen/三寸人間_html36.html
第三十六章 人才柳道斌,sancunrenjian-ergen/三寸人間_html37.html
第三十七章 聯邦構架,sancunrenjian-ergen/三寸人間_html38.html
第三十八章 道歉！,sancunrenjian-ergen/三寸人間_html39.html
第三十九章 資格？,sancunrenjian-ergen/三寸人間_html40.html
第四十章 學首變革,sancunrenjian-ergen/三寸人間_html41.html
第四十一章 青木湖畔的慘叫,sancunrenjian-ergen/三寸人間_html42.html
第四十二章 幹掉他們！,sancunrenjian-ergen/三寸人間_html43.html
第四十三章 回紋公式,sancunrenjian-ergen/三寸人間_html44.html
第四十四章 掌院講堂,sancunrenjian-ergen/三寸人間_html45.html
第四十五章 我還有一個問題,sancunrenjian-ergen/三寸人間_html46.html
第四十六章 修士,sancunrenjian-ergen/三寸人間_html47.html
第四十七章 你一定是回紋學首吧,sancunrenjian-ergen/三寸人間_html48.html
第四十八章 回紋考覈,sancunrenjian-ergen/三寸人間_html49.html
第四十九章 他不像壞人,sancunrenjian-ergen/三寸人間_html50.html
第五十章 不速之客,sancunrenjian-ergen/三寸人間_html51.html
第五十一章 不要這麼調皮,sancunrenjian-ergen/三寸人間_html52.html
第五十二章 失效了……,sancunrenjian-ergen/三寸人間_html53.html
第五十三章 傀儡法器！,sancunrenjian-ergen/三寸人間_html54.html
第五十四章 三榜學首！,sancunrenjian-ergen/三寸人間_html55.html
第五十五章 紫色小劍,sancunrenjian-ergen/三寸人間_html56.html
第五十六章 今非昔比,sancunrenjian-ergen/三寸人間_html57.html
第五十七章 天上有人,sancunrenjian-ergen/三寸人間_html58.html
第五十八章 一家三口,sancunrenjian-ergen/三寸人間_html59.html
第五十九章 同學聚會,sancunrenjian-ergen/三寸人間_html60.html
第六十章 速回道院！,sancunrenjian-ergen/三寸人間_html61.html
第六十一章 殺機降臨！,sancunrenjian-ergen/三寸人間_html62.html
第六十二章 唯有反擊！,sancunrenjian-ergen/三寸人間_html63.html
第六十三章 困獸搏殺,sancunrenjian-ergen/三寸人間_html64.html
第六十四章 變故！,sancunrenjian-ergen/三寸人間_html65.html
第六十五章 這是一隻好蚊子,sancunrenjian-ergen/三寸人間_html66.html
第六十六章 還是你們會玩,sancunrenjian-ergen/三寸人間_html67.html
第六十七章 死戰！,sancunrenjian-ergen/三寸人間_html68.html
第六十八章 你這個變態！,sancunrenjian-ergen/三寸人間_html69.html
第六十九章 風華絕代！,sancunrenjian-ergen/三寸人間_html70.html
第七十章 底線，豈能輕碰！,sancunrenjian-ergen/三寸人間_html71.html
第七十一章 報仇不隔夜,sancunrenjian-ergen/三寸人間_html72.html
第七十二章 開除學籍！,sancunrenjian-ergen/三寸人間_html73.html
第七十三章 餘輝下的身影,sancunrenjian-ergen/三寸人間_html74.html
第七十四章 我在悟道,sancunrenjian-ergen/三寸人間_html75.html
第七十五章 惹不起的悟道系,sancunrenjian-ergen/三寸人間_html76.html
第七十六章 開始反擊,sancunrenjian-ergen/三寸人間_html77.html
第七十七章 解鎖新模式,sancunrenjian-ergen/三寸人間_html78.html
第七十八章 悟道系，怕不怕？,sancunrenjian-ergen/三寸人間_html79.html
第七十九章 悟道真子,sancunrenjian-ergen/三寸人間_html80.html
第八十章 信了纔怪,sancunrenjian-ergen/三寸人間_html81.html
第八十一章 同學說句話啊,sancunrenjian-ergen/三寸人間_html82.html
第八十二章 法器可以這麼用,sancunrenjian-ergen/三寸人間_html83.html
第八十三章 古武戰,sancunrenjian-ergen/三寸人間_html84.html
第八十四章 聚靈成陣,sancunrenjian-ergen/三寸人間_html85.html
第八十五章 激戰！,sancunrenjian-ergen/三寸人間_html86.html
第八十六章 高全的計劃,sancunrenjian-ergen/三寸人間_html87.html
第八十七章 不能忍,sancunrenjian-ergen/三寸人間_html88.html
第八十八章 金身？,sancunrenjian-ergen/三寸人間_html89.html
第八十九章 戰真息,sancunrenjian-ergen/三寸人間_html90.html
第九十章 氣血極致,sancunrenjian-ergen/三寸人間_html91.html
第九十一章 暴打高全！,sancunrenjian-ergen/三寸人間_html92.html
第九十二章 靈息鄉,sancunrenjian-ergen/三寸人間_html93.html
第九十三章 臨近秘境,sancunrenjian-ergen/三寸人間_html94.html
第九十四章 爲啥惹我？,sancunrenjian-ergen/三寸人間_html95.html
第九十五章 九寸靈根,sancunrenjian-ergen/三寸人間_html96.html
第九十六章 樂極生悲,sancunrenjian-ergen/三寸人間_html97.html
第九十七章 隨處可見,sancunrenjian-ergen/三寸人間_html98.html
第九十八章 莫非有寶物？,sancunrenjian-ergen/三寸人間_html99.html
第九十九章 打個招呼！,sancunrenjian-ergen/三寸人間_html100.html
第一百章 助人爲樂,sancunrenjian-ergen/三寸人間_html101.html
第一百零一章 我的好弟弟,sancunrenjian-ergen/三寸人間_html102.html
第一百零二章 你想死麼,sancunrenjian-ergen/三寸人間_html103.html
第一百零三章 八寸靈根,sancunrenjian-ergen/三寸人間_html104.html
第一百零四章 到手！,sancunrenjian-ergen/三寸人間_html105.html
第一百零五章 九寸，到爸爸這裡來,sancunrenjian-ergen/三寸人間_html106.html
第一百零六章 強悍的九寸,sancunrenjian-ergen/三寸人間_html107.html
第一百零七章 嫌棄我？,sancunrenjian-ergen/三寸人間_html108.html
第一百零八章 靈根九寸！,sancunrenjian-ergen/三寸人間_html109.html
第一百零九章 古燈殺機！,sancunrenjian-ergen/三寸人間_html110.html
第一百一十章 噬種爆發！,sancunrenjian-ergen/三寸人間_html111.html
第一百一十一章 隨意變化！,sancunrenjian-ergen/三寸人間_html112.html
第一百一十二章 尋寶奇兵,sancunrenjian-ergen/三寸人間_html113.html
第一百一十三章 青玉祭壇,sancunrenjian-ergen/三寸人間_html114.html
第一百一十四章 出手！,sancunrenjian-ergen/三寸人間_html115.html
第一百一十五章 兇殘的李怡,sancunrenjian-ergen/三寸人間_html116.html
第一百一十六章 假的？,sancunrenjian-ergen/三寸人間_html117.html
第一百一十七章 封印！,sancunrenjian-ergen/三寸人間_html118.html
第一百一十八章 諸位掌院，這裡有行字,sancunrenjian-ergen/三寸人間_html119.html
第一百一十九章 寶樂歸來,sancunrenjian-ergen/三寸人間_html120.html
第一百二十章 未央族？！,sancunrenjian-ergen/三寸人間_html121.html
第一百二十一章 唯一神兵！,sancunrenjian-ergen/三寸人間_html122.html
第一百二十二章 光芒大道,sancunrenjian-ergen/三寸人間_html123.html
第一百二十三章 法兵閣！,sancunrenjian-ergen/三寸人間_html124.html
第一百二十四章 熟悉的味道,sancunrenjian-ergen/三寸人間_html125.html
第一百二十五章 寶樂怒了！,sancunrenjian-ergen/三寸人間_html126.html
第126章 你敢佔我洞府！（第一更）,sancunrenjian-ergen/三寸人間_html127.html
第127章 林小賤，和我鬥？（第二更）,sancunrenjian-ergen/三寸人間_html128.html
第128章 多好的實驗對象！（第三更）,sancunrenjian-ergen/三寸人間_html129.html
第129章 抓狂的林天浩（第四更）,sancunrenjian-ergen/三寸人間_html130.html
第130章 對精神刺激的認知與研究,sancunrenjian-ergen/三寸人間_html131.html
第131章 暴殄天物,sancunrenjian-ergen/三寸人間_html132.html
第132章 法兵行規,sancunrenjian-ergen/三寸人間_html133.html
第133章 它很脆弱,sancunrenjian-ergen/三寸人間_html134.html
第134章 丹方獎勵！,sancunrenjian-ergen/三寸人間_html135.html
第135章 氣勢洶洶,sancunrenjian-ergen/三寸人間_html136.html
和大家聊聊天,sancunrenjian-ergen/三寸人間_html137.html
第136章 難道誤會他了？,sancunrenjian-ergen/三寸人間_html138.html
第137章 善丹,sancunrenjian-ergen/三寸人間_html139.html
第138章 新人，你還是太嫩了,sancunrenjian-ergen/三寸人間_html140.html
第139章 督查大隊長！,sancunrenjian-ergen/三寸人間_html141.html
第140章 脈系！,sancunrenjian-ergen/三寸人間_html142.html
第141章 督查大隊，集合！,sancunrenjian-ergen/三寸人間_html143.html
第142章 穿破天際！,sancunrenjian-ergen/三寸人間_html144.html
第143章 前方高能,sancunrenjian-ergen/三寸人間_html145.html
第144章 發財之日,sancunrenjian-ergen/三寸人間_html146.html
第145章 神秘人,sancunrenjian-ergen/三寸人間_html147.html
第146章 兒子？,sancunrenjian-ergen/三寸人間_html148.html
第147章 子浩，上！不要慫！,sancunrenjian-ergen/三寸人間_html149.html
第148章 插播一條廣告,sancunrenjian-ergen/三寸人間_html150.html
第149章 陸子浩的原則,sancunrenjian-ergen/三寸人間_html151.html
第150章 對人也有效,sancunrenjian-ergen/三寸人間_html152.html
第151章 道友留神,sancunrenjian-ergen/三寸人間_html153.html
第152章 太上親傳！,sancunrenjian-ergen/三寸人間_html154.html
第153章 能好好說話麼？,sancunrenjian-ergen/三寸人間_html155.html
第154章 幻兵唯心！,sancunrenjian-ergen/三寸人間_html156.html
第155章 你給我住手！,sancunrenjian-ergen/三寸人間_html157.html
第156章 命令我？,sancunrenjian-ergen/三寸人間_html158.html
第157章 靈血爆發,sancunrenjian-ergen/三寸人間_html159.html
第158章 我……我懷孕了,sancunrenjian-ergen/三寸人間_html160.html
第159章 難道是結石？,sancunrenjian-ergen/三寸人間_html161.html
第160章 雲霧指,sancunrenjian-ergen/三寸人間_html162.html
第161章冰砂！,sancunrenjian-ergen/三寸人間_html163.html
第162章 絕世獨立,sancunrenjian-ergen/三寸人間_html164.html
第163章 叉系列法器,sancunrenjian-ergen/三寸人間_html165.html
第164章 碎了不要錢,sancunrenjian-ergen/三寸人間_html166.html
第165章 叫板,sancunrenjian-ergen/三寸人間_html167.html
第166章 古道熱腸趙師兄,sancunrenjian-ergen/三寸人間_html168.html
第167章 這定是一場陰謀,sancunrenjian-ergen/三寸人間_html169.html
第168章 嗡…嗡嗡…,sancunrenjian-ergen/三寸人間_html170.html
第169章 狼煙滾滾,sancunrenjian-ergen/三寸人間_html171.html
第170章 第七要塞,sancunrenjian-ergen/三寸人間_html172.html
第171章 滅族成將！,sancunrenjian-ergen/三寸人間_html173.html
第172章 名人？,sancunrenjian-ergen/三寸人間_html174.html
第173章 風雨欲來,sancunrenjian-ergen/三寸人間_html175.html
第174章 獸潮初始,sancunrenjian-ergen/三寸人間_html176.html
第175章 奇癢無比,sancunrenjian-ergen/三寸人間_html177.html
第176章 危機降臨,sancunrenjian-ergen/三寸人間_html178.html
第177章 音波阻靈,sancunrenjian-ergen/三寸人間_html179.html
第178章 步步危機,sancunrenjian-ergen/三寸人間_html180.html
第179章 決然！,sancunrenjian-ergen/三寸人間_html181.html
第180章 反擊！！,sancunrenjian-ergen/三寸人間_html182.html
第181章 開炮！,sancunrenjian-ergen/三寸人間_html183.html
第182章 鎖定！擊殺！,sancunrenjian-ergen/三寸人間_html184.html
第183章 橄欖枝,sancunrenjian-ergen/三寸人間_html185.html
第183章 驚天大招！,sancunrenjian-ergen/三寸人間_html186.html
第185章 道院大賞！,sancunrenjian-ergen/三寸人間_html187.html
第186章 炎爆,sancunrenjian-ergen/三寸人間_html188.html
第187章 勢力大漲,sancunrenjian-ergen/三寸人間_html189.html
第188章 求電,sancunrenjian-ergen/三寸人間_html190.html
第189章 寶樂大炮,sancunrenjian-ergen/三寸人間_html191.html
第190章 兵子考覈,sancunrenjian-ergen/三寸人間_html192.html
第191章 清清楚楚！,sancunrenjian-ergen/三寸人間_html193.html
第192章 敲鼓問上,sancunrenjian-ergen/三寸人間_html194.html
第193章 碎了...,sancunrenjian-ergen/三寸人間_html195.html
第194章 誰的人生開了掛,sancunrenjian-ergen/三寸人間_html196.html
第195章 你說話啊！,sancunrenjian-ergen/三寸人間_html197.html
第196章 劍陽計劃！,sancunrenjian-ergen/三寸人間_html198.html
第197章 你行你上！,sancunrenjian-ergen/三寸人間_html199.html
第198章 臉啊,sancunrenjian-ergen/三寸人間_html200.html
第199章 科倫盆地,sancunrenjian-ergen/三寸人間_html201.html
第200章 劇變！,sancunrenjian-ergen/三寸人間_html202.html
第201章 絕地！,sancunrenjian-ergen/三寸人間_html203.html
第202章 困局,sancunrenjian-ergen/三寸人間_html204.html
第203章 誰是怪物……,sancunrenjian-ergen/三寸人間_html205.html
第204章 老子拼了,sancunrenjian-ergen/三寸人間_html206.html
第205章 成爲主導,sancunrenjian-ergen/三寸人間_html207.html
第206章 真息巔峰,sancunrenjian-ergen/三寸人間_html208.html
第207章 奉至修真行！,sancunrenjian-ergen/三寸人間_html209.html
第208章 讓我來啊,sancunrenjian-ergen/三寸人間_html210.html
第209章 唸經！,sancunrenjian-ergen/三寸人間_html211.html
第210章 一定是他！,sancunrenjian-ergen/三寸人間_html212.html
第211章 重踏前程！,sancunrenjian-ergen/三寸人間_html213.html
第212章 聯邦都城,sancunrenjian-ergen/三寸人間_html214.html
第213章 自力更生王寶樂,sancunrenjian-ergen/三寸人間_html215.html
第214章 百子表彰,sancunrenjian-ergen/三寸人間_html216.html
第215章 聯邦需要一萬個王寶樂！,sancunrenjian-ergen/三寸人間_html217.html
第216章 碎星爆,sancunrenjian-ergen/三寸人間_html218.html
第217章 誰與爭鋒！,sancunrenjian-ergen/三寸人間_html219.html
第218章 我，老實和善,sancunrenjian-ergen/三寸人間_html220.html
第219章 我的！！,sancunrenjian-ergen/三寸人間_html221.html
第220章 肉身築基,sancunrenjian-ergen/三寸人間_html222.html
第221章 獨戰羣雄,sancunrenjian-ergen/三寸人間_html223.html
第222章 孤狼孔道,sancunrenjian-ergen/三寸人間_html224.html
第223章 人生三大共！,sancunrenjian-ergen/三寸人間_html225.html
第224章 權掌法兵閣,sancunrenjian-ergen/三寸人間_html226.html
第225章 生日禮物,sancunrenjian-ergen/三寸人間_html227.html
第226章 格物築基法,sancunrenjian-ergen/三寸人間_html228.html
第227章 縹緲果宴,sancunrenjian-ergen/三寸人間_html229.html
第228章 大道需至簡,sancunrenjian-ergen/三寸人間_html230.html
第229章 金剛駕到！,sancunrenjian-ergen/三寸人間_html231.html
第230章 機關閣，黃杉！,sancunrenjian-ergen/三寸人間_html232.html
第231章 王林和解,sancunrenjian-ergen/三寸人間_html233.html
第232章 你挺囂張的啊,sancunrenjian-ergen/三寸人間_html234.html
第233章 我卓一仙就算死，也不道歉！,sancunrenjian-ergen/三寸人間_html235.html
第234章 月球秘境！,sancunrenjian-ergen/三寸人間_html236.html
第235章 飛出地球,sancunrenjian-ergen/三寸人間_html237.html
第236章 傳說,sancunrenjian-ergen/三寸人間_html238.html
第237章 四脈宗門,sancunrenjian-ergen/三寸人間_html239.html
第238章 各方匯聚,sancunrenjian-ergen/三寸人間_html240.html
第239章 剋星,sancunrenjian-ergen/三寸人間_html241.html
第240章 木紋封印,sancunrenjian-ergen/三寸人間_html242.html
第241章 血眼尋蹤！,sancunrenjian-ergen/三寸人間_html243.html
第242章 迷蹤霧現,sancunrenjian-ergen/三寸人間_html244.html
第243章 聯邦震動！,sancunrenjian-ergen/三寸人間_html245.html
第244章 打劫？！,sancunrenjian-ergen/三寸人間_html246.html
第245章 唯我獨尊……,sancunrenjian-ergen/三寸人間_html247.html
第246章 改造迷蹤霧,sancunrenjian-ergen/三寸人間_html248.html
第247章 道友請留步！,sancunrenjian-ergen/三寸人間_html249.html
第248章 有錢，任性！,sancunrenjian-ergen/三寸人間_html250.html
第249章 月球背面！,sancunrenjian-ergen/三寸人間_html251.html
第250章 滅口！,sancunrenjian-ergen/三寸人間_html252.html
第251章 戰築基！,sancunrenjian-ergen/三寸人間_html253.html
第252章 踏入此圈者，死！,sancunrenjian-ergen/三寸人間_html254.html
第253章 迷蹤霧現,sancunrenjian-ergen/三寸人間_html255.html
第254章 驚天靈源！,sancunrenjian-ergen/三寸人間_html256.html
第255章 外面有人！,sancunrenjian-ergen/三寸人間_html257.html
第256章 小鼎！,sancunrenjian-ergen/三寸人間_html258.html
第257章 奪鼎！,sancunrenjian-ergen/三寸人間_html259.html
第258章 法兵了不起？,sancunrenjian-ergen/三寸人間_html260.html
第259章 噬主？,sancunrenjian-ergen/三寸人間_html261.html
第260章 斷臂！,sancunrenjian-ergen/三寸人間_html262.html
第261章 熟人……,sancunrenjian-ergen/三寸人間_html263.html
第262章 驚變！,sancunrenjian-ergen/三寸人間_html264.html
第263章 道基碎滅,sancunrenjian-ergen/三寸人間_html265.html
第264章 險死還生！,sancunrenjian-ergen/三寸人間_html266.html
第265章 逃亡,sancunrenjian-ergen/三寸人間_html267.html
第266章 血染秘境！,sancunrenjian-ergen/三寸人間_html268.html
第267章 沉睡之地,sancunrenjian-ergen/三寸人間_html269.html
第268章 靈仙跪拜！,sancunrenjian-ergen/三寸人間_html270.html
第269章 仙基！,sancunrenjian-ergen/三寸人間_html271.html
第270章 我，回來了,sancunrenjian-ergen/三寸人間_html272.html
第271章 血色秘境！,sancunrenjian-ergen/三寸人間_html273.html
第272章 復仇之旅！,sancunrenjian-ergen/三寸人間_html274.html
第273章 滾！,sancunrenjian-ergen/三寸人間_html275.html
第274章 殺到基地,sancunrenjian-ergen/三寸人間_html276.html
第275章 月亮裡的桂樹！,sancunrenjian-ergen/三寸人間_html277.html
第276章 重回舊地,sancunrenjian-ergen/三寸人間_html278.html
第277章 殺周飛！,sancunrenjian-ergen/三寸人間_html279.html
第278章 落日宗主！,sancunrenjian-ergen/三寸人間_html280.html
第279章 各有乾坤！,sancunrenjian-ergen/三寸人間_html281.html
第280章 虎口奪食！！,sancunrenjian-ergen/三寸人間_html282.html
第281章 神兵赤星！,sancunrenjian-ergen/三寸人間_html283.html
第282章 夜仙王醒！,sancunrenjian-ergen/三寸人間_html284.html
第283章 一眼滅殺！,sancunrenjian-ergen/三寸人間_html285.html
第284章 哭聲與師尊,sancunrenjian-ergen/三寸人間_html286.html
第285章 我是他幹爺爺！,sancunrenjian-ergen/三寸人間_html287.html
第286章 月亮，再見,sancunrenjian-ergen/三寸人間_html288.html
第287章 迴歸地球！,sancunrenjian-ergen/三寸人間_html289.html
第288章 禁忌冥法,sancunrenjian-ergen/三寸人間_html290.html
第289章 調令！,sancunrenjian-ergen/三寸人間_html291.html
第290章 目標，火星殖民城,sancunrenjian-ergen/三寸人間_html292.html
第291章 火星副域主！,sancunrenjian-ergen/三寸人間_html293.html
第292章 只差一絲！,sancunrenjian-ergen/三寸人間_html294.html
第293章 貴族學院,sancunrenjian-ergen/三寸人間_html295.html
第294章 開門紅,sancunrenjian-ergen/三寸人間_html296.html
第295章 故人,sancunrenjian-ergen/三寸人間_html297.html
第296章 戰斧酒店的故事,sancunrenjian-ergen/三寸人間_html298.html
第297章 煞氣滔天,sancunrenjian-ergen/三寸人間_html299.html
第298章 新的法兵老師,sancunrenjian-ergen/三寸人間_html300.html
第299章 勾引我？,sancunrenjian-ergen/三寸人間_html301.html
第300章 一言不合,sancunrenjian-ergen/三寸人間_html302.html
第301章 有何不敢！,sancunrenjian-ergen/三寸人間_html303.html
第302章 林天浩的改變,sancunrenjian-ergen/三寸人間_html304.html
第303章 吞天術！,sancunrenjian-ergen/三寸人間_html305.html
第304章 五百個胖子！,sancunrenjian-ergen/三寸人間_html306.html
第305章 可滅未來一族！,sancunrenjian-ergen/三寸人間_html307.html
第306章 一個瘋狂的念頭,sancunrenjian-ergen/三寸人間_html308.html
第307章 我只是一縷燭火,sancunrenjian-ergen/三寸人間_html309.html
第308章 別過來！,sancunrenjian-ergen/三寸人間_html310.html
第309章 爆發！,sancunrenjian-ergen/三寸人間_html311.html
第310章 請域主賜號！,sancunrenjian-ergen/三寸人間_html312.html
第311章 凌雲學子團！,sancunrenjian-ergen/三寸人間_html313.html
第312章 新的火靈副院長,sancunrenjian-ergen/三寸人間_html314.html
第313章 小姐姐的敵意！,sancunrenjian-ergen/三寸人間_html315.html
第314章 九品法兵？,sancunrenjian-ergen/三寸人間_html316.html
第315章 交易,sancunrenjian-ergen/三寸人間_html317.html
第316章 域紀部來人！,sancunrenjian-ergen/三寸人間_html318.html
第317章 強勢,sancunrenjian-ergen/三寸人間_html319.html
第318章 王院長，請配合！,sancunrenjian-ergen/三寸人間_html320.html
第319章 火星異變,sancunrenjian-ergen/三寸人間_html321.html
第320章 詭異村莊！,sancunrenjian-ergen/三寸人間_html322.html
第321章 打死我也不說！,sancunrenjian-ergen/三寸人間_html323.html
第322章 大鷹神鳥？,sancunrenjian-ergen/三寸人間_html324.html
第323章 兒啊！,sancunrenjian-ergen/三寸人間_html325.html
第324章 什麼不能吃？,sancunrenjian-ergen/三寸人間_html326.html
第325章 養不起了,sancunrenjian-ergen/三寸人間_html327.html
第326章 知識的力量,sancunrenjian-ergen/三寸人間_html328.html
第327章 我反悔了，我不要了,sancunrenjian-ergen/三寸人間_html329.html
第328章 閉嘴！,sancunrenjian-ergen/三寸人間_html330.html
第329章 冥火,sancunrenjian-ergen/三寸人間_html331.html
第330章 心累,sancunrenjian-ergen/三寸人間_html332.html
第331章 冥宗,sancunrenjian-ergen/三寸人間_html333.html
第332章 黑驢與白驢,sancunrenjian-ergen/三寸人間_html334.html
第333章 救我！,sancunrenjian-ergen/三寸人間_html335.html
第334章 救援！,sancunrenjian-ergen/三寸人間_html336.html
第335章 屍變,sancunrenjian-ergen/三寸人間_html337.html
第336章 有食物靠近……,sancunrenjian-ergen/三寸人間_html338.html
第337章 大仇！,sancunrenjian-ergen/三寸人間_html339.html
第338章 這個不能吃！,sancunrenjian-ergen/三寸人間_html340.html
第339章 我不能說！,sancunrenjian-ergen/三寸人間_html341.html
第340章 卓一仙的大案,sancunrenjian-ergen/三寸人間_html342.html
第341章 卓一仙，你想死麼！,sancunrenjian-ergen/三寸人間_html343.html
第342章 火星新區！,sancunrenjian-ergen/三寸人間_html344.html
第343章 美人計？,sancunrenjian-ergen/三寸人間_html345.html
第344章 打上門來,sancunrenjian-ergen/三寸人間_html346.html
第345章 驢隊友,sancunrenjian-ergen/三寸人間_html347.html
第346章 新區確定,sancunrenjian-ergen/三寸人間_html348.html
第347章 自力更生王寶樂,sancunrenjian-ergen/三寸人間_html349.html
第348章 氣勢如虹！,sancunrenjian-ergen/三寸人間_html350.html
第349章 開局一頭驢,sancunrenjian-ergen/三寸人間_html351.html
第350章 獸潮初來,sancunrenjian-ergen/三寸人間_html352.html
第351章 坑人！,sancunrenjian-ergen/三寸人間_html353.html
第352章 一字排開！,sancunrenjian-ergen/三寸人間_html354.html
第353章 沒有資源，不怕！,sancunrenjian-ergen/三寸人間_html355.html
第354章 一人獨往！,sancunrenjian-ergen/三寸人間_html356.html
第355章 震懾獸潮,sancunrenjian-ergen/三寸人間_html357.html
第356章 心疼小毛驢,sancunrenjian-ergen/三寸人間_html358.html
第357章 退下！,sancunrenjian-ergen/三寸人間_html359.html
第358章 震懾！,sancunrenjian-ergen/三寸人間_html360.html
第359章 不滅城威！,sancunrenjian-ergen/三寸人間_html361.html
第360章 食物！！,sancunrenjian-ergen/三寸人間_html362.html
第361章 絕世大仇,sancunrenjian-ergen/三寸人間_html363.html
第362章 大獲全勝！,sancunrenjian-ergen/三寸人間_html364.html
第363章 正四爵！,sancunrenjian-ergen/三寸人間_html365.html
第364章 神兵之璧,sancunrenjian-ergen/三寸人間_html366.html
第365章 養氣魂靈陣,sancunrenjian-ergen/三寸人間_html367.html
第366章 挑剔與考察！,sancunrenjian-ergen/三寸人間_html368.html
第367章 炙手可熱,sancunrenjian-ergen/三寸人間_html369.html
第368章 林佑的優點,sancunrenjian-ergen/三寸人間_html370.html
第369章 林佑的指點,sancunrenjian-ergen/三寸人間_html371.html
第370章 建造新區！,sancunrenjian-ergen/三寸人間_html372.html
第371章 男神會新成員！,sancunrenjian-ergen/三寸人間_html373.html
第372章 築基後期！,sancunrenjian-ergen/三寸人間_html374.html
第373章 敲打!,sancunrenjian-ergen/三寸人間_html375.html
第374章 不見兔子不撒鷹,sancunrenjian-ergen/三寸人間_html376.html
第375章 地窟內的聲音！,sancunrenjian-ergen/三寸人間_html377.html
第376章 變故,sancunrenjian-ergen/三寸人間_html378.html
第377章 救人！,sancunrenjian-ergen/三寸人間_html379.html
第378章 加分與減分！,sancunrenjian-ergen/三寸人間_html380.html
第379章 地盤多大，寶樂多大,sancunrenjian-ergen/三寸人間_html381.html
第380章 不作死就不會死,sancunrenjian-ergen/三寸人間_html382.html
第381章 出事了！,sancunrenjian-ergen/三寸人間_html383.html
第382章 給我押下！,sancunrenjian-ergen/三寸人間_html384.html
第383章 永不錄用！,sancunrenjian-ergen/三寸人間_html385.html
第384章 一切具備！,sancunrenjian-ergen/三寸人間_html386.html
第385章 衆志成城,sancunrenjian-ergen/三寸人間_html387.html
第386章 正三爵！,sancunrenjian-ergen/三寸人間_html388.html
第387章 居安思危,sancunrenjian-ergen/三寸人間_html389.html
第388章 李婉兒訂婚！,sancunrenjian-ergen/三寸人間_html390.html
第389章 副城主上任！,sancunrenjian-ergen/三寸人間_html391.html
第390章 不是冤家不聚頭,sancunrenjian-ergen/三寸人間_html392.html
第391章 自治區！,sancunrenjian-ergen/三寸人間_html393.html
第392章 別較真！,sancunrenjian-ergen/三寸人間_html394.html
第393章 目標：法兵大師！,sancunrenjian-ergen/三寸人間_html395.html
第394章 風起！,sancunrenjian-ergen/三寸人間_html396.html
第395章 給臉不要臉,sancunrenjian-ergen/三寸人間_html397.html
第396章 畫地爲牢！,sancunrenjian-ergen/三寸人間_html398.html
第397章 光明正大的理由！,sancunrenjian-ergen/三寸人間_html399.html
第398章 強勢到底！,sancunrenjian-ergen/三寸人間_html400.html
第399章 王寶樂的軍令狀！,sancunrenjian-ergen/三寸人間_html401.html
第400章 一封信,sancunrenjian-ergen/三寸人間_html402.html
第401章 小毛驢的執着,sancunrenjian-ergen/三寸人間_html403.html
第402章 克之！,sancunrenjian-ergen/三寸人間_html404.html
第403章 奉王城主之命！,sancunrenjian-ergen/三寸人間_html405.html
第404章 漆黑一片的視頻……,sancunrenjian-ergen/三寸人間_html406.html
第405章 域主道侶姓趙？,sancunrenjian-ergen/三寸人間_html407.html
第406章 長生功！,sancunrenjian-ergen/三寸人間_html408.html
第407章 實驗基地！,sancunrenjian-ergen/三寸人間_html409.html
第408章 暴露！,sancunrenjian-ergen/三寸人間_html410.html
第409章 所謂意天！,sancunrenjian-ergen/三寸人間_html411.html
第410章 孤舟、黑袍、燈漿！,sancunrenjian-ergen/三寸人間_html412.html
第411章 冥宗的傳說！,sancunrenjian-ergen/三寸人間_html413.html
第412章 打草驚蛇,sancunrenjian-ergen/三寸人間_html414.html
第413章 雷霆鎮壓！,sancunrenjian-ergen/三寸人間_html415.html
第404章 繼續忽悠,sancunrenjian-ergen/三寸人間_html416.html
第415章 敢作敢當！,sancunrenjian-ergen/三寸人間_html417.html
第416章 半夜敲門！,sancunrenjian-ergen/三寸人間_html418.html
第417章 療傷……,sancunrenjian-ergen/三寸人間_html419.html
第418章 能人！,sancunrenjian-ergen/三寸人間_html420.html
第419章 錦上添花！,sancunrenjian-ergen/三寸人間_html421.html
第420章 決裂,sancunrenjian-ergen/三寸人間_html422.html
第421章 她要幹嘛？,sancunrenjian-ergen/三寸人間_html423.html
第422章 老王，我長大了！,sancunrenjian-ergen/三寸人間_html424.html
第423章 結盟！,sancunrenjian-ergen/三寸人間_html425.html
第424章 寄生！,sancunrenjian-ergen/三寸人間_html426.html
第425章 築基大圓滿,sancunrenjian-ergen/三寸人間_html427.html
第426章 半成法兵！,sancunrenjian-ergen/三寸人間_html428.html
第427章 爆發！,sancunrenjian-ergen/三寸人間_html429.html
第428章 血肉傀儡！,sancunrenjian-ergen/三寸人間_html430.html
第429章 廝殺！,sancunrenjian-ergen/三寸人間_html431.html
第430章 底牌盡出！,sancunrenjian-ergen/三寸人間_html432.html
第431章 小心，驢出沒！,sancunrenjian-ergen/三寸人間_html433.html
第432章 驢生贏家！,sancunrenjian-ergen/三寸人間_html434.html
第433章 這是高手！,sancunrenjian-ergen/三寸人間_html435.html
第434章 殺向陳沐,sancunrenjian-ergen/三寸人間_html436.html
第435章 請域主做主,sancunrenjian-ergen/三寸人間_html437.html
第436章 一羣強盜！,sancunrenjian-ergen/三寸人間_html438.html
第437章 資料都是騙人的！,sancunrenjian-ergen/三寸人間_html439.html
第438章 外地入侵！,sancunrenjian-ergen/三寸人間_html440.html
第439章 水星浩劫！,sancunrenjian-ergen/三寸人間_html441.html
第440章 聯邦震怒！,sancunrenjian-ergen/三寸人間_html442.html
第441章 危機！,sancunrenjian-ergen/三寸人間_html443.html
第442章 激鬥！,sancunrenjian-ergen/三寸人間_html444.html
第443章 小姐姐，快開門！,sancunrenjian-ergen/三寸人間_html445.html
第444章 小姐姐威武！,sancunrenjian-ergen/三寸人間_html446.html
第445章 殺了這卓一仙！,sancunrenjian-ergen/三寸人間_html447.html
第446章 還能是他家不成！,sancunrenjian-ergen/三寸人間_html448.html
第447章 逃脫！,sancunrenjian-ergen/三寸人間_html449.html
第448章 地底城池！,sancunrenjian-ergen/三寸人間_html450.html
第449章 一定是錯怪小毛驢了,sancunrenjian-ergen/三寸人間_html451.html
第450章 冥夢,sancunrenjian-ergen/三寸人間_html452.html
第451章 師傅，我做了一個夢,sancunrenjian-ergen/三寸人間_html453.html
第452章 屍顏！,sancunrenjian-ergen/三寸人間_html454.html
第453章 師兄塵青,sancunrenjian-ergen/三寸人間_html455.html
第454章 冥法，引魂,sancunrenjian-ergen/三寸人間_html456.html
第455章 沒有未來！,sancunrenjian-ergen/三寸人間_html457.html
第456章 桀驁三魂,sancunrenjian-ergen/三寸人間_html458.html
第457章 主人，你總算來了！,sancunrenjian-ergen/三寸人間_html459.html
第458章 大王的女帝們！,sancunrenjian-ergen/三寸人間_html460.html
第459章 冥丹！,sancunrenjian-ergen/三寸人間_html461.html
第460章 夢醒,sancunrenjian-ergen/三寸人間_html462.html
第461章 變夢爲真！,sancunrenjian-ergen/三寸人間_html463.html
第462章 歸位！,sancunrenjian-ergen/三寸人間_html464.html
第463章 中品神兵！,sancunrenjian-ergen/三寸人間_html465.html
第464章 死神！,sancunrenjian-ergen/三寸人間_html466.html
第465章 冥鏡,sancunrenjian-ergen/三寸人間_html467.html
第466章 道友，該上路了！,sancunrenjian-ergen/三寸人間_html468.html
第467章 大豐收！,sancunrenjian-ergen/三寸人間_html469.html
第468章 神秘石盒,sancunrenjian-ergen/三寸人間_html470.html
第469章 外星法寶！,sancunrenjian-ergen/三寸人間_html471.html
第470章 圍觀,sancunrenjian-ergen/三寸人間_html472.html
第471章 寶樂是個好孩子,sancunrenjian-ergen/三寸人間_html473.html
第472章 總統自傳,sancunrenjian-ergen/三寸人間_html474.html
第473章 衣錦還鄉,sancunrenjian-ergen/三寸人間_html475.html
第474章 回家,sancunrenjian-ergen/三寸人間_html476.html
第475章 陪伴,sancunrenjian-ergen/三寸人間_html477.html
第476章 定居飄渺城,sancunrenjian-ergen/三寸人間_html478.html
第477章 衝上丹道閣！,sancunrenjian-ergen/三寸人間_html479.html
第478章 一往無前！,sancunrenjian-ergen/三寸人間_html480.html
第479章 我姓趙！,sancunrenjian-ergen/三寸人間_html481.html
第480章 第一個？！,sancunrenjian-ergen/三寸人間_html482.html
第481章 心上人,sancunrenjian-ergen/三寸人間_html483.html
第482章 飄渺盛事,sancunrenjian-ergen/三寸人間_html484.html
第483章 藉機！,sancunrenjian-ergen/三寸人間_html485.html
第484章 小胖子，打我一拳！,sancunrenjian-ergen/三寸人間_html486.html
第485章 蒼茫道宮！,sancunrenjian-ergen/三寸人間_html487.html
第486章 隱秘與歷史,sancunrenjian-ergen/三寸人間_html488.html
第487章 冥器開發！,sancunrenjian-ergen/三寸人間_html489.html
第488章 心累的王寶樂,sancunrenjian-ergen/三寸人間_html490.html
第489章 老夫天帥子！,sancunrenjian-ergen/三寸人間_html491.html
第490章 療養聖地,sancunrenjian-ergen/三寸人間_html492.html
第491章 聯邦調令！,sancunrenjian-ergen/三寸人間_html493.html
第492章 目標：水星！,sancunrenjian-ergen/三寸人間_html494.html
第493章 開啓！,sancunrenjian-ergen/三寸人間_html495.html
第494章 這麼弱？,sancunrenjian-ergen/三寸人間_html496.html
第495章 登陸青銅古劍！,sancunrenjian-ergen/三寸人間_html497.html
第496章 初入道宮！,sancunrenjian-ergen/三寸人間_html498.html
第497章 你媽是誰？,sancunrenjian-ergen/三寸人間_html499.html
第498章 給我道歉！,sancunrenjian-ergen/三寸人間_html500.html
第499章 雷仙變！,sancunrenjian-ergen/三寸人間_html501.html
第500章 戰功至上！,sancunrenjian-ergen/三寸人間_html502.html
第501章 青火島主,sancunrenjian-ergen/三寸人間_html503.html
第502章 一言不合,sancunrenjian-ergen/三寸人間_html504.html
第503章 和我鬥？,sancunrenjian-ergen/三寸人間_html505.html
第504章 初入火海,sancunrenjian-ergen/三寸人間_html506.html
第505章 海底廢墟,sancunrenjian-ergen/三寸人間_html507.html
第506章 未央族影！,sancunrenjian-ergen/三寸人間_html508.html
第507章 我要報仇！,sancunrenjian-ergen/三寸人間_html509.html
第508章 生意興隆,sancunrenjian-ergen/三寸人間_html510.html
第509章 你怎麼在這裡！,sancunrenjian-ergen/三寸人間_html511.html
第510章 謝海洋！,sancunrenjian-ergen/三寸人間_html512.html
第511章 大賺！,sancunrenjian-ergen/三寸人間_html513.html
第512章 就是了不起,sancunrenjian-ergen/三寸人間_html514.html
第513章 強制收購！,sancunrenjian-ergen/三寸人間_html515.html
第514章 爲什麼要殺你？,sancunrenjian-ergen/三寸人間_html516.html
第515章 合作愉快！,sancunrenjian-ergen/三寸人間_html517.html
第516章 求救聲！,sancunrenjian-ergen/三寸人間_html518.html
第517章 詭異之地！,sancunrenjian-ergen/三寸人間_html519.html
第518章 給我唱歌！,sancunrenjian-ergen/三寸人間_html520.html
第519章 白衣報恩,sancunrenjian-ergen/三寸人間_html521.html
第520章 破禁！,sancunrenjian-ergen/三寸人間_html522.html
第521章 符兵！,sancunrenjian-ergen/三寸人間_html523.html
第522章 消化收穫！,sancunrenjian-ergen/三寸人間_html524.html
第523章 男神小隊！,sancunrenjian-ergen/三寸人間_html525.html
第524章 機緣？,sancunrenjian-ergen/三寸人間_html526.html
第525章 挪移！,sancunrenjian-ergen/三寸人間_html527.html
第526章 非生非死之地！,sancunrenjian-ergen/三寸人間_html528.html
第527章 吾名，帝鎧！,sancunrenjian-ergen/三寸人間_html529.html
第528章 厄蒼、兵冢、胖天堂！,sancunrenjian-ergen/三寸人間_html530.html
第529章 受驚！,sancunrenjian-ergen/三寸人間_html531.html
第530章 哭了？,sancunrenjian-ergen/三寸人間_html532.html
第531章 爸爸來了,sancunrenjian-ergen/三寸人間_html533.html
第532章 爸爸生氣了,sancunrenjian-ergen/三寸人間_html534.html
第533章 各自突破！,sancunrenjian-ergen/三寸人間_html535.html
第534章 眼！,sancunrenjian-ergen/三寸人間_html536.html
第535章 飛仙台！,sancunrenjian-ergen/三寸人間_html537.html
第536章 踏煙而行！,sancunrenjian-ergen/三寸人間_html538.html
第537章 小端木，你的快遞要到了,sancunrenjian-ergen/三寸人間_html539.html
第538章 聯邦震撼,sancunrenjian-ergen/三寸人間_html540.html
第539章 樑龍去哪了！,sancunrenjian-ergen/三寸人間_html541.html
第540章 倒打一耙！,sancunrenjian-ergen/三寸人間_html542.html
第541章 危機感！,sancunrenjian-ergen/三寸人間_html543.html
第542章 法兵難題！,sancunrenjian-ergen/三寸人間_html544.html
第543章 孔道拜訪！,sancunrenjian-ergen/三寸人間_html545.html
第544章 戰石獸！,sancunrenjian-ergen/三寸人間_html546.html
第545章 護法與來人！,sancunrenjian-ergen/三寸人間_html547.html
第546章 運氣不錯！,sancunrenjian-ergen/三寸人間_html548.html
第547章 神秘枯果,sancunrenjian-ergen/三寸人間_html549.html
第548章 邪法燭奪！,sancunrenjian-ergen/三寸人間_html550.html
第549章 燭奪魔鎧！,sancunrenjian-ergen/三寸人間_html551.html
第550章 風信樹葉！,sancunrenjian-ergen/三寸人間_html552.html
第551章 內部矛盾,sancunrenjian-ergen/三寸人間_html553.html
第552章 各方準備！,sancunrenjian-ergen/三寸人間_html554.html
第553章 李行文與馮秋然！,sancunrenjian-ergen/三寸人間_html555.html
第554章 準備！,sancunrenjian-ergen/三寸人間_html556.html
第555章 殺戮魔鎧！,sancunrenjian-ergen/三寸人間_html557.html
第556章 五大親傳！,sancunrenjian-ergen/三寸人間_html558.html
第557章 開啓！,sancunrenjian-ergen/三寸人間_html559.html
第558章 諸位留步！,sancunrenjian-ergen/三寸人間_html560.html
第559章 夜空地圖！,sancunrenjian-ergen/三寸人間_html561.html
第560章 我是獵人！,sancunrenjian-ergen/三寸人間_html562.html
第561章 霸路初顯！,sancunrenjian-ergen/三寸人間_html563.html
第562章 打破規則！,sancunrenjian-ergen/三寸人間_html564.html
第563章 好運氣！,sancunrenjian-ergen/三寸人間_html565.html
第564章 燭奪噬,sancunrenjian-ergen/三寸人間_html566.html
第565章 這是...傳說中的帝鎧！,sancunrenjian-ergen/三寸人間_html567.html
第566章 星辰動！,sancunrenjian-ergen/三寸人間_html568.html
第567章 五拳敗你！,sancunrenjian-ergen/三寸人間_html569.html
第568章 磨刀石！,sancunrenjian-ergen/三寸人間_html570.html
第569章 強勢！,sancunrenjian-ergen/三寸人間_html571.html
第570章 隔空遙望！,sancunrenjian-ergen/三寸人間_html572.html
第571章 無人問津！,sancunrenjian-ergen/三寸人間_html573.html
第572章 寶樂，你懂嗎？,sancunrenjian-ergen/三寸人間_html574.html
第573章 清場！,sancunrenjian-ergen/三寸人間_html575.html
第574章 一山二峰！,sancunrenjian-ergen/三寸人間_html576.html
第575章 無雙之戰！,sancunrenjian-ergen/三寸人間_html577.html
第576章 光影交錯！,sancunrenjian-ergen/三寸人間_html578.html
第577章 魂來！,sancunrenjian-ergen/三寸人間_html579.html
第578章 開封印！,sancunrenjian-ergen/三寸人間_html580.html
第579章 極限,sancunrenjian-ergen/三寸人間_html581.html
第580章 瘦了！！！,sancunrenjian-ergen/三寸人間_html582.html
第581章 拔劍！,sancunrenjian-ergen/三寸人間_html583.html
第582章 第一人！,sancunrenjian-ergen/三寸人間_html584.html
第583章 不一樣了！,sancunrenjian-ergen/三寸人間_html585.html
第584章 聯邦來人！,sancunrenjian-ergen/三寸人間_html586.html
第585章 風吹雲散抿前仇,sancunrenjian-ergen/三寸人間_html587.html
第586章 求親！,sancunrenjian-ergen/三寸人間_html588.html
第587章 靈網融入生活！,sancunrenjian-ergen/三寸人間_html589.html
第588章 焦慮的謝海洋！,sancunrenjian-ergen/三寸人間_html590.html
第589章 神秘的遊戲！,sancunrenjian-ergen/三寸人間_html591.html
第590章 遊星！,sancunrenjian-ergen/三寸人間_html592.html
第591章 整頓！,sancunrenjian-ergen/三寸人間_html593.html
第592章 八品法兵師！,sancunrenjian-ergen/三寸人間_html594.html
第593章 拜宮閣！,sancunrenjian-ergen/三寸人間_html595.html
第594章 輝煌路！,sancunrenjian-ergen/三寸人間_html596.html
第595章 黑魂微星！,sancunrenjian-ergen/三寸人間_html597.html
第596章 冥鎮鬼星！,sancunrenjian-ergen/三寸人間_html598.html
第597章 黑風老祖,sancunrenjian-ergen/三寸人間_html599.html
第598張 斬元嬰！,sancunrenjian-ergen/三寸人間_html600.html
第599章 蒼茫道星！,sancunrenjian-ergen/三寸人間_html601.html
第600章 都是套路！,sancunrenjian-ergen/三寸人間_html602.html
第601章 第一神王！,sancunrenjian-ergen/三寸人間_html603.html
第602章 星星之火！,sancunrenjian-ergen/三寸人間_html604.html
第603章 石板！,sancunrenjian-ergen/三寸人間_html605.html
第604章 逆天七品！,sancunrenjian-ergen/三寸人間_html606.html
第605章 小師弟啊！,sancunrenjian-ergen/三寸人間_html607.html
第606章 咳、咳,sancunrenjian-ergen/三寸人間_html608.html
第607章 看不到這裡…,sancunrenjian-ergen/三寸人間_html609.html
第608章 全套優質服務！,sancunrenjian-ergen/三寸人間_html610.html
第609章 喊一聲師兄,sancunrenjian-ergen/三寸人間_html611.html
第610章 迴歸與突破,sancunrenjian-ergen/三寸人間_html612.html
第611章 繼法弟子！,sancunrenjian-ergen/三寸人間_html613.html
第612章 一座墓！,sancunrenjian-ergen/三寸人間_html614.html
第613章 滾蛋遭殃！,sancunrenjian-ergen/三寸人間_html615.html
第614章 給臉不要！,sancunrenjian-ergen/三寸人間_html616.html
第615章 弱！,sancunrenjian-ergen/三寸人間_html617.html
第616章 繼發出，道宮變！,sancunrenjian-ergen/三寸人間_html618.html
第617章 立威！,sancunrenjian-ergen/三寸人間_html619.html
第618章 第四位太上長老！,sancunrenjian-ergen/三寸人間_html620.html
第619章 風信樹的記憶,sancunrenjian-ergen/三寸人間_html621.html
第620章 聯邦一脈！,sancunrenjian-ergen/三寸人間_html622.html
第621章 孤獨的帥龍！,sancunrenjian-ergen/三寸人間_html623.html
第622章 故人來！,sancunrenjian-ergen/三寸人間_html624.html
第623章 只差一絲！,sancunrenjian-ergen/三寸人間_html625.html
第624章 神兵枯骨！,sancunrenjian-ergen/三寸人間_html626.html
第625章 融臂！,sancunrenjian-ergen/三寸人間_html627.html
第626章 道子墓！,sancunrenjian-ergen/三寸人間_html628.html
第627章 有點想法！,sancunrenjian-ergen/三寸人間_html629.html
第628章 周媚！,sancunrenjian-ergen/三寸人間_html630.html
第629章 指婚！,sancunrenjian-ergen/三寸人間_html631.html
第630章 初現！,sancunrenjian-ergen/三寸人間_html632.html
第631章 求救聲！,sancunrenjian-ergen/三寸人間_html633.html
第632章 初探！,sancunrenjian-ergen/三寸人間_html634.html
第633章 進不去！,sancunrenjian-ergen/三寸人間_html635.html
第634章 花香！,sancunrenjian-ergen/三寸人間_html636.html
第635章 撥開雲霧！,sancunrenjian-ergen/三寸人間_html637.html
第636章 青苓妖花！,sancunrenjian-ergen/三寸人間_html638.html
第637章 拉木！,sancunrenjian-ergen/三寸人間_html639.html
第638章 羣起！,sancunrenjian-ergen/三寸人間_html640.html
第639章 分散！,sancunrenjian-ergen/三寸人間_html641.html
第640章 召喚！,sancunrenjian-ergen/三寸人間_html642.html
第641章 神念！,sancunrenjian-ergen/三寸人間_html643.html
第643章 六神通！,sancunrenjian-ergen/三寸人間_html644.html
第643章 另一脈冥法！,sancunrenjian-ergen/三寸人間_html645.html
第644章 血肉磨盤！,sancunrenjian-ergen/三寸人間_html646.html
第645章 祭壇！,sancunrenjian-ergen/三寸人間_html647.html
第646章 封閉！,sancunrenjian-ergen/三寸人間_html648.html
第647章 腹地！,sancunrenjian-ergen/三寸人間_html649.html
第648章 第三層！,sancunrenjian-ergen/三寸人間_html650.html
第649章 戰衣！,sancunrenjian-ergen/三寸人間_html651.html
第650章 死道！,sancunrenjian-ergen/三寸人間_html652.html
第651章 趙雅夢的凌厲！,sancunrenjian-ergen/三寸人間_html653.html
第652章 你找死！,sancunrenjian-ergen/三寸人間_html654.html
第653章 雷煉！,sancunrenjian-ergen/三寸人間_html655.html
第654章 天崩！,sancunrenjian-ergen/三寸人間_html656.html
第655章 絕不屈服！,sancunrenjian-ergen/三寸人間_html657.html
第656章 不對勁！,sancunrenjian-ergen/三寸人間_html658.html
第657章 悠然之怒！,sancunrenjian-ergen/三寸人間_html659.html
第658章 萬劫千生！,sancunrenjian-ergen/三寸人間_html660.html
第659章 魂牽夢繞！,sancunrenjian-ergen/三寸人間_html661.html
第660章 老子不玩了！,sancunrenjian-ergen/三寸人間_html662.html
第661章 師兄救我！,sancunrenjian-ergen/三寸人間_html663.html
第661章 帝崩！,sancunrenjian-ergen/三寸人間_html664.html
第662章 死裡逃生！,sancunrenjian-ergen/三寸人間_html665.html
第664章 追殺！,sancunrenjian-ergen/三寸人間_html666.html
第665章 斬殺！,sancunrenjian-ergen/三寸人間_html667.html
第666章 夫君！,sancunrenjian-ergen/三寸人間_html668.html
第667章 與聯邦開戰,sancunrenjian-ergen/三寸人間_html669.html
第668章 神殿！,sancunrenjian-ergen/三寸人間_html670.html
第669章 狠人王寶樂,sancunrenjian-ergen/三寸人間_html671.html
第670章 元嬰！,sancunrenjian-ergen/三寸人間_html672.html
第671章 道子殿！,sancunrenjian-ergen/三寸人間_html673.html
第672章 禁忌！,sancunrenjian-ergen/三寸人間_html674.html
第673章 星辰元嬰！,sancunrenjian-ergen/三寸人間_html675.html
第674章 師兄，在麼？,sancunrenjian-ergen/三寸人間_html676.html
第675章 星在人在！,sancunrenjian-ergen/三寸人間_html677.html
第676章 “蜓”而走險,sancunrenjian-ergen/三寸人間_html678.html
第677章 給本座開！,sancunrenjian-ergen/三寸人間_html679.html
第678章 多謝老祖！,sancunrenjian-ergen/三寸人間_html680.html
第679章 三條路！,sancunrenjian-ergen/三寸人間_html681.html
第680章 李無塵不是個好東西！,sancunrenjian-ergen/三寸人間_html682.html
第681章 釣魚？,sancunrenjian-ergen/三寸人間_html683.html
第682章 兇殘巨怪！,sancunrenjian-ergen/三寸人間_html684.html
第683章 迴歸！,sancunrenjian-ergen/三寸人間_html685.html
第684章 獨孤霖的選擇！,sancunrenjian-ergen/三寸人間_html686.html
第685章 水星齊動！,sancunrenjian-ergen/三寸人間_html687.html
第686章 再戰滅裂子！,sancunrenjian-ergen/三寸人間_html688.html
第687章 星辰大海！,sancunrenjian-ergen/三寸人間_html689.html
第688章 師祖母？,sancunrenjian-ergen/三寸人間_html690.html
第689章 困境！,sancunrenjian-ergen/三寸人間_html691.html
第690章 魘目訣！,sancunrenjian-ergen/三寸人間_html692.html
第691章 冥魘之目！,sancunrenjian-ergen/三寸人間_html693.html
第692章 斬通神！,sancunrenjian-ergen/三寸人間_html694.html
第693章 魘目破滅,sancunrenjian-ergen/三寸人間_html695.html
第694章 天羅地網！,sancunrenjian-ergen/三寸人間_html696.html
第695章 靈仙手！,sancunrenjian-ergen/三寸人間_html697.html
第696章 脫困！,sancunrenjian-ergen/三寸人間_html698.html
第697章 引蛇出洞！,sancunrenjian-ergen/三寸人間_html699.html
第698章 誰是大魔頭！,sancunrenjian-ergen/三寸人間_html700.html
第699章 仇必報！,sancunrenjian-ergen/三寸人間_html701.html
第700章 聯邦絕密！,sancunrenjian-ergen/三寸人間_html702.html
第701章 李行文的猜測！,sancunrenjian-ergen/三寸人間_html703.html
第702章 月球堡壘！,sancunrenjian-ergen/三寸人間_html704.html
第703章 夜仙王！,sancunrenjian-ergen/三寸人間_html705.html
第704章 紫月！,sancunrenjian-ergen/三寸人間_html706.html
第705章 不恨嗎？,sancunrenjian-ergen/三寸人間_html707.html
第706章 金星防衛戰！,sancunrenjian-ergen/三寸人間_html708.html
第707章 控屍！,sancunrenjian-ergen/三寸人間_html709.html
第708章 入場！,sancunrenjian-ergen/三寸人間_html710.html
第709章 悠然臨！,sancunrenjian-ergen/三寸人間_html711.html
第710章 煉化金星！,sancunrenjian-ergen/三寸人間_html712.html
第711章 陳脈風！,sancunrenjian-ergen/三寸人間_html713.html
第712章 曾經的愛人！,sancunrenjian-ergen/三寸人間_html714.html
第713章 小姐姐，絕對不是我！,sancunrenjian-ergen/三寸人間_html715.html
第714章 做人莫要太囂張！,sancunrenjian-ergen/三寸人間_html716.html
第715章 冥子歸來！,sancunrenjian-ergen/三寸人間_html717.html
第716章 火星戰啓！,sancunrenjian-ergen/三寸人間_html718.html
第717章 唯有一戰！,sancunrenjian-ergen/三寸人間_html719.html
第718章 不修了！,sancunrenjian-ergen/三寸人間_html720.html
第719章 冥器出世！,sancunrenjian-ergen/三寸人間_html721.html
第720章 冥子臨世！,sancunrenjian-ergen/三寸人間_html722.html
第721章 悠然本體！,sancunrenjian-ergen/三寸人間_html723.html
第722章 目標：冥王星,sancunrenjian-ergen/三寸人間_html724.html
第723章 王寶樂的專屬戰場！,sancunrenjian-ergen/三寸人間_html725.html
第724章 冥王棺！,sancunrenjian-ergen/三寸人間_html726.html
第725章 抹去！,sancunrenjian-ergen/三寸人間_html727.html
第726章 暗燕計劃！,sancunrenjian-ergen/三寸人間_html728.html
第727章 師兄到來！,sancunrenjian-ergen/三寸人間_html729.html
第728章 天道浩劫！,sancunrenjian-ergen/三寸人間_html730.html
第729章 啓航！,sancunrenjian-ergen/三寸人間_html731.html
第730章 意外…,sancunrenjian-ergen/三寸人間_html732.html
第731章 臉是什麼？,sancunrenjian-ergen/三寸人間_html733.html
第732章 龍南子！,sancunrenjian-ergen/三寸人間_html734.html
第733章 聖濤門！,sancunrenjian-ergen/三寸人間_html735.html
第734章 赤誠之心！,sancunrenjian-ergen/三寸人間_html736.html
第735章 聖濤門的機緣？,sancunrenjian-ergen/三寸人間_html737.html
第736章 下馬威？,sancunrenjian-ergen/三寸人間_html738.html
第737章 嗨，又見面了！,sancunrenjian-ergen/三寸人間_html739.html
第738章 劫道！,sancunrenjian-ergen/三寸人間_html740.html
第739章 都別動！,sancunrenjian-ergen/三寸人間_html741.html
第740章 豐收！,sancunrenjian-ergen/三寸人間_html742.html
第741章 渾水摸魚！,sancunrenjian-ergen/三寸人間_html743.html
第742章 幹把大的！,sancunrenjian-ergen/三寸人間_html744.html
第743章 不是我族，與我何干！,sancunrenjian-ergen/三寸人間_html745.html
第744章 啓程！,sancunrenjian-ergen/三寸人間_html746.html
第745章 神目！魘目！,sancunrenjian-ergen/三寸人間_html747.html
第746章 神目皇族！,sancunrenjian-ergen/三寸人間_html748.html
第747章 異種文明！,sancunrenjian-ergen/三寸人間_html749.html
第748章 魔神臨世！,sancunrenjian-ergen/三寸人間_html750.html
第749章 通神契機！,sancunrenjian-ergen/三寸人間_html751.html
第750章 冥火屠異！,sancunrenjian-ergen/三寸人間_html752.html
第751章 皇族奪舍？,sancunrenjian-ergen/三寸人間_html753.html
第752章 收服德坤子！,sancunrenjian-ergen/三寸人間_html754.html
第753章 確立方向！,sancunrenjian-ergen/三寸人間_html755.html
第754章 劫我？！,sancunrenjian-ergen/三寸人間_html756.html
第755章 靈仙庇護,sancunrenjian-ergen/三寸人間_html757.html
第756章 假仙降臨！,sancunrenjian-ergen/三寸人間_html758.html
第757章 掌天邊境！,sancunrenjian-ergen/三寸人間_html759.html
第758章 該出手時就出手！,sancunrenjian-ergen/三寸人間_html760.html
第759章 別惹法兵師！,sancunrenjian-ergen/三寸人間_html761.html
第760章 再臨恆星！,sancunrenjian-ergen/三寸人間_html762.html
第761章 部分傳承！,sancunrenjian-ergen/三寸人間_html763.html
第762章 強襲！,sancunrenjian-ergen/三寸人間_html764.html
第763章 封印！,sancunrenjian-ergen/三寸人間_html765.html
第764章 上仙丹！,sancunrenjian-ergen/三寸人間_html766.html
第765章 通神中期！,sancunrenjian-ergen/三寸人間_html767.html
第766章 掌天刑仙宗！,sancunrenjian-ergen/三寸人間_html768.html
第767章 有點不對勁！,sancunrenjian-ergen/三寸人間_html769.html
第768章 凌幽仙子！,sancunrenjian-ergen/三寸人間_html770.html
第769章 冰鳳軍團！,sancunrenjian-ergen/三寸人間_html771.html
第770章 女團！,sancunrenjian-ergen/三寸人間_html772.html
第771章 送錯人了！,sancunrenjian-ergen/三寸人間_html773.html
第772章 寵物卓一仙？！,sancunrenjian-ergen/三寸人間_html774.html
第773章 姐姐們留步！,sancunrenjian-ergen/三寸人間_html775.html
第774章 神秘遺蹟！,sancunrenjian-ergen/三寸人間_html776.html
第775章 奇異隕石！,sancunrenjian-ergen/三寸人間_html777.html
第776章 本王子！,sancunrenjian-ergen/三寸人間_html778.html
第777章 感恩吧，老奴！,sancunrenjian-ergen/三寸人間_html779.html
第778章 極五子！,sancunrenjian-ergen/三寸人間_html780.html
第779章 確定地位！,sancunrenjian-ergen/三寸人間_html781.html
請假一天，明天兩章！,sancunrenjian-ergen/三寸人間_html782.html
第780章 養不熟？,sancunrenjian-ergen/三寸人間_html783.html
第781章 鳳起！,sancunrenjian-ergen/三寸人間_html784.html
第782章 什麼鬼？,sancunrenjian-ergen/三寸人間_html785.html
第783章 寶樂出山！,sancunrenjian-ergen/三寸人間_html786.html
第784章 來打我！,sancunrenjian-ergen/三寸人間_html787.html
第785章 善緣！,sancunrenjian-ergen/三寸人間_html788.html
第786章 建軍資格！,sancunrenjian-ergen/三寸人間_html789.html
第787章 面見老祖！,sancunrenjian-ergen/三寸人間_html790.html
第788章 通神後期！,sancunrenjian-ergen/三寸人間_html791.html
第789章 裂命！,sancunrenjian-ergen/三寸人間_html792.html
第790章 拒絕！,sancunrenjian-ergen/三寸人間_html793.html
第791章 下宗挑戰！,sancunrenjian-ergen/三寸人間_html794.html
第792章 裂命，勝出！,sancunrenjian-ergen/三寸人間_html795.html
第793章 一個理由！,sancunrenjian-ergen/三寸人間_html796.html
第794章 嚇唬一下！,sancunrenjian-ergen/三寸人間_html797.html
第795章 反轉！,sancunrenjian-ergen/三寸人間_html798.html
第796章 征途之旅！,sancunrenjian-ergen/三寸人間_html799.html
第797章 修羅場！,sancunrenjian-ergen/三寸人間_html800.html
第798章 石靈文明！,sancunrenjian-ergen/三寸人間_html801.html
第799章 石人老祖！,sancunrenjian-ergen/三寸人間_html802.html
第800章 少惹爲妙！,sancunrenjian-ergen/三寸人間_html803.html
第801章 做人要低調！,sancunrenjian-ergen/三寸人間_html804.html
第802章 本源的交換！,sancunrenjian-ergen/三寸人間_html805.html
第803章 巨大的犧牲！,sancunrenjian-ergen/三寸人間_html806.html
第804章 故人！,sancunrenjian-ergen/三寸人間_html807.html
第805章 可惜不是你！,sancunrenjian-ergen/三寸人間_html808.html
第806章 人生如戲！,sancunrenjian-ergen/三寸人間_html809.html
第807章 豬頭面具！,sancunrenjian-ergen/三寸人間_html810.html
第808章 任務開啓！,sancunrenjian-ergen/三寸人間_html811.html
第809章 魚目混珠！,sancunrenjian-ergen/三寸人間_html812.html
第810章 渾水摸魚！,sancunrenjian-ergen/三寸人間_html813.html
第811章 渾身是戲！,sancunrenjian-ergen/三寸人間_html814.html
第812章 現場直播！,sancunrenjian-ergen/三寸人間_html815.html
第813章 靈仙降臨！,sancunrenjian-ergen/三寸人間_html816.html
第814章 一隻鳥！,sancunrenjian-ergen/三寸人間_html817.html
第815章 你罵我？,sancunrenjian-ergen/三寸人間_html818.html
第816章 斷臂分身！,sancunrenjian-ergen/三寸人間_html819.html
第817章 適合打劫！,sancunrenjian-ergen/三寸人間_html820.html
第818章 偷襲！,sancunrenjian-ergen/三寸人間_html821.html
第819章 岳父再救我一次！,sancunrenjian-ergen/三寸人間_html822.html
第820章 滔天殺機！,sancunrenjian-ergen/三寸人間_html823.html
第821章 血色花開！,sancunrenjian-ergen/三寸人間_html824.html
第822章 戰靈仙！,sancunrenjian-ergen/三寸人間_html825.html
第823章 激戰！,sancunrenjian-ergen/三寸人間_html826.html
第824章 斬！,sancunrenjian-ergen/三寸人間_html827.html
第825章 聲音再現！,sancunrenjian-ergen/三寸人間_html828.html
第826章 行星鎮壓！,sancunrenjian-ergen/三寸人間_html829.html
第827章 吹燈爆星！,sancunrenjian-ergen/三寸人間_html830.html
第828章 迴歸！,sancunrenjian-ergen/三寸人間_html831.html
第829章 記名弟子？,sancunrenjian-ergen/三寸人間_html832.html
第830章 道域造化！,sancunrenjian-ergen/三寸人間_html833.html
第831章 帝皇！,sancunrenjian-ergen/三寸人間_html834.html
第832章 有錢人的生活！,sancunrenjian-ergen/三寸人間_html835.html
第833章 謝家！,sancunrenjian-ergen/三寸人間_html836.html
第834章 玄塵煉星決！,sancunrenjian-ergen/三寸人間_html837.html
第835章 恆星火！,sancunrenjian-ergen/三寸人間_html838.html
第836章 誰敢欺負我？,sancunrenjian-ergen/三寸人間_html839.html
第837章 打不死你！,sancunrenjian-ergen/三寸人間_html840.html
第838章 廢墨龍女！,sancunrenjian-ergen/三寸人間_html841.html
第839章 枯靈道人！,sancunrenjian-ergen/三寸人間_html842.html
第840章 警告與威脅！,sancunrenjian-ergen/三寸人間_html843.html
第841章 皇族墓地！,sancunrenjian-ergen/三寸人間_html844.html
第842章 時機！,sancunrenjian-ergen/三寸人間_html845.html
第843章 不知丈高几許,sancunrenjian-ergen/三寸人間_html846.html
第844章 奸商！,sancunrenjian-ergen/三寸人間_html847.html
第845章 你來我往！,sancunrenjian-ergen/三寸人間_html848.html
第846章 皇陵內地！,sancunrenjian-ergen/三寸人間_html849.html
第847章 誘惑！,sancunrenjian-ergen/三寸人間_html850.html
第848章 神目隱秘的序幕,sancunrenjian-ergen/三寸人間_html851.html
第849章 戰爭開啓,sancunrenjian-ergen/三寸人間_html852.html
第850章 博學的老鬼！,sancunrenjian-ergen/三寸人間_html853.html
第851章 瞞天之法！,sancunrenjian-ergen/三寸人間_html854.html
第852章 放牧衆生,sancunrenjian-ergen/三寸人間_html855.html
第853章 冥法：回陽！,sancunrenjian-ergen/三寸人間_html856.html
第854章 九幽天堂！,sancunrenjian-ergen/三寸人間_html857.html
第855章 最強靈仙！,sancunrenjian-ergen/三寸人間_html858.html
第856章 支援掌天宗！,sancunrenjian-ergen/三寸人間_html859.html
第857章 強勢到來！,sancunrenjian-ergen/三寸人間_html860.html
第858章 轟動戰場！,sancunrenjian-ergen/三寸人間_html861.html
第859章 霸道！,sancunrenjian-ergen/三寸人間_html862.html
第860章 行星，又如何！,sancunrenjian-ergen/三寸人間_html863.html
第861章 道子？,sancunrenjian-ergen/三寸人間_html864.html
第862章 道友！,sancunrenjian-ergen/三寸人間_html865.html
第863章 救援新道,sancunrenjian-ergen/三寸人間_html866.html
第864章 小瓶子！,sancunrenjian-ergen/三寸人間_html867.html
第865章 強勢降臨！,sancunrenjian-ergen/三寸人間_html868.html
第866章 可以！,sancunrenjian-ergen/三寸人間_html869.html
第867章 暗燕？,sancunrenjian-ergen/三寸人間_html870.html
第868章 小妞不錯！,sancunrenjian-ergen/三寸人間_html871.html
第869章 用不起！,sancunrenjian-ergen/三寸人間_html872.html
第870章 糾結與否認！,sancunrenjian-ergen/三寸人間_html873.html
第871章 用力過猛！,sancunrenjian-ergen/三寸人間_html874.html
第872章 左道旁門！,sancunrenjian-ergen/三寸人間_html875.html
第873章 神奇的冰靈水！,sancunrenjian-ergen/三寸人間_html876.html
第874章 借小姐姐吉言！,sancunrenjian-ergen/三寸人間_html877.html
第875章 老謀深算！,sancunrenjian-ergen/三寸人間_html878.html
第876章 隱念！,sancunrenjian-ergen/三寸人間_html879.html
第877章 都不簡單！,sancunrenjian-ergen/三寸人間_html880.html
第878章 權限之爭！,sancunrenjian-ergen/三寸人間_html881.html
第879章 兩個右長老！,sancunrenjian-ergen/三寸人間_html882.html
第880章 刀光劍影！,sancunrenjian-ergen/三寸人間_html883.html
第881章 各顯神通！,sancunrenjian-ergen/三寸人間_html884.html
第882章 行星傀儡！,sancunrenjian-ergen/三寸人間_html885.html
第883章 亡命恆星！,sancunrenjian-ergen/三寸人間_html886.html
第884章 唯有一戰！,sancunrenjian-ergen/三寸人間_html887.html
第885章 逼到極限！,sancunrenjian-ergen/三寸人間_html888.html
第886章 地靈文明！,sancunrenjian-ergen/三寸人間_html889.html
第887章 文明之殤！,sancunrenjian-ergen/三寸人間_html890.html
第888章 熱情的謝海洋！,sancunrenjian-ergen/三寸人間_html891.html
第889章 賣平安！,sancunrenjian-ergen/三寸人間_html892.html
第890章 平安牌！,sancunrenjian-ergen/三寸人間_html893.html
第891章 出手的理由！,sancunrenjian-ergen/三寸人間_html894.html
第892章 謝海洋出手！,sancunrenjian-ergen/三寸人間_html895.html
第893章 地靈的饋贈！,sancunrenjian-ergen/三寸人間_html896.html
第894章 近在眼前！,sancunrenjian-ergen/三寸人間_html897.html
第895章 幽靈舟！,sancunrenjian-ergen/三寸人間_html898.html
第896章 來上船呀！,sancunrenjian-ergen/三寸人間_html899.html
第897章 謝家，謝大陸！,sancunrenjian-ergen/三寸人間_html900.html
第898章 我有骨氣！,sancunrenjian-ergen/三寸人間_html901.html
第899章 前輩，我還可以再劃一下！,sancunrenjian-ergen/三寸人間_html902.html
第900章 趕下去了…,sancunrenjian-ergen/三寸人間_html903.html
第901章 誰在狩獵？,sancunrenjian-ergen/三寸人間_html904.html
第902章 剛猛到底！,sancunrenjian-ergen/三寸人間_html905.html
第903章 我攤牌了！,sancunrenjian-ergen/三寸人間_html906.html
第904章 欺人太甚！,sancunrenjian-ergen/三寸人間_html907.html
第905章 很有骨氣啊！,sancunrenjian-ergen/三寸人間_html908.html
第906章 道友別衝動！,sancunrenjian-ergen/三寸人間_html909.html
第907章 神奇的副作用…,sancunrenjian-ergen/三寸人間_html910.html
第908章 許願成功！,sancunrenjian-ergen/三寸人間_html911.html
第909章 迴歸神目！,sancunrenjian-ergen/三寸人間_html912.html
第910章 謎團！,sancunrenjian-ergen/三寸人間_html913.html
第911章 最深的皇族！,sancunrenjian-ergen/三寸人間_html914.html
第912章 入主恆星之眼！,sancunrenjian-ergen/三寸人間_html915.html
第913章 準備就緒！,sancunrenjian-ergen/三寸人間_html916.html
第914章 等待機會！,sancunrenjian-ergen/三寸人間_html917.html
第915章 恆星到來！,sancunrenjian-ergen/三寸人間_html918.html
第916章 星隕舟臨！,sancunrenjian-ergen/三寸人間_html919.html
第917章 奪！,sancunrenjian-ergen/三寸人間_html920.html
第918章 獲名額！,sancunrenjian-ergen/三寸人間_html921.html
第919章 餓了就得吃！（內含動畫宣佈）,sancunrenjian-ergen/三寸人間_html922.html
第920章 我許願,sancunrenjian-ergen/三寸人間_html923.html
第921章 魂靈果！,sancunrenjian-ergen/三寸人間_html924.html
第922章 雷劫繼續！,sancunrenjian-ergen/三寸人間_html925.html
第923章 神秘的絕世天驕！,sancunrenjian-ergen/三寸人間_html926.html
第924章 烈焰的悲哀！,sancunrenjian-ergen/三寸人間_html927.html
第925章 星隕之地！,sancunrenjian-ergen/三寸人間_html928.html
第926章 神威道雷！,sancunrenjian-ergen/三寸人間_html929.html
第927章 抓一把！,sancunrenjian-ergen/三寸人間_html930.html
第928章 立林子的算盤！,sancunrenjian-ergen/三寸人間_html931.html
第929章 外域意雷！,sancunrenjian-ergen/三寸人間_html932.html
第930章 一紙城池！,sancunrenjian-ergen/三寸人間_html933.html
第931章 都很划算！,sancunrenjian-ergen/三寸人間_html934.html
第932章 出發！,sancunrenjian-ergen/三寸人間_html935.html
第933章 幻星！,sancunrenjian-ergen/三寸人間_html936.html
第934章 殺過恆星？,sancunrenjian-ergen/三寸人間_html937.html
第935章 被撞死？,sancunrenjian-ergen/三寸人間_html938.html
第936章 冥法？！,sancunrenjian-ergen/三寸人間_html939.html
第937章 追我？,sancunrenjian-ergen/三寸人間_html940.html
第938章 有話直說！,sancunrenjian-ergen/三寸人間_html941.html
第939章 義不容辭！,sancunrenjian-ergen/三寸人間_html942.html
第940章 多謝前輩！,sancunrenjian-ergen/三寸人間_html943.html
第941章 自強不息！,sancunrenjian-ergen/三寸人間_html944.html
第942章 天威神龍！,sancunrenjian-ergen/三寸人間_html945.html
第943章 放在明面！,sancunrenjian-ergen/三寸人間_html946.html
第944章 頭鐵！,sancunrenjian-ergen/三寸人間_html947.html
第945章 給你最後一次機會！,sancunrenjian-ergen/三寸人間_html948.html
第946章 移花接木！,sancunrenjian-ergen/三寸人間_html949.html
第947章 給本座取來！,sancunrenjian-ergen/三寸人間_html950.html
第948章 針鋒相對！,sancunrenjian-ergen/三寸人間_html951.html
第949章 回報！,sancunrenjian-ergen/三寸人間_html952.html
第950章 找叔叔的小女孩！,sancunrenjian-ergen/三寸人間_html953.html
第951章 謝海洋的苦惱,sancunrenjian-ergen/三寸人間_html954.html
第952章 貴客？,sancunrenjian-ergen/三寸人間_html955.html
第953章 囚封天之道！,sancunrenjian-ergen/三寸人間_html956.html
第954章 奉至修真行！,sancunrenjian-ergen/三寸人間_html957.html
第955章 我也姓王！,sancunrenjian-ergen/三寸人間_html958.html
第956章 道星的規則！,sancunrenjian-ergen/三寸人間_html959.html
第957章 星爭！,sancunrenjian-ergen/三寸人間_html960.html
第958章 資格取消？,sancunrenjian-ergen/三寸人間_html961.html
第959章 最好的安排！,sancunrenjian-ergen/三寸人間_html962.html
第960章 祭天之禮！,sancunrenjian-ergen/三寸人間_html963.html
第961章 星辰九品！,sancunrenjian-ergen/三寸人間_html964.html
第962章 視羣星爲螻蟻！,sancunrenjian-ergen/三寸人間_html965.html
第963章 道星的無視！,sancunrenjian-ergen/三寸人間_html966.html
第964章 也是星辰！,sancunrenjian-ergen/三寸人間_html967.html
第965章 星辰天賦！,sancunrenjian-ergen/三寸人間_html968.html
第966章 來，還是不來！,sancunrenjian-ergen/三寸人間_html969.html
第967章 古星降臨！,sancunrenjian-ergen/三寸人間_html970.html
第968章 準！！,sancunrenjian-ergen/三寸人間_html971.html
第969章 道星歸位！,sancunrenjian-ergen/三寸人間_html972.html
第970章 九星九道！,sancunrenjian-ergen/三寸人間_html973.html
第971章 星隕榜！,sancunrenjian-ergen/三寸人間_html974.html
第972章 名動四方！,sancunrenjian-ergen/三寸人間_html975.html
第973章 還有兩個？,sancunrenjian-ergen/三寸人間_html976.html
第974章 嚴陣以待！,sancunrenjian-ergen/三寸人間_html977.html
第975章 可曾聽聞？,sancunrenjian-ergen/三寸人間_html978.html
第976章 老祖降臨！,sancunrenjian-ergen/三寸人間_html979.html
第977章 霸道！,sancunrenjian-ergen/三寸人間_html980.html
第978章 重新認識一下！,sancunrenjian-ergen/三寸人間_html981.html
第979章 鎮殺！,sancunrenjian-ergen/三寸人間_html982.html
第980章 道星碾壓！,sancunrenjian-ergen/三寸人間_html983.html
第981章 準！,sancunrenjian-ergen/三寸人間_html984.html
第982章 迴歸！,sancunrenjian-ergen/三寸人間_html985.html
第983章 怒意！,sancunrenjian-ergen/三寸人間_html986.html
第984章 殺向聯邦！,sancunrenjian-ergen/三寸人間_html987.html
第985章 赤星新生！,sancunrenjian-ergen/三寸人間_html988.html
第986章 五世族滅！,sancunrenjian-ergen/三寸人間_html989.html
第987章 就這？,sancunrenjian-ergen/三寸人間_html990.html
第988章 老不死，說誰呢！,sancunrenjian-ergen/三寸人間_html991.html
第989章 殺向古劍！,sancunrenjian-ergen/三寸人間_html992.html
第990章 再臨道宮！,sancunrenjian-ergen/三寸人間_html993.html
第991章 沉睡之地！,sancunrenjian-ergen/三寸人間_html994.html
第992章 不慫！,sancunrenjian-ergen/三寸人間_html995.html
第993章 以戰求團！,sancunrenjian-ergen/三寸人間_html996.html
第994章 聯邦重整！,sancunrenjian-ergen/三寸人間_html997.html
第995章 相繼來拜,sancunrenjian-ergen/三寸人間_html998.html
第996章 李婉兒！,sancunrenjian-ergen/三寸人間_html999.html
第997章 封印遺蹟！,sancunrenjian-ergen/三寸人間_html1000.html
第998章 善惡難定！,sancunrenjian-ergen/三寸人間_html1001.html
第999章 星河弓的威懾！,sancunrenjian-ergen/三寸人間_html1002.html
第1000章 融合神目！,sancunrenjian-ergen/三寸人間_html1003.html
第1001章 全民提升！,sancunrenjian-ergen/三寸人間_html1004.html
第1002章 十六少主！,sancunrenjian-ergen/三寸人間_html1005.html
第1003章 有一說一！,sancunrenjian-ergen/三寸人間_html1006.html
第1004章 烈焰星系！,sancunrenjian-ergen/三寸人間_html1007.html
第1005章 什麼地方....,sancunrenjian-ergen/三寸人間_html1008.html
第1006章 師尊仁愛！,sancunrenjian-ergen/三寸人間_html1009.html
第1007章 不一樣的二師兄！,sancunrenjian-ergen/三寸人間_html1010.html
第1008章 一定，一定！,sancunrenjian-ergen/三寸人間_html1011.html
第1009章 你也有今天！,sancunrenjian-ergen/三寸人間_html1012.html
第1010章 獨角戲！,sancunrenjian-ergen/三寸人間_html1013.html
第1011章 師尊召見！,sancunrenjian-ergen/三寸人間_html1014.html
第1012章 習俗！,sancunrenjian-ergen/三寸人間_html1015.html
第1013章 封星訣！,sancunrenjian-ergen/三寸人間_html1016.html
第1014章 爲了記名弟子而奔波,sancunrenjian-ergen/三寸人間_html1017.html
第1015章 少主威武！,sancunrenjian-ergen/三寸人間_html1018.html
第1016章 神功初成！,sancunrenjian-ergen/三寸人間_html1019.html
第1017章 快請！,sancunrenjian-ergen/三寸人間_html1020.html
第1018章 一對好兄弟！,sancunrenjian-ergen/三寸人間_html1021.html
第1019章 其實，你也認識！,sancunrenjian-ergen/三寸人間_html1022.html
第1020章 戲精！,sancunrenjian-ergen/三寸人間_html1023.html
第1021章 薅洋毛！,sancunrenjian-ergen/三寸人間_html1024.html
第1022章 現在呢？,sancunrenjian-ergen/三寸人間_html1025.html
第1023章 複雜的烈焰老祖！,sancunrenjian-ergen/三寸人間_html1026.html
第1024章 炎靈咒,sancunrenjian-ergen/三寸人間_html1027.html
第1025章 套牢！,sancunrenjian-ergen/三寸人間_html1028.html
第1026章 天命之書！,sancunrenjian-ergen/三寸人間_html1029.html
第1027章 星際坊市！,sancunrenjian-ergen/三寸人間_html1030.html
第1028章 再遇小胖子！,sancunrenjian-ergen/三寸人間_html1031.html
第1029章 名聲初顯！,sancunrenjian-ergen/三寸人間_html1032.html
第1030章 謝海洋的麻煩！,sancunrenjian-ergen/三寸人間_html1033.html
第1031章 鎮壓！,sancunrenjian-ergen/三寸人間_html1034.html
第1032章 凝祖影！,sancunrenjian-ergen/三寸人間_html1035.html
第1033章 神牛！,sancunrenjian-ergen/三寸人間_html1036.html
第1034章 謝海洋的猜測！,sancunrenjian-ergen/三寸人間_html1037.html
第1035章 天命星！,sancunrenjian-ergen/三寸人間_html1038.html
第1036章 針對！,sancunrenjian-ergen/三寸人間_html1039.html
第1037章 連消帶打！,sancunrenjian-ergen/三寸人間_html1040.html
第1038章 獨樂不如一起樂！,sancunrenjian-ergen/三寸人間_html1041.html
第1039章 紫月的線！,sancunrenjian-ergen/三寸人間_html1042.html
第1040章 不可信的記載！,sancunrenjian-ergen/三寸人間_html1043.html
第1041章 邀約！,sancunrenjian-ergen/三寸人間_html1044.html
第1042章 十天十世！,sancunrenjian-ergen/三寸人間_html1045.html
第1043章 天命山！,sancunrenjian-ergen/三寸人間_html1046.html
第1044章 疑惑！,sancunrenjian-ergen/三寸人間_html1047.html
第1045章 大能之影！,sancunrenjian-ergen/三寸人間_html1048.html
第1046章 感悟共鳴！,sancunrenjian-ergen/三寸人間_html1049.html
第1047章 九成共鳴！,sancunrenjian-ergen/三寸人間_html1050.html
第1048章 試煉開啓！,sancunrenjian-ergen/三寸人間_html1051.html
第1049章 薪火神族！,sancunrenjian-ergen/三寸人間_html1052.html
第1050章 一隻手！,sancunrenjian-ergen/三寸人間_html1053.html
第1051章 等你多時！,sancunrenjian-ergen/三寸人間_html1054.html
第1052章 第二世！,sancunrenjian-ergen/三寸人間_html1055.html
第1053章 我叫灰三！,sancunrenjian-ergen/三寸人間_html1056.html
第1054章 如果有來世！,sancunrenjian-ergen/三寸人間_html1057.html
第1055章 追殺！,sancunrenjian-ergen/三寸人間_html1058.html
第1056章 碾壓！,sancunrenjian-ergen/三寸人間_html1059.html
第1057章 我曾經的那些主人們！,sancunrenjian-ergen/三寸人間_html1060.html
第1058章 贖罪！,sancunrenjian-ergen/三寸人間_html1061.html
第1059章 三世之影！,sancunrenjian-ergen/三寸人間_html1062.html
第1060章 第四世！,sancunrenjian-ergen/三寸人間_html1063.html
第1061章 命運！,sancunrenjian-ergen/三寸人間_html1064.html
第1062章 陳煬！,sancunrenjian-ergen/三寸人間_html1065.html
第1063章 甦醒！,sancunrenjian-ergen/三寸人間_html1066.html
第1064章 幹嘛追我啊！,sancunrenjian-ergen/三寸人間_html1067.html
第1065章 悲催的陳寒！,sancunrenjian-ergen/三寸人間_html1068.html
第1066章 寶寶（補更）,sancunrenjian-ergen/三寸人間_html1069.html
第1067章 三尺之上！,sancunrenjian-ergen/三寸人間_html1070.html
第1068章 特殊的第六世！,sancunrenjian-ergen/三寸人間_html1071.html
第1069章 入夢！,sancunrenjian-ergen/三寸人間_html1072.html
第1070章 陳寒的驚悚！,sancunrenjian-ergen/三寸人間_html1073.html
第1071章 流月！,sancunrenjian-ergen/三寸人間_html1074.html
第1072章 我許願！,sancunrenjian-ergen/三寸人間_html1075.html
第1073章 我是英雄！,sancunrenjian-ergen/三寸人間_html1076.html
第1074章 殘月！,sancunrenjian-ergen/三寸人間_html1077.html
第1075章 落筆成寒！,sancunrenjian-ergen/三寸人間_html1078.html
第1076章 就一眼！,sancunrenjian-ergen/三寸人間_html1079.html
第1077章 寓意！,sancunrenjian-ergen/三寸人間_html1080.html
第1078章 親情！,sancunrenjian-ergen/三寸人間_html1081.html
第1079章 趕時間！,sancunrenjian-ergen/三寸人間_html1082.html
第1080章 手的來歷！,sancunrenjian-ergen/三寸人間_html1083.html
第1081章 小狐狸的因果！,sancunrenjian-ergen/三寸人間_html1084.html
第1082章 孫某人！,sancunrenjian-ergen/三寸人間_html1085.html
第1083章 孫德！,sancunrenjian-ergen/三寸人間_html1086.html
第1084章 羅天畏仙！,sancunrenjian-ergen/三寸人間_html1087.html
第1085章 老乞丐！,sancunrenjian-ergen/三寸人間_html1088.html
第1086章 黑木板！,sancunrenjian-ergen/三寸人間_html1089.html
第1087章 甦醒！,sancunrenjian-ergen/三寸人間_html1090.html
第1088章 試煉結束！,sancunrenjian-ergen/三寸人間_html1091.html
第1089章 區別對待！,sancunrenjian-ergen/三寸人間_html1092.html
第1090章 啪！,sancunrenjian-ergen/三寸人間_html1093.html
第1091章 不做神靈！,sancunrenjian-ergen/三寸人間_html1094.html
第1092章 未來殘影！,sancunrenjian-ergen/三寸人間_html1095.html
第1093章 方纔不算！,sancunrenjian-ergen/三寸人間_html1096.html
第1094章 天命之書使用手冊！,sancunrenjian-ergen/三寸人間_html1097.html
第1095章 這一次絕不妥協！,sancunrenjian-ergen/三寸人間_html1098.html
第1096章 蜈影再顯！,sancunrenjian-ergen/三寸人間_html1099.html
第1097章 初次化解！,sancunrenjian-ergen/三寸人間_html1100.html
第1098章 再入前世！,sancunrenjian-ergen/三寸人間_html1101.html
第1099章 不同的孫德！,sancunrenjian-ergen/三寸人間_html1102.html
第1100章 爾敢鎮仙？,sancunrenjian-ergen/三寸人間_html1103.html
第1101章 第一世！,sancunrenjian-ergen/三寸人間_html1104.html
第1102章 三尺黑木！,sancunrenjian-ergen/三寸人間_html1105.html
第1103章 離去！,sancunrenjian-ergen/三寸人間_html1106.html
第1104章 囂張！,sancunrenjian-ergen/三寸人間_html1107.html
第1105章 來去匆匆！,sancunrenjian-ergen/三寸人間_html1108.html
第1106章 有點麻！,sancunrenjian-ergen/三寸人間_html1109.html
第1107章 本體降臨！,sancunrenjian-ergen/三寸人間_html1110.html
第1108章 可！,sancunrenjian-ergen/三寸人間_html1111.html
第1109章 萬星歸位,sancunrenjian-ergen/三寸人間_html1112.html
第1110章 如神！,sancunrenjian-ergen/三寸人間_html1113.html
第1111章 道恆！,sancunrenjian-ergen/三寸人間_html1114.html
第1112章 有酒麼！,sancunrenjian-ergen/三寸人間_html1115.html
第1113章 大補！,sancunrenjian-ergen/三寸人間_html1116.html
第1114章 未央之主！,sancunrenjian-ergen/三寸人間_html1117.html
第1115章 衝薏子的凝重！,sancunrenjian-ergen/三寸人間_html1118.html
第1116章 全面鎮壓！,sancunrenjian-ergen/三寸人間_html1119.html
第1117章 我一成戰力鎮壓你！,sancunrenjian-ergen/三寸人間_html1120.html
第1118章 恆星戰斧！,sancunrenjian-ergen/三寸人間_html1121.html
第1119章 詛咒對抗！,sancunrenjian-ergen/三寸人間_html1122.html
第1120章 神皇之影！,sancunrenjian-ergen/三寸人間_html1123.html
第1121章 敢不敢轉！,sancunrenjian-ergen/三寸人間_html1124.html
第1122章 裂月將隕！,sancunrenjian-ergen/三寸人間_html1125.html
第1123章 迴歸！,sancunrenjian-ergen/三寸人間_html1126.html
第1124章 護短！,sancunrenjian-ergen/三寸人間_html1127.html
第1125章 點星術！,sancunrenjian-ergen/三寸人間_html1128.html
第1126章 神皇戰場！,sancunrenjian-ergen/三寸人間_html1129.html
第1127章 立威！,sancunrenjian-ergen/三寸人間_html1130.html
第1128章 斬殺！,sancunrenjian-ergen/三寸人間_html1131.html
第1129章 殺出同境無敵！,sancunrenjian-ergen/三寸人間_html1132.html
第1130章 神皇現！,sancunrenjian-ergen/三寸人間_html1133.html
第1131章 入灰域！,sancunrenjian-ergen/三寸人間_html1134.html
第1132章 師兄出品專屬造化之地！,sancunrenjian-ergen/三寸人間_html1135.html
第1133章 天道不滿！,sancunrenjian-ergen/三寸人間_html1136.html
第1134章 我的！,sancunrenjian-ergen/三寸人間_html1137.html
第1135章 我吸！,sancunrenjian-ergen/三寸人間_html1138.html
第1136章 從容的玄華！,sancunrenjian-ergen/三寸人間_html1139.html
第1137章 下口！,sancunrenjian-ergen/三寸人間_html1140.html
第1138章 釣魚！,sancunrenjian-ergen/三寸人間_html1141.html
第1139章 懵了！,sancunrenjian-ergen/三寸人間_html1142.html
第1140章 ？？？,sancunrenjian-ergen/三寸人間_html1143.html
第1141章 壞人！,sancunrenjian-ergen/三寸人間_html1144.html
第1142章 大的！,sancunrenjian-ergen/三寸人間_html1145.html
第1143章 九尊烘爐！,sancunrenjian-ergen/三寸人間_html1146.html
第1144章 成勢！,sancunrenjian-ergen/三寸人間_html1147.html
第1145章 叔叔幫我！,sancunrenjian-ergen/三寸人間_html1148.html
第1146章 戰皇子！,sancunrenjian-ergen/三寸人間_html1149.html
第1147章 頭皮一麻！,sancunrenjian-ergen/三寸人間_html1150.html
第1148章 詭異的小女孩！,sancunrenjian-ergen/三寸人間_html1151.html
第1149章 肉身突破！,sancunrenjian-ergen/三寸人間_html1152.html
第1150章 冥宗不滅，帝身不出！,sancunrenjian-ergen/三寸人間_html1153.html
第1151章 激戰！,sancunrenjian-ergen/三寸人間_html1154.html
第1152章 吸崩未央！,sancunrenjian-ergen/三寸人間_html1155.html
第1153章 極道肉身！,sancunrenjian-ergen/三寸人間_html1156.html
第1154章 未央天道！,sancunrenjian-ergen/三寸人間_html1157.html
第1155章 逆轉裂月！,sancunrenjian-ergen/三寸人間_html1158.html
第1156章 塵青子的計劃！,sancunrenjian-ergen/三寸人間_html1159.html
第1157章 不對勁！,sancunrenjian-ergen/三寸人間_html1160.html
第1158章 誰是天道！,sancunrenjian-ergen/三寸人間_html1161.html
第1159章 接人！,sancunrenjian-ergen/三寸人間_html1162.html
第1160章 幽冥星系！,sancunrenjian-ergen/三寸人間_html1163.html
第1161章 師兄的沉默！,sancunrenjian-ergen/三寸人間_html1164.html
第1162章 歸屬感！,sancunrenjian-ergen/三寸人間_html1165.html
第1163章 再看看吧！,sancunrenjian-ergen/三寸人間_html1166.html
第1164章 逆流！,sancunrenjian-ergen/三寸人間_html1167.html
第1165章 道，不同！,sancunrenjian-ergen/三寸人間_html1168.html
第1166章 天道降力！,sancunrenjian-ergen/三寸人間_html1169.html
第1167章 有點尷尬！,sancunrenjian-ergen/三寸人間_html1170.html
第1168 冥皇府邸！,sancunrenjian-ergen/三寸人間_html1171.html
第1169章 後發而行！,sancunrenjian-ergen/三寸人間_html1172.html
第1170章 有口有目有身！,sancunrenjian-ergen/三寸人間_html1173.html
第1171章 怎麼拽不斷！,sancunrenjian-ergen/三寸人間_html1174.html
第1172章 造化！,sancunrenjian-ergen/三寸人間_html1175.html
第1173章 身影！,sancunrenjian-ergen/三寸人間_html1176.html
第1174章 女的？,sancunrenjian-ergen/三寸人間_html1177.html
第1175章 善！,sancunrenjian-ergen/三寸人間_html1178.html
第1176章 引魂！,sancunrenjian-ergen/三寸人間_html1179.html
第1177章 師尊的目光！,sancunrenjian-ergen/三寸人間_html1180.html
第1178章 悟,sancunrenjian-ergen/三寸人間_html1181.html
第1179章 道,sancunrenjian-ergen/三寸人間_html1182.html
第1180章 燈滅人滅,sancunrenjian-ergen/三寸人間_html1183.html
第1181章 嘆情,sancunrenjian-ergen/三寸人間_html1184.html
第1182章 止步！,sancunrenjian-ergen/三寸人間_html1185.html
第1183章 約定！,sancunrenjian-ergen/三寸人間_html1186.html
第1184章 淹沒！,sancunrenjian-ergen/三寸人間_html1187.html
第1185章 法則重煉！,sancunrenjian-ergen/三寸人間_html1188.html
第1186章 畫師顏,sancunrenjian-ergen/三寸人間_html1189.html
第1187章 道不清,sancunrenjian-ergen/三寸人間_html1190.html
第1188章 離去,sancunrenjian-ergen/三寸人間_html1191.html
第1189章 迴歸！,sancunrenjian-ergen/三寸人間_html1192.html
第1190章 未來之路,sancunrenjian-ergen/三寸人間_html1193.html
第1191章 到家了,sancunrenjian-ergen/三寸人間_html1194.html
第1192章 王寶靈,sancunrenjian-ergen/三寸人間_html1195.html
第1193章 道韻及空！,sancunrenjian-ergen/三寸人間_html1196.html
第1194章 紫金融入！,sancunrenjian-ergen/三寸人間_html1197.html
第1195章 責罰！,sancunrenjian-ergen/三寸人間_html1198.html
第1196章 趙雅夢與周小雅,sancunrenjian-ergen/三寸人間_html1199.html
第1197章 七天融星！,sancunrenjian-ergen/三寸人間_html1200.html
第1198章 界盤鎮域！,sancunrenjian-ergen/三寸人間_html1201.html
第1199章 四方雲動！,sancunrenjian-ergen/三寸人間_html1202.html
第1200章 道心澄明！,sancunrenjian-ergen/三寸人間_html1203.html
第1201章 衆域伐之,sancunrenjian-ergen/三寸人間_html1204.html
第1202章 等君入甕,sancunrenjian-ergen/三寸人間_html1205.html
第1203章 補界盤（上）,sancunrenjian-ergen/三寸人間_html1206.html
第1204章 百步圓滿！,sancunrenjian-ergen/三寸人間_html1207.html
第1205章 大道傳域！,sancunrenjian-ergen/三寸人間_html1208.html
第1206章 第三步！,sancunrenjian-ergen/三寸人間_html1209.html
第1207章 師尊威武！,sancunrenjian-ergen/三寸人間_html1210.html
第1208章 疑問！,sancunrenjian-ergen/三寸人間_html1211.html
第1209章 紫月大劫！,sancunrenjian-ergen/三寸人間_html1212.html
第1210章 還不醒悟？,sancunrenjian-ergen/三寸人間_html1213.html
第1211章 醒悟,sancunrenjian-ergen/三寸人間_html1214.html
第1212章 補界盤（下）,sancunrenjian-ergen/三寸人間_html1215.html
第1213章 神皇幾何！,sancunrenjian-ergen/三寸人間_html1216.html
第1214章 極五子！,sancunrenjian-ergen/三寸人間_html1217.html
第1215章 三個問題！,sancunrenjian-ergen/三寸人間_html1218.html
第1216章 十萬界，十萬念！,sancunrenjian-ergen/三寸人間_html1219.html
第1217章 蜈影魔念！,sancunrenjian-ergen/三寸人間_html1220.html
第1218章 感悟,sancunrenjian-ergen/三寸人間_html1221.html
第1219章 你和我爹很像！,sancunrenjian-ergen/三寸人間_html1222.html
第1220章 你再說一遍,sancunrenjian-ergen/三寸人間_html1223.html
第1221章 八極道！,sancunrenjian-ergen/三寸人間_html1224.html
第1222章 神皇之路,sancunrenjian-ergen/三寸人間_html1225.html
第1223章 道種！,sancunrenjian-ergen/三寸人間_html1226.html
第1224章 木種！,sancunrenjian-ergen/三寸人間_html1227.html
第1225章 叛經離道！,sancunrenjian-ergen/三寸人間_html1228.html
第1226章 挑釁？,sancunrenjian-ergen/三寸人間_html1229.html
第1227章 踏入！,sancunrenjian-ergen/三寸人間_html1230.html
第1228章 殘月指！,sancunrenjian-ergen/三寸人間_html1231.html
第1229章 水月殺！,sancunrenjian-ergen/三寸人間_html1232.html
第1230章 一戰封神！,sancunrenjian-ergen/三寸人間_html1233.html
第1231章 大道同源！,sancunrenjian-ergen/三寸人間_html1234.html
第1232章 聯邦聖地！,sancunrenjian-ergen/三寸人間_html1235.html
第1233章 踏九道！,sancunrenjian-ergen/三寸人間_html1236.html
第1234章 水生木？,sancunrenjian-ergen/三寸人間_html1237.html
第1235章 謝謝你,sancunrenjian-ergen/三寸人間_html1238.html
第1236章 表現不錯！,sancunrenjian-ergen/三寸人間_html1239.html
第1237章 水種道成！,sancunrenjian-ergen/三寸人間_html1240.html
第1238章 左道之主！,sancunrenjian-ergen/三寸人間_html1241.html
第1239章 立威！,sancunrenjian-ergen/三寸人間_html1242.html
第1240章 回暖！,sancunrenjian-ergen/三寸人間_html1243.html
第1241章 蓄勢！（第一更）,sancunrenjian-ergen/三寸人間_html1244.html
第1242章 悲苦的玄華（第二更）,sancunrenjian-ergen/三寸人間_html1245.html
第1243章 靈動！（第三更）,sancunrenjian-ergen/三寸人間_html1246.html
第1244章 全面開戰！（第四更）,sancunrenjian-ergen/三寸人間_html1247.html
第1245章 到來！,sancunrenjian-ergen/三寸人間_html1248.html
第1246章 玄華迴歸！,sancunrenjian-ergen/三寸人間_html1249.html
第1247章 未央子臨！,sancunrenjian-ergen/三寸人間_html1250.html
第1248章 戰未央！,sancunrenjian-ergen/三寸人間_html1251.html
第1249章 到來！,sancunrenjian-ergen/三寸人間_html1252.html
第1250章 塵青之戰！（第一更）,sancunrenjian-ergen/三寸人間_html1253.html
第1251章 木劍！（第二更）,sancunrenjian-ergen/三寸人間_html1254.html
第1252章 一生殺！（第三更）,sancunrenjian-ergen/三寸人間_html1255.html
第1253章 皇！（第四更）,sancunrenjian-ergen/三寸人間_html1256.html
第1254章 冥皇三拜！,sancunrenjian-ergen/三寸人間_html1257.html
第1255章 塵青子的決定！,sancunrenjian-ergen/三寸人間_html1258.html
第1256章 冥之迴歸,sancunrenjian-ergen/三寸人間_html1259.html
第1257章 踏天？,sancunrenjian-ergen/三寸人間_html1260.html
第1258章 師兄！,sancunrenjian-ergen/三寸人間_html1261.html
第1259章 門外！,sancunrenjian-ergen/三寸人間_html1262.html
第1260章 帝君！,sancunrenjian-ergen/三寸人間_html1263.html
第1261章 十三年！,sancunrenjian-ergen/三寸人間_html1264.html
第1262章 又臨！,sancunrenjian-ergen/三寸人間_html1265.html
第1263章 睜眼！,sancunrenjian-ergen/三寸人間_html1266.html
第1264章 人是魂非！,sancunrenjian-ergen/三寸人間_html1267.html
第1265章 踏入,sancunrenjian-ergen/三寸人間_html1268.html
第1266章 氣運之斬！,sancunrenjian-ergen/三寸人間_html1269.html
第1267章 人傑！,sancunrenjian-ergen/三寸人間_html1270.html
第1268章 全力以赴！,sancunrenjian-ergen/三寸人間_html1271.html
第1269章 月星老祖！,sancunrenjian-ergen/三寸人間_html1272.html
第1270章 真相！,sancunrenjian-ergen/三寸人間_html1273.html
第1271章 極過去、極未來、極逍遙！,sancunrenjian-ergen/三寸人間_html1274.html
第1272章 逍遙仙！,sancunrenjian-ergen/三寸人間_html1275.html
第1273章 仙符！,sancunrenjian-ergen/三寸人間_html1276.html
第1274章 五行道基！,sancunrenjian-ergen/三寸人間_html1277.html
第1275章 戰臨！,sancunrenjian-ergen/三寸人間_html1278.html
第1276章 五行將成！,sancunrenjian-ergen/三寸人間_html1279.html
第1277章 武器！,sancunrenjian-ergen/三寸人間_html1280.html
第1278章 踏天？,sancunrenjian-ergen/三寸人間_html1281.html
第1279章 輪迴戰啓！,sancunrenjian-ergen/三寸人間_html1282.html
第1280章 火道鎮壓！,sancunrenjian-ergen/三寸人間_html1283.html
第1281章 五行之土！,sancunrenjian-ergen/三寸人間_html1284.html
第1282章 或爲劫,sancunrenjian-ergen/三寸人間_html1285.html
第1283章 因果逆行！,sancunrenjian-ergen/三寸人間_html1286.html
第1284章 一言定道！,sancunrenjian-ergen/三寸人間_html1287.html
第1285章 格局！,sancunrenjian-ergen/三寸人間_html1288.html
第1286章 別來惹我！,sancunrenjian-ergen/三寸人間_html1289.html
第1287章 他的人間！,sancunrenjian-ergen/三寸人間_html1290.html
第1288章 無怨無悔,sancunrenjian-ergen/三寸人間_html1291.html
第1289章 多謝！,sancunrenjian-ergen/三寸人間_html1292.html
第1290章 論道,sancunrenjian-ergen/三寸人間_html1293.html
第1291章 仙罡,sancunrenjian-ergen/三寸人間_html1294.html
第1292章 兩年,sancunrenjian-ergen/三寸人間_html1295.html
第1293章 洗滌,sancunrenjian-ergen/三寸人間_html1296.html
第1294章 道長,sancunrenjian-ergen/三寸人間_html1297.html
第1295章 這一世,sancunrenjian-ergen/三寸人間_html1298.html
第1296章 念圓,sancunrenjian-ergen/三寸人間_html1299.html
第1297章 完道,sancunrenjian-ergen/三寸人間_html1300.html
第1298章 欲言又止,sancunrenjian-ergen/三寸人間_html1301.html
第1299章 問心？,sancunrenjian-ergen/三寸人間_html1302.html
第1300章 來歷,sancunrenjian-ergen/三寸人間_html1303.html
第1301章 十一陽！,sancunrenjian-ergen/三寸人間_html1304.html
第1302章 證道,sancunrenjian-ergen/三寸人間_html1305.html
第1303章 昇華,sancunrenjian-ergen/三寸人間_html1306.html
第1304章 第九橋,sancunrenjian-ergen/三寸人間_html1307.html
第1305章 贈送,sancunrenjian-ergen/三寸人間_html1308.html
第1306章 方向,sancunrenjian-ergen/三寸人間_html1309.html
第1307章 漸行,sancunrenjian-ergen/三寸人間_html1310.html
第1308章 夢道！,sancunrenjian-ergen/三寸人間_html1311.html
第1309章 夢中之城！,sancunrenjian-ergen/三寸人間_html1312.html
第1310章 誰的夢？,sancunrenjian-ergen/三寸人間_html1313.html
第1311章 你是恩賜也是劫,sancunrenjian-ergen/三寸人間_html1314.html
第1312章 乖巧,sancunrenjian-ergen/三寸人間_html1315.html
第1313章 帝靈！,sancunrenjian-ergen/三寸人間_html1316.html
第1314章 面具下,sancunrenjian-ergen/三寸人間_html1317.html
第1315章 三層界,sancunrenjian-ergen/三寸人間_html1318.html
第1316章 喜悅之意,sancunrenjian-ergen/三寸人間_html1319.html
第1317章 入界,sancunrenjian-ergen/三寸人間_html1320.html
第1318章 青衣女,sancunrenjian-ergen/三寸人間_html1321.html
第1319章 道種！（第一更）,sancunrenjian-ergen/三寸人間_html1322.html
第1320章 護法甦醒（第二更）,sancunrenjian-ergen/三寸人間_html1323.html
第1321章 融道（第三更）,sancunrenjian-ergen/三寸人間_html1324.html
第1322章 獨立分身,sancunrenjian-ergen/三寸人間_html1325.html
第1323章 交個朋友,sancunrenjian-ergen/三寸人間_html1326.html
第1324章 食慾城,sancunrenjian-ergen/三寸人間_html1327.html
第1325章 暴食節,sancunrenjian-ergen/三寸人間_html1328.html
第1326章 開張大吉,sancunrenjian-ergen/三寸人間_html1329.html
第1327章 缺東家嗎,sancunrenjian-ergen/三寸人間_html1330.html
第1328章 城如宗,sancunrenjian-ergen/三寸人間_html1331.html
第1329章 適者,sancunrenjian-ergen/三寸人間_html1332.html
第1330章 快樂水,sancunrenjian-ergen/三寸人間_html1333.html
第1331章 風靡（第一更）,sancunrenjian-ergen/三寸人間_html1334.html
第1332章 慾望之身（第二更）,sancunrenjian-ergen/三寸人間_html1335.html
第1333章 立足（第三更）,sancunrenjian-ergen/三寸人間_html1336.html
第1334章 冰靈子,sancunrenjian-ergen/三寸人間_html1337.html
第1335章 來歷（第一更）,sancunrenjian-ergen/三寸人間_html1338.html
第1336章 神爐道（第二更）,sancunrenjian-ergen/三寸人間_html1339.html
第1337章 獵殺盛宴（第三更）,sancunrenjian-ergen/三寸人間_html1340.html
第1338章 獵殺開始（第一更）,sancunrenjian-ergen/三寸人間_html1341.html
第1339章 你喜歡捉迷藏？（第二更）,sancunrenjian-ergen/三寸人間_html1342.html
第1340章 青陽子？（第三更）,sancunrenjian-ergen/三寸人間_html1343.html
第1341章 山丘獸（第四更）,sancunrenjian-ergen/三寸人間_html1344.html
第1342章 看一眼,sancunrenjian-ergen/三寸人間_html1345.html
第1343章 釣魚！,sancunrenjian-ergen/三寸人間_html1346.html
第1344章 恩公（第一更）,sancunrenjian-ergen/三寸人間_html1347.html
第1345章 鎮壓（第二更）,sancunrenjian-ergen/三寸人間_html1348.html
第1346章 隕神之指（第三更）,sancunrenjian-ergen/三寸人間_html1349.html
第1347章 吊起來（第四更）,sancunrenjian-ergen/三寸人間_html1350.html
第1348章 錯估（第一更）,sancunrenjian-ergen/三寸人間_html1351.html
第1349章 不着急（第二更）,sancunrenjian-ergen/三寸人間_html1352.html
第1350章 融合（第三更）,sancunrenjian-ergen/三寸人間_html1353.html
第1351章 暴食主（第四更）,sancunrenjian-ergen/三寸人間_html1354.html
第1352章 搜尋,sancunrenjian-ergen/三寸人間_html1355.html
第1353章 召喚（第一更）,sancunrenjian-ergen/三寸人間_html1356.html
第1354章 背信棄義（第二更）,sancunrenjian-ergen/三寸人間_html1357.html
第1355章 迴歸（第三更）,sancunrenjian-ergen/三寸人間_html1358.html
第1356章 自由（第一更）,sancunrenjian-ergen/三寸人間_html1359.html
第1357章 希望（第二更）,sancunrenjian-ergen/三寸人間_html1360.html
第1358章 聽欲臨（第三更）,sancunrenjian-ergen/三寸人間_html1361.html
第1359章 承諾（第四更）,sancunrenjian-ergen/三寸人間_html1362.html
第1360章 大小相見（第一更）,sancunrenjian-ergen/三寸人間_html1363.html
第1361章 寶樂樂寶（第二更）,sancunrenjian-ergen/三寸人間_html1364.html
第1362章 聽的世界（第三更）,sancunrenjian-ergen/三寸人間_html1365.html
第1363章 黑夜（第一更）,sancunrenjian-ergen/三寸人間_html1366.html
第1364章 噗（第二更）,sancunrenjian-ergen/三寸人間_html1367.html
第1365章 到達（第三更）,sancunrenjian-ergen/三寸人間_html1368.html
第1366章 熟悉的城市（第一更）,sancunrenjian-ergen/三寸人間_html1369.html
第1367章 三大宗（第二更）,sancunrenjian-ergen/三寸人間_html1370.html
第1368章 黑夜（第三更）,sancunrenjian-ergen/三寸人間_html1371.html
第1369章 存在於黑夜（第四更）,sancunrenjian-ergen/三寸人間_html1372.html
第1370章 入夜,sancunrenjian-ergen/三寸人間_html1373.html
第1371章 和絃宗,sancunrenjian-ergen/三寸人間_html1374.html
第1372章 奇怪的宗門,sancunrenjian-ergen/三寸人間_html1375.html
第1373章 奇怪的音符,sancunrenjian-ergen/三寸人間_html1376.html
第1374章 極致之音,sancunrenjian-ergen/三寸人間_html1377.html
第1375章 藍樂魚,sancunrenjian-ergen/三寸人間_html1378.html
第1376章 摸魚（第一更）,sancunrenjian-ergen/三寸人間_html1379.html
第1377章 琴音（第二更）,sancunrenjian-ergen/三寸人間_html1380.html
第1378章 藍樂天籟（第三更）,sancunrenjian-ergen/三寸人間_html1381.html
第1379章 不同的花轎（第四更）,sancunrenjian-ergen/三寸人間_html1382.html
第1380章 喜的痕跡（第一更）,sancunrenjian-ergen/三寸人間_html1383.html
第1381章 六頂花轎（第二更）,sancunrenjian-ergen/三寸人間_html1384.html
第1382章 區區凡音（第三更）,sancunrenjian-ergen/三寸人間_html1385.html
第1383章 非同凡響！,sancunrenjian-ergen/三寸人間_html1386.html
第1384章 通緝（第一更）,sancunrenjian-ergen/三寸人間_html1387.html
第1385章 恐怖的音符（第二更）,sancunrenjian-ergen/三寸人間_html1388.html
第1386章 喜主（第三更）,sancunrenjian-ergen/三寸人間_html1389.html
第1387章 合作愉快（第一更）,sancunrenjian-ergen/三寸人間_html1390.html
第1388章 晾一晾（第二更）,sancunrenjian-ergen/三寸人間_html1391.html
第1389章 三個問題（第三更）,sancunrenjian-ergen/三寸人間_html1392.html
第1390章 七情三主（第四更）,sancunrenjian-ergen/三寸人間_html1393.html
第1391章 聽欲主的詛咒（第五更）,sancunrenjian-ergen/三寸人間_html1394.html
第1392章 融情,sancunrenjian-ergen/三寸人間_html1395.html
第1393章 又一次浮現,sancunrenjian-ergen/三寸人間_html1396.html
第1394章 驗證,sancunrenjian-ergen/三寸人間_html1397.html
第1395章 試煉開啓,sancunrenjian-ergen/三寸人間_html1398.html
第1396章 第一戰,sancunrenjian-ergen/三寸人間_html1399.html
第1397章 撓癢,sancunrenjian-ergen/三寸人間_html1400.html
第1398章 黑馬,sancunrenjian-ergen/三寸人間_html1401.html
第1399章 紅魔,sancunrenjian-ergen/三寸人間_html1402.html
第1400章 凡音再現,sancunrenjian-ergen/三寸人間_html1403.html
第1401章 破妄,sancunrenjian-ergen/三寸人間_html1404.html
第1402章 原來是你,sancunrenjian-ergen/三寸人間_html1405.html
第1403章 感同身受,sancunrenjian-ergen/三寸人間_html1406.html
第1404章 道種入手,sancunrenjian-ergen/三寸人間_html1407.html
第1405章 時靈子的復仇,sancunrenjian-ergen/三寸人間_html1408.html
第1406章 不愚,sancunrenjian-ergen/三寸人間_html1409.html
第1407章 對決,sancunrenjian-ergen/三寸人間_html1410.html
第1408章 奪舍,sancunrenjian-ergen/三寸人間_html1411.html
第1409章 鎮壓,sancunrenjian-ergen/三寸人間_html1412.html
第1410章 掠奪（第一更）,sancunrenjian-ergen/三寸人間_html1413.html
第1411章 印喜（第二更）,sancunrenjian-ergen/三寸人間_html1414.html
第1412章 見欲城（第三更）,sancunrenjian-ergen/三寸人間_html1415.html
第1413章 熟悉（第四更）,sancunrenjian-ergen/三寸人間_html1416.html
第1414章 自爆（第五更）,sancunrenjian-ergen/三寸人間_html1417.html
第1415章 鳩佔鵲巢（第一更）,sancunrenjian-ergen/三寸人間_html1418.html
第1416章 純血（第二更）,sancunrenjian-ergen/三寸人間_html1419.html
第1417章 找到你了！（第三更）,sancunrenjian-ergen/三寸人間_html1420.html
第1418章 師尊……（第四更）,sancunrenjian-ergen/三寸人間_html1421.html
第1419章 戰怒（第一更）,sancunrenjian-ergen/三寸人間_html1422.html
第1420章 我是誰……（第二更）,sancunrenjian-ergen/三寸人間_html1423.html
第1421章 傻愚（第三更）,sancunrenjian-ergen/三寸人間_html1424.html
第1422章 第六慾（第一更）,sancunrenjian-ergen/三寸人間_html1425.html
第1423章 玄塵（第二更）,sancunrenjian-ergen/三寸人間_html1426.html
第1424章 三欲之詛（第三更）,sancunrenjian-ergen/三寸人間_html1427.html
第1425章 七情六慾（第四更）,sancunrenjian-ergen/三寸人間_html1428.html
第1426章 想清楚了嗎？（第一更）,sancunrenjian-ergen/三寸人間_html1429.html
第1427章 帝君的記憶,sancunrenjian-ergen/三寸人間_html1430.html
第1428章 第一縷生命（第三更）,sancunrenjian-ergen/三寸人間_html1431.html
第1429章 不一樣（第四更）,sancunrenjian-ergen/三寸人間_html1432.html
第1430、1431章 引劫,sancunrenjian-ergen/三寸人間_html1433.html
第1432章 暗仙劫？（第三更）,sancunrenjian-ergen/三寸人間_html1434.html
第1433章 不對勁（第四更）,sancunrenjian-ergen/三寸人間_html1435.html
第1434章 虛妄（第一更）,sancunrenjian-ergen/三寸人間_html1436.html
第1435章 相見（第二更）,sancunrenjian-ergen/三寸人間_html1437.html
第1436章 沒有錯（第三更）,sancunrenjian-ergen/三寸人間_html1438.html
第1437章 缺少的那一段（第四更）,sancunrenjian-ergen/三寸人間_html1439.html
第1438章 喜主（第一更）,sancunrenjian-ergen/三寸人間_html1440.html
第1439章 慾望剝離（第二更）,sancunrenjian-ergen/三寸人間_html1441.html
第1440章 步步風裡再無我,sancunrenjian-ergen/三寸人間_html1442.html
第1441章 本體（第一更）,sancunrenjian-ergen/三寸人間_html1443.html
第1442章 五行道（第二更）,sancunrenjian-ergen/三寸人間_html1444.html
第1443章 星圖（第三更）,sancunrenjian-ergen/三寸人間_html1445.html
第1444-1445章 煌天星環（第一更）,sancunrenjian-ergen/三寸人間_html1446.html
第1446章 追朔（第二更）,sancunrenjian-ergen/三寸人間_html1447.html
第1447章 饋贈（第三更）,sancunrenjian-ergen/三寸人間_html1448.html
第1448章 可否逍遙？（第四更）,sancunrenjian-ergen/三寸人間_html1449.html
第一四四九章 你是！,sancunrenjian-ergen/三寸人間_html1450.html
第一四五零章 追憶,sancunrenjian-ergen/三寸人間_html1451.html
第一四五一章 你不是他,sancunrenjian-ergen/三寸人間_html1452.html
第一四五二章 歲月流逝,sancunrenjian-ergen/三寸人間_html1453.html
第一四五三章 一道信息,sancunrenjian-ergen/三寸人間_html1454.html
第一四五四章 離開,sancunrenjian-ergen/三寸人間_html1455.html
第一四五五章 終見本體,sancunrenjian-ergen/三寸人間_html1456.html
第一四五六章 以我命，換你醒！,sancunrenjian-ergen/三寸人間_html1457.html
第一四五七章 終是一場虛幻滅,sancunrenjian-ergen/三寸人間_html1458.html
