第1章 這是個意外,mulongshi-luan/牧龍師_html1.html
第2章 落魄的女城主,mulongshi-luan/牧龍師_html2.html
第3章 龍門,mulongshi-luan/牧龍師_html3.html
第4章 一種折磨,mulongshi-luan/牧龍師_html4.html
第5章 我可以養你啊,mulongshi-luan/牧龍師_html5.html
第6章 幼靈,mulongshi-luan/牧龍師_html6.html
第7章 小透明祝明朗,mulongshi-luan/牧龍師_html7.html
第8章 退化之龍,mulongshi-luan/牧龍師_html8.html
第9章 馴龍學院,mulongshi-luan/牧龍師_html9.html
第10章 幼靈之選,mulongshi-luan/牧龍師_html10.html
第11章 小鱷靈,mulongshi-luan/牧龍師_html11.html
第12章 含苞待放的龍,mulongshi-luan/牧龍師_html12.html
第13章 口糧問題,mulongshi-luan/牧龍師_html13.html
第14章 這活接了,mulongshi-luan/牧龍師_html14.html
第15章 鬥智鬥勇,mulongshi-luan/牧龍師_html15.html
第16章 南玲紗,mulongshi-luan/牧龍師_html16.html
第17章 冰辰白龍？,mulongshi-luan/牧龍師_html17.html
第18章 鬥龍,mulongshi-luan/牧龍師_html18.html
第19章 進階之龍,mulongshi-luan/牧龍師_html19.html
第20章 掠影尾蟄,mulongshi-luan/牧龍師_html20.html
第21章 追求者嗎？,mulongshi-luan/牧龍師_html21.html
第22章 以鱷爲餌,mulongshi-luan/牧龍師_html22.html
第23章 百年妖珠,mulongshi-luan/牧龍師_html23.html
第24章 我來殺你,mulongshi-luan/牧龍師_html24.html
第25章 一門手藝,mulongshi-luan/牧龍師_html25.html
第26章 做妾,mulongshi-luan/牧龍師_html26.html
第27章 浮出水面,mulongshi-luan/牧龍師_html27.html
第28章 老師叫我去巡山,mulongshi-luan/牧龍師_html28.html
第29章 居心叵測,mulongshi-luan/牧龍師_html29.html
第30章 祝兄，珍重,mulongshi-luan/牧龍師_html30.html
第31章 截殺者,mulongshi-luan/牧龍師_html31.html
第32章 成長期白龍,mulongshi-luan/牧龍師_html32.html
第33章 鐮爪猛龍,mulongshi-luan/牧龍師_html33.html
第34章 深潭血戰,mulongshi-luan/牧龍師_html34.html
第35章 化龍,mulongshi-luan/牧龍師_html35.html
第36章 和親,mulongshi-luan/牧龍師_html36.html
第37章 割讓四城,mulongshi-luan/牧龍師_html37.html
第38章 劃名,mulongshi-luan/牧龍師_html38.html
第39章 掌權,mulongshi-luan/牧龍師_html39.html
第40章 星河踏劍,mulongshi-luan/牧龍師_html40.html
第41章 劍痕爲界,mulongshi-luan/牧龍師_html41.html
第42章 當世無雙,mulongshi-luan/牧龍師_html42.html
第43章 喂粥,mulongshi-luan/牧龍師_html43.html
第44章 良才,mulongshi-luan/牧龍師_html44.html
第45章 黑牙，滄龍血脈,mulongshi-luan/牧龍師_html45.html
第46章 黑野豬,mulongshi-luan/牧龍師_html46.html
第47章 古龍戰技,mulongshi-luan/牧龍師_html47.html
第48章 混個助攻,mulongshi-luan/牧龍師_html48.html
第49章 少壯不努力,mulongshi-luan/牧龍師_html49.html
第50章 洗劫龍穴,mulongshi-luan/牧龍師_html50.html
第51章 龍性,mulongshi-luan/牧龍師_html51.html
第52章 森龍幼崽,mulongshi-luan/牧龍師_html52.html
第53章 新龍寵,mulongshi-luan/牧龍師_html53.html
第54章 身份揭露,mulongshi-luan/牧龍師_html54.html
第55章 吃軟飯的,mulongshi-luan/牧龍師_html55.html
第56章 我家娘子,mulongshi-luan/牧龍師_html56.html
第57章 怎麼忘了她,mulongshi-luan/牧龍師_html57.html
第58章 陪你演戲,mulongshi-luan/牧龍師_html58.html
第59章 直面羣龍,mulongshi-luan/牧龍師_html59.html
第60章 龍將,mulongshi-luan/牧龍師_html60.html
第61章 丟人現眼,mulongshi-luan/牧龍師_html61.html
第62章 銀青暴鎧之龍,mulongshi-luan/牧龍師_html62.html
第63章 白豈，蒼龍玄術,mulongshi-luan/牧龍師_html63.html
第64章 又一個癡迷者,mulongshi-luan/牧龍師_html64.html
第65章 竹林夜遇,mulongshi-luan/牧龍師_html65.html
第66章 神木青聖龍,mulongshi-luan/牧龍師_html66.html
第67章 學院，全員任命,mulongshi-luan/牧龍師_html67.html
第68章 朋友相稱,mulongshi-luan/牧龍師_html68.html
第69章 放龍娃？,mulongshi-luan/牧龍師_html69.html
第70章 強盜,mulongshi-luan/牧龍師_html70.html
第71章 剿匪滅妖,mulongshi-luan/牧龍師_html71.html
第72章 慘案鎮,mulongshi-luan/牧龍師_html72.html
第73章 保命本領,mulongshi-luan/牧龍師_html73.html
第74章 鏤空叢林,mulongshi-luan/牧龍師_html74.html
第75章 催眠之藤,mulongshi-luan/牧龍師_html75.html
第76章 成魔,mulongshi-luan/牧龍師_html76.html
第77章 入老師隊伍,mulongshi-luan/牧龍師_html77.html
第78章 畫城,mulongshi-luan/牧龍師_html78.html
第79章 畫龍師,mulongshi-luan/牧龍師_html79.html
第80章 代課老師,mulongshi-luan/牧龍師_html80.html
第81章 鬼婦邪蛛,mulongshi-luan/牧龍師_html81.html
第82章 你還活着，你已涅槃！,mulongshi-luan/牧龍師_html82.html
第83章 一片逆鱗,mulongshi-luan/牧龍師_html83.html
第84章 小姨子有毒,mulongshi-luan/牧龍師_html84.html
第85章 意外雙豐收,mulongshi-luan/牧龍師_html85.html
第86章 龍劫,mulongshi-luan/牧龍師_html86.html
第87章 古代山,mulongshi-luan/牧龍師_html87.html
第88章 愛心寶鎧,mulongshi-luan/牧龍師_html88.html
第89章 臉皮厚,mulongshi-luan/牧龍師_html89.html
第90章 心事,mulongshi-luan/牧龍師_html90.html
第91章 貼身護衛,mulongshi-luan/牧龍師_html91.html
第92章 從小胃不好,mulongshi-luan/牧龍師_html92.html
第93章 天異,mulongshi-luan/牧龍師_html93.html
第94章 不見天日,mulongshi-luan/牧龍師_html94.html
第95章 討伐密謀,mulongshi-luan/牧龍師_html95.html
第96章 玫如血,mulongshi-luan/牧龍師_html96.html
第97章 祖龍畫魂,mulongshi-luan/牧龍師_html97.html
第98章 天命之子,mulongshi-luan/牧龍師_html98.html
補一下上架感言,mulongshi-luan/牧龍師_html99.html
第100章 白龍公子,mulongshi-luan/牧龍師_html100.html
第101章 龍主級！,mulongshi-luan/牧龍師_html101.html
第102章 老戲骨,mulongshi-luan/牧龍師_html102.html
第103章 驚濤氣羽,mulongshi-luan/牧龍師_html103.html
第104章 夏天了別惹我！,mulongshi-luan/牧龍師_html104.html
第105章 採魂大豐收,mulongshi-luan/牧龍師_html105.html
第106章 龍養得不錯,mulongshi-luan/牧龍師_html106.html
第107章 天空之異,mulongshi-luan/牧龍師_html107.html
第108章 有幸是你,mulongshi-luan/牧龍師_html108.html
第109章 接壤,mulongshi-luan/牧龍師_html109.html
第110章 祝雪痕,mulongshi-luan/牧龍師_html110.html
第111章 奴隸之土,mulongshi-luan/牧龍師_html111.html
第112章 再踩一遍,mulongshi-luan/牧龍師_html112.html
第113章 養龍也很簡單,mulongshi-luan/牧龍師_html113.html
第114章 黎星畫,mulongshi-luan/牧龍師_html114.html
第115章 極庭大陸,mulongshi-luan/牧龍師_html115.html
第116章 罪惡之城,mulongshi-luan/牧龍師_html116.html
第117章 狡詐惡徒,mulongshi-luan/牧龍師_html117.html
第118章 不僅白給,mulongshi-luan/牧龍師_html118.html
第119章 遙山劍宗,mulongshi-luan/牧龍師_html119.html
第120章 劍宗大師姐,mulongshi-luan/牧龍師_html120.html
第121章 做大做小,mulongshi-luan/牧龍師_html121.html
第122章 她是牧龍師,mulongshi-luan/牧龍師_html122.html
第123章 以風爲礫石,mulongshi-luan/牧龍師_html123.html
第124章 劍靈龍,mulongshi-luan/牧龍師_html124.html
第125章 劍師對畫師,mulongshi-luan/牧龍師_html125.html
第126章 甘拜下風,mulongshi-luan/牧龍師_html126.html
第127章 雲之龍國,mulongshi-luan/牧龍師_html127.html
第128章 祝門喪事,mulongshi-luan/牧龍師_html128.html
第129章 給你兒備好棺材,mulongshi-luan/牧龍師_html129.html
第130章 又吃軟飯？,mulongshi-luan/牧龍師_html130.html
第131章 錦鯉先生,mulongshi-luan/牧龍師_html131.html
第132章 輪迴蟄變,mulongshi-luan/牧龍師_html132.html
第133章 古龍宮,mulongshi-luan/牧龍師_html133.html
第134章 小畜生,mulongshi-luan/牧龍師_html134.html
第135章 羣鬥,mulongshi-luan/牧龍師_html135.html
第136章 四處引戰,mulongshi-luan/牧龍師_html136.html
第137章 古龍烈勇,mulongshi-luan/牧龍師_html137.html
第138章 暴龍性,mulongshi-luan/牧龍師_html138.html
第139章 終極掠食者,mulongshi-luan/牧龍師_html139.html
第140章 暢遊魚塘局,mulongshi-luan/牧龍師_html140.html
第141章 兩隻老狐狸,mulongshi-luan/牧龍師_html141.html
第142章 銘紋之說,mulongshi-luan/牧龍師_html142.html
第143章 吞噬劍器,mulongshi-luan/牧龍師_html143.html
第144章 成年木龍,mulongshi-luan/牧龍師_html144.html
第145章 棋師圍殺,mulongshi-luan/牧龍師_html145.html
第146章 困殺羣龍,mulongshi-luan/牧龍師_html146.html
第147章 以牙還牙,mulongshi-luan/牧龍師_html147.html
第148章 該償命的償命,mulongshi-luan/牧龍師_html148.html
第149章 非禮勿視,mulongshi-luan/牧龍師_html149.html
第150章 機關戰場城,mulongshi-luan/牧龍師_html150.html
第151章 一城到手,mulongshi-luan/牧龍師_html151.html
第152章 殺人要趁早,mulongshi-luan/牧龍師_html152.html
第153章 榕蜂巢穴,mulongshi-luan/牧龍師_html153.html
第154章 祠堂復仇,mulongshi-luan/牧龍師_html154.html
第155章 作畫，打架。,mulongshi-luan/牧龍師_html155.html
第156章 劍尖挑釁,mulongshi-luan/牧龍師_html156.html
第157章 畫劍陣,mulongshi-luan/牧龍師_html157.html
第158章 我全都要,mulongshi-luan/牧龍師_html158.html
第159章 老奸巨猾祝明朗,mulongshi-luan/牧龍師_html159.html
第160章 緲山劍宗溫夢如,mulongshi-luan/牧龍師_html160.html
第161章 九軍墓山,mulongshi-luan/牧龍師_html161.html
第162章 傀儡師,mulongshi-luan/牧龍師_html162.html
第163章 請都滾,mulongshi-luan/牧龍師_html163.html
第164章 飲血開刃,mulongshi-luan/牧龍師_html164.html
第165章 劍醒（上）,mulongshi-luan/牧龍師_html165.html
第166章 劍醒（下）,mulongshi-luan/牧龍師_html166.html
第167章 劍隕劍法,mulongshi-luan/牧龍師_html167.html
第168章 先滾爲敬,mulongshi-luan/牧龍師_html168.html
第169章 君級圍攻,mulongshi-luan/牧龍師_html169.html
第170章 符師何清淺,mulongshi-luan/牧龍師_html170.html
第171章 天幕劍,mulongshi-luan/牧龍師_html171.html
第172章 喚魔術,mulongshi-luan/牧龍師_html172.html
第173章 活着不好嗎,mulongshi-luan/牧龍師_html173.html
第174章 峰沉天影劍,mulongshi-luan/牧龍師_html174.html
第175章 大落大起,mulongshi-luan/牧龍師_html175.html
第176章 富有！,mulongshi-luan/牧龍師_html176.html
第177章 安王野心,mulongshi-luan/牧龍師_html177.html
第178章 娘子威武,mulongshi-luan/牧龍師_html178.html
第179章 雲之國曆練,mulongshi-luan/牧龍師_html179.html
第180章 肥水不流外人田,mulongshi-luan/牧龍師_html180.html
第181章 訛獸,mulongshi-luan/牧龍師_html181.html
第182章 雲臺母樹,mulongshi-luan/牧龍師_html182.html
第183章 雌雄聖燭龍,mulongshi-luan/牧龍師_html183.html
第184章 竊聖果,mulongshi-luan/牧龍師_html184.html
第185章 御劍飛行,mulongshi-luan/牧龍師_html185.html
第186章 祖龍秘密,mulongshi-luan/牧龍師_html186.html
第187章 又犯病了,mulongshi-luan/牧龍師_html187.html
第188章 一體雙魂,mulongshi-luan/牧龍師_html188.html
第189章 聚靈靈域,mulongshi-luan/牧龍師_html189.html
第190章 九千年魔靈,mulongshi-luan/牧龍師_html190.html
第191章 虹鱗天蟒,mulongshi-luan/牧龍師_html191.html
第192章 白龍，最強形態,mulongshi-luan/牧龍師_html192.html
第193章 冰霜天埃,mulongshi-luan/牧龍師_html193.html
第194章 劍靈練習,mulongshi-luan/牧龍師_html194.html
第195章 封君,mulongshi-luan/牧龍師_html195.html
第196章 四處走走,mulongshi-luan/牧龍師_html196.html
第197章 姐妹還是不和,mulongshi-luan/牧龍師_html197.html
第198章 燃魂祭獻,mulongshi-luan/牧龍師_html198.html
第199章 神古燈玉,mulongshi-luan/牧龍師_html199.html
第200章 怎麼能叫偷呢？,mulongshi-luan/牧龍師_html200.html
第201章 觀星,mulongshi-luan/牧龍師_html201.html
第202章 預知了這件事？,mulongshi-luan/牧龍師_html202.html
第203章 這一幕，似曾相似,mulongshi-luan/牧龍師_html203.html
第204章 無法安睡的東西,mulongshi-luan/牧龍師_html204.html
第205章 邪惡龍門,mulongshi-luan/牧龍師_html205.html
第206章 魔教,mulongshi-luan/牧龍師_html206.html
第207章 離川奴隸,mulongshi-luan/牧龍師_html207.html
第208章 賣不掉就殺了,mulongshi-luan/牧龍師_html208.html
第209章 投石問路,mulongshi-luan/牧龍師_html209.html
第210章 滅教,mulongshi-luan/牧龍師_html210.html
第211章 無目邪龍,mulongshi-luan/牧龍師_html211.html
第212章 飛劍，劍爍,mulongshi-luan/牧龍師_html212.html
第213章 掌門之子,mulongshi-luan/牧龍師_html213.html
第214章 踏劍斬龍,mulongshi-luan/牧龍師_html214.html
第215章 侍刀門,mulongshi-luan/牧龍師_html215.html
第216章 邪龍本性,mulongshi-luan/牧龍師_html216.html
第217章 邪龍珠,mulongshi-luan/牧龍師_html217.html
第218章 招婿秋節,mulongshi-luan/牧龍師_html218.html
第219章 月魁國女,mulongshi-luan/牧龍師_html219.html
第220章 銀玉顏飾,mulongshi-luan/牧龍師_html220.html
第221章 龍女殿,mulongshi-luan/牧龍師_html221.html
第222章 囂張樑王子,mulongshi-luan/牧龍師_html222.html
第223章 把王子扔出去,mulongshi-luan/牧龍師_html223.html
第224章 公開買男人,mulongshi-luan/牧龍師_html224.html
第225章 萬年霏羽,mulongshi-luan/牧龍師_html225.html
第226章 造鎧前拜誰？,mulongshi-luan/牧龍師_html226.html
第227章 一雪前恥,mulongshi-luan/牧龍師_html227.html
第228章 比一比？,mulongshi-luan/牧龍師_html228.html
第229章 劍冢嶺,mulongshi-luan/牧龍師_html229.html
第230章 火痕與熾幽,mulongshi-luan/牧龍師_html230.html
第231章 硬氣！,mulongshi-luan/牧龍師_html231.html
第232章 一介女流,mulongshi-luan/牧龍師_html232.html
第233章 強者爲尊,mulongshi-luan/牧龍師_html233.html
第234章 黑紗笠掌門,mulongshi-luan/牧龍師_html234.html
第235章 偷神玉,mulongshi-luan/牧龍師_html235.html
第236章 不能留宿！,mulongshi-luan/牧龍師_html236.html
第237章 孟冰慈,mulongshi-luan/牧龍師_html237.html
第238章 睹物思情,mulongshi-luan/牧龍師_html238.html
第239章 惡霸祝明朗,mulongshi-luan/牧龍師_html239.html
第240章 競爭者,mulongshi-luan/牧龍師_html240.html
第241章 渣男實錘？,mulongshi-luan/牧龍師_html241.html
第242章 爭魁,mulongshi-luan/牧龍師_html242.html
第243章 要不就從了吧？,mulongshi-luan/牧龍師_html243.html
第244章 女子的戰場,mulongshi-luan/牧龍師_html244.html
第245章 公主真容,mulongshi-luan/牧龍師_html245.html
第246章 我不如她嗎？,mulongshi-luan/牧龍師_html246.html
第247章 我算過命了,mulongshi-luan/牧龍師_html247.html
第248章 兩年之約,mulongshi-luan/牧龍師_html248.html
第249章 自然進階,mulongshi-luan/牧龍師_html249.html
第250章 你是誰？,mulongshi-luan/牧龍師_html250.html
第251章 爛攤子,mulongshi-luan/牧龍師_html251.html
第252章 奪城,mulongshi-luan/牧龍師_html252.html
第253章 下一道法令,mulongshi-luan/牧龍師_html253.html
第254章 喜歡就拿下,mulongshi-luan/牧龍師_html254.html
第255章 懸賞駙馬,mulongshi-luan/牧龍師_html255.html
第256章 銅刀軍,mulongshi-luan/牧龍師_html256.html
第257章 這城由我們支配,mulongshi-luan/牧龍師_html257.html
第258章 正道的光,mulongshi-luan/牧龍師_html258.html
第259章 不是劍修,mulongshi-luan/牧龍師_html259.html
第260章 弓箭師,mulongshi-luan/牧龍師_html260.html
第261章 娘子受驚了,mulongshi-luan/牧龍師_html261.html
第262章 我是國師,mulongshi-luan/牧龍師_html262.html
第263章 停戰法,mulongshi-luan/牧龍師_html263.html
第264章 驅逐十萬軍,mulongshi-luan/牧龍師_html264.html
第265章 清理門戶,mulongshi-luan/牧龍師_html265.html
第266章 喪龍出沒,mulongshi-luan/牧龍師_html266.html
第267章 梨花溝,mulongshi-luan/牧龍師_html267.html
第268章 多重伏擊,mulongshi-luan/牧龍師_html268.html
第269章 殺戮本能,mulongshi-luan/牧龍師_html269.html
第270章 夜霧中的呼救,mulongshi-luan/牧龍師_html270.html
第271章 蠱惑人心,mulongshi-luan/牧龍師_html271.html
第272章 快逃！,mulongshi-luan/牧龍師_html272.html
第273章 麒麟龍,mulongshi-luan/牧龍師_html273.html
第274章 陰靈師,mulongshi-luan/牧龍師_html274.html
第275章 蝠翼喪龍,mulongshi-luan/牧龍師_html275.html
第276章 羣屠蝠翼喪龍,mulongshi-luan/牧龍師_html276.html
第277章 缺水,mulongshi-luan/牧龍師_html277.html
第278章 我相信你的玄學,mulongshi-luan/牧龍師_html278.html
第279章 上古毒蠅龍,mulongshi-luan/牧龍師_html279.html
第280章 覺魔果實,mulongshi-luan/牧龍師_html280.html
第281章 貓鼠遊戲,mulongshi-luan/牧龍師_html281.html
第282章 劍有肺嗎？,mulongshi-luan/牧龍師_html282.html
第283章 聖性與魔性,mulongshi-luan/牧龍師_html283.html
第284章 獵殺詭音喪龍,mulongshi-luan/牧龍師_html284.html
第285章 無路前行,mulongshi-luan/牧龍師_html285.html
第286章 地窟黑湖,mulongshi-luan/牧龍師_html286.html
第287章 龍太少,mulongshi-luan/牧龍師_html287.html
第288章 蠱惑喪龍？,mulongshi-luan/牧龍師_html288.html
第289章 師枚柔,mulongshi-luan/牧龍師_html289.html
第290章 喪龍老巢？,mulongshi-luan/牧龍師_html290.html
第291章 匆匆離開,mulongshi-luan/牧龍師_html291.html
第292章 陰靈寨,mulongshi-luan/牧龍師_html292.html
第293章 山野屍鬼,mulongshi-luan/牧龍師_html293.html
第294章 叛徒,mulongshi-luan/牧龍師_html294.html
第295章 玄術，泯滅瞳,mulongshi-luan/牧龍師_html295.html
第296章 別說謊,mulongshi-luan/牧龍師_html296.html
第297章 數星星,mulongshi-luan/牧龍師_html297.html
第298章 拒絕庇佑,mulongshi-luan/牧龍師_html298.html
第299章 剝奪一切,mulongshi-luan/牧龍師_html299.html
第300章 秩序者的龍,mulongshi-luan/牧龍師_html300.html
第301章 鬼魔,mulongshi-luan/牧龍師_html301.html
第302章 好好的人不當,mulongshi-luan/牧龍師_html302.html
第303章 賭命如何？,mulongshi-luan/牧龍師_html303.html
第304章 冤有頭債有主,mulongshi-luan/牧龍師_html304.html
第305章 收回靈脈,mulongshi-luan/牧龍師_html305.html
第306章 扣押！,mulongshi-luan/牧龍師_html306.html
第307章 燈籠毒暴,mulongshi-luan/牧龍師_html307.html
第308章 以多打少,mulongshi-luan/牧龍師_html308.html
第309章 冰霞,mulongshi-luan/牧龍師_html309.html
第310章 丟人現眼,mulongshi-luan/牧龍師_html310.html
第312章 什麼都不如,mulongshi-luan/牧龍師_html311.html
第313章 煞星龍,mulongshi-luan/牧龍師_html312.html
第314章 災患預兆,mulongshi-luan/牧龍師_html313.html
第315章 道德淪喪,mulongshi-luan/牧龍師_html314.html
第316章 孽獸,mulongshi-luan/牧龍師_html315.html
第317章 大兆獸,mulongshi-luan/牧龍師_html316.html
第318章 厭獸,mulongshi-luan/牧龍師_html317.html
第319章 最後一惡兆,mulongshi-luan/牧龍師_html318.html
第320章 石碑裂紋,mulongshi-luan/牧龍師_html319.html
第321章 神識尋覓,mulongshi-luan/牧龍師_html320.html
第322章 燈玉輝映,mulongshi-luan/牧龍師_html321.html
第323章 秩序者常鴻,mulongshi-luan/牧龍師_html322.html
第324章 城主玉印,mulongshi-luan/牧龍師_html323.html
第325章 捕龍,mulongshi-luan/牧龍師_html324.html
第326章 炮灰,mulongshi-luan/牧龍師_html325.html
第327章 叛變,mulongshi-luan/牧龍師_html326.html
第328章 渡龍劫,mulongshi-luan/牧龍師_html327.html
第329章 做螻蟻多可悲,mulongshi-luan/牧龍師_html328.html
第330章 火痕劍醒,mulongshi-luan/牧龍師_html329.html
第331章 烈空之戰,mulongshi-luan/牧龍師_html330.html
第332章 火空彼岸,mulongshi-luan/牧龍師_html331.html
第333章 馴服之術,mulongshi-luan/牧龍師_html332.html
第334章 天煞暗星龍,mulongshi-luan/牧龍師_html333.html
第335章 你馴服了它？,mulongshi-luan/牧龍師_html334.html
第336章 王級尊者,mulongshi-luan/牧龍師_html335.html
第337章 熟悉的一幕,mulongshi-luan/牧龍師_html336.html
第338章 輪迴蟄變,mulongshi-luan/牧龍師_html337.html
第339章 羣變,mulongshi-luan/牧龍師_html338.html
第340章 空手套白狼,mulongshi-luan/牧龍師_html339.html
第341章 仙鬼,mulongshi-luan/牧龍師_html340.html
第342章 河仙鬼,mulongshi-luan/牧龍師_html341.html
第343章 被滅宗？,mulongshi-luan/牧龍師_html342.html
第344章 皇都派遣者,mulongshi-luan/牧龍師_html343.html
第345章 同類人,mulongshi-luan/牧龍師_html344.html
第346章 商業互吹,mulongshi-luan/牧龍師_html345.html
第347章 石頭仙鬼,mulongshi-luan/牧龍師_html346.html
第348章 病態的迷戀,mulongshi-luan/牧龍師_html347.html
第349章 處理掉一個人,mulongshi-luan/牧龍師_html348.html
第350章 黑暗中的捕食者,mulongshi-luan/牧龍師_html349.html
第351章 我心胸也狹窄,mulongshi-luan/牧龍師_html350.html
第352章 天外之客,mulongshi-luan/牧龍師_html351.html
第353章 老仇家,mulongshi-luan/牧龍師_html352.html
第354章 殺人還要誅心,mulongshi-luan/牧龍師_html353.html
第355章 老祖母垂危,mulongshi-luan/牧龍師_html354.html
第356章 凰窩,mulongshi-luan/牧龍師_html355.html
第357章 萱草山堡,mulongshi-luan/牧龍師_html356.html
第358章 靈蟲蟄變,mulongshi-luan/牧龍師_html357.html
第359章 蒼鸞青龍,mulongshi-luan/牧龍師_html358.html
第360章 再遇段嵐,mulongshi-luan/牧龍師_html359.html
第361章 試練小青龍,mulongshi-luan/牧龍師_html360.html
第362章 足夠教育他了,mulongshi-luan/牧龍師_html361.html
第363章 喝海水,mulongshi-luan/牧龍師_html362.html
第364章 今非昔比,mulongshi-luan/牧龍師_html363.html
第365章 幼龍挑戰魔靈,mulongshi-luan/牧龍師_html364.html
第366章 擒獲,mulongshi-luan/牧龍師_html365.html
第367章 沒死過是嗎？,mulongshi-luan/牧龍師_html366.html
第368章 助人爲樂,mulongshi-luan/牧龍師_html367.html
第369章 隱居高人祝明朗,mulongshi-luan/牧龍師_html368.html
第370章 比鬥,mulongshi-luan/牧龍師_html369.html
第371章 高貴之處,mulongshi-luan/牧龍師_html370.html
第372章 猿古龍,mulongshi-luan/牧龍師_html371.html
第373章 能知進退,mulongshi-luan/牧龍師_html372.html
第374章 學員對抗,mulongshi-luan/牧龍師_html373.html
第375章 黃沙魔龍,mulongshi-luan/牧龍師_html374.html
第376章 繡花枕頭,mulongshi-luan/牧龍師_html375.html
第377章 靈約斷裂,mulongshi-luan/牧龍師_html376.html
第378章 賤得毫不做作,mulongshi-luan/牧龍師_html377.html
第379章 暴打高位龍,mulongshi-luan/牧龍師_html378.html
第380章 烈陽光羽,mulongshi-luan/牧龍師_html379.html
第381章 挑戰巔位！,mulongshi-luan/牧龍師_html380.html
第382章 雨雲龍,mulongshi-luan/牧龍師_html381.html
第383章 蒼鸞落日,mulongshi-luan/牧龍師_html382.html
第384章 高院敗給外院,mulongshi-luan/牧龍師_html383.html
第385章 自以爲一手遮天,mulongshi-luan/牧龍師_html384.html
第386章 蠻橫定親,mulongshi-luan/牧龍師_html385.html
第387章 大教諭的貴客,mulongshi-luan/牧龍師_html386.html
第388章 無可救藥,mulongshi-luan/牧龍師_html387.html
第389章 逆子,mulongshi-luan/牧龍師_html388.html
第390章 把高人留住,mulongshi-luan/牧龍師_html389.html
第391章 龍王活動筋骨,mulongshi-luan/牧龍師_html390.html
第392章 賭龍,mulongshi-luan/牧龍師_html391.html
第393章 識蛋術,mulongshi-luan/牧龍師_html392.html
第394章 玩大的,mulongshi-luan/牧龍師_html393.html
第395章 拿下靈蛋,mulongshi-luan/牧龍師_html394.html
第396章 蒼藍螢小精靈,mulongshi-luan/牧龍師_html395.html
第397章 靈井小精靈,mulongshi-luan/牧龍師_html396.html
第398章 躲過一劫,mulongshi-luan/牧龍師_html397.html
第399章 契合靈鏈,mulongshi-luan/牧龍師_html398.html
第400章 海上白巫蛾,mulongshi-luan/牧龍師_html399.html
第401章 賠不起還不跑？,mulongshi-luan/牧龍師_html400.html
第402章 白鳳凰,mulongshi-luan/牧龍師_html401.html
第403章 鎮海鈴,mulongshi-luan/牧龍師_html402.html
第404章 碧銅魔樹,mulongshi-luan/牧龍師_html403.html
第405章 鷹皇之怒,mulongshi-luan/牧龍師_html404.html
第406章 天煞鬥鷹皇,mulongshi-luan/牧龍師_html405.html
第407章 喋血羽鱗,mulongshi-luan/牧龍師_html406.html
第408章 殺人滅口,mulongshi-luan/牧龍師_html407.html
第409章 出賣者,mulongshi-luan/牧龍師_html408.html
第410章 巫毒潮汐,mulongshi-luan/牧龍師_html409.html
第411章 演技逼真,mulongshi-luan/牧龍師_html410.html
第412章 這叫智慧,mulongshi-luan/牧龍師_html411.html
第413章 海女妖龍,mulongshi-luan/牧龍師_html412.html
第414章 大黑繭,mulongshi-luan/牧龍師_html413.html
第415章 小黑龍,mulongshi-luan/牧龍師_html414.html
第416章 狩獵盛會,mulongshi-luan/牧龍師_html415.html
第417章 三天內到君級,mulongshi-luan/牧龍師_html416.html
第418章 虎入羊羣,mulongshi-luan/牧龍師_html417.html
第419章 小野蛟第一戰,mulongshi-luan/牧龍師_html418.html
第420章 言傳身教,mulongshi-luan/牧龍師_html419.html
第421章 蠻橫執法,mulongshi-luan/牧龍師_html420.html
第422章 無守空城,mulongshi-luan/牧龍師_html421.html
第423章 惡沼鬼,mulongshi-luan/牧龍師_html422.html
第424章 蜥妖入城,mulongshi-luan/牧龍師_html423.html
第425章 掠食狂息,mulongshi-luan/牧龍師_html424.html
第426章 黑龍進階,mulongshi-luan/牧龍師_html425.html
第427章 煉燼黑龍,mulongshi-luan/牧龍師_html426.html
第428章 白鳳凰尾蕊,mulongshi-luan/牧龍師_html427.html
第429章 成年期青龍,mulongshi-luan/牧龍師_html428.html
第430章 養龍，其樂無窮,mulongshi-luan/牧龍師_html429.html
第431章 就你叫嚴序？,mulongshi-luan/牧龍師_html430.html
第432章 希望你知道後果,mulongshi-luan/牧龍師_html431.html
第433章 拐帶小女王,mulongshi-luan/牧龍師_html432.html
第434章 追獵魔頭,mulongshi-luan/牧龍師_html433.html
第435章 魔人邢昆,mulongshi-luan/牧龍師_html434.html
第436章 像只弱雞,mulongshi-luan/牧龍師_html435.html
第437章 等候多時,mulongshi-luan/牧龍師_html436.html
第438章 完美的荒郊野嶺,mulongshi-luan/牧龍師_html437.html
第439章 比魔頭更可怕,mulongshi-luan/牧龍師_html438.html
第440章 作案嫺熟,mulongshi-luan/牧龍師_html439.html
第441章 極致羞辱,mulongshi-luan/牧龍師_html440.html
第442章 人已伏法,mulongshi-luan/牧龍師_html441.html
第443章 巫毒潮汐,mulongshi-luan/牧龍師_html442.html
第444章 小堂妹,mulongshi-luan/牧龍師_html443.html
第445章 極庭小皇子,mulongshi-luan/牧龍師_html444.html
第446章 事出反常必有妖,mulongshi-luan/牧龍師_html445.html
第447章 封王,mulongshi-luan/牧龍師_html446.html
第448章 龍王都拿不下,mulongshi-luan/牧龍師_html447.html
第449章 疾影無痕,mulongshi-luan/牧龍師_html448.html
第450章 琴城花魁,mulongshi-luan/牧龍師_html449.html
第451章 高級死侍,mulongshi-luan/牧龍師_html450.html
第452章 祝門秘境,mulongshi-luan/牧龍師_html451.html
第453章 海底地脈,mulongshi-luan/牧龍師_html452.html
第454章 寧靜火液,mulongshi-luan/牧龍師_html453.html
第455章 暗殺小世子,mulongshi-luan/牧龍師_html454.html
第456章 傀儡師,mulongshi-luan/牧龍師_html455.html
第457章 風晶混火液,mulongshi-luan/牧龍師_html456.html
第458章 活捉趙尹閣,mulongshi-luan/牧龍師_html457.html
第459章 喂鯊,mulongshi-luan/牧龍師_html458.html
第460章 偷自家的秘境,mulongshi-luan/牧龍師_html459.html
第461章 上了賊船,mulongshi-luan/牧龍師_html460.html
第462章 重奴傀儡,mulongshi-luan/牧龍師_html461.html
第463章 熾日光印,mulongshi-luan/牧龍師_html462.html
第464章 早點投胎去吧,mulongshi-luan/牧龍師_html463.html
第465章 不是一個層次的對手,mulongshi-luan/牧龍師_html464.html
第466章 一網打盡,mulongshi-luan/牧龍師_html465.html
第467章 潮涌風向氣壓,mulongshi-luan/牧龍師_html466.html
第468章 惡蛟,mulongshi-luan/牧龍師_html467.html
第469章 黑暗視野,mulongshi-luan/牧龍師_html468.html
第470章 顫動的金屬劍苞,mulongshi-luan/牧龍師_html469.html
第471章 仙靈之劍,mulongshi-luan/牧龍師_html470.html
第472章 神仙打架,mulongshi-luan/牧龍師_html471.html
第473章 女媧龍,mulongshi-luan/牧龍師_html472.html
第474章 誘龍之術,mulongshi-luan/牧龍師_html473.html
第475章 命格與地脊共生,mulongshi-luan/牧龍師_html474.html
第476章 命魂火蕊,mulongshi-luan/牧龍師_html475.html
第477章 皇子真實目的,mulongshi-luan/牧龍師_html476.html
第478章 怎麼是把劍？,mulongshi-luan/牧龍師_html477.html
第479章 那你的龍呢？,mulongshi-luan/牧龍師_html478.html
第480章 牧龍與神凡,mulongshi-luan/牧龍師_html479.html
第481章 剃鱗,mulongshi-luan/牧龍師_html480.html
第482章 斬燭龍,mulongshi-luan/牧龍師_html481.html
第483章 冥燈之尾,mulongshi-luan/牧龍師_html482.html
第484章 這位劍尊,mulongshi-luan/牧龍師_html483.html
第485章 欲擒故縱,mulongshi-luan/牧龍師_html484.html
第486章 還會說話！,mulongshi-luan/牧龍師_html485.html
第487章 我要打十個,mulongshi-luan/牧龍師_html486.html
第488章 排名第一,mulongshi-luan/牧龍師_html487.html
第489章 上位的碾壓,mulongshi-luan/牧龍師_html488.html
第490章 改規矩,mulongshi-luan/牧龍師_html489.html
第491章 撓癢嗎？,mulongshi-luan/牧龍師_html490.html
第492章 懷疑人生了,mulongshi-luan/牧龍師_html491.html
第493章 主級博弈,mulongshi-luan/牧龍師_html492.html
第494章 絕望之鎧,mulongshi-luan/牧龍師_html493.html
第495章 地空蕩，魔在人,mulongshi-luan/牧龍師_html494.html
第496章 敬畏之心,mulongshi-luan/牧龍師_html495.html
第497章 靈域造物,mulongshi-luan/牧龍師_html496.html
第498章 靈匙牧術,mulongshi-luan/牧龍師_html497.html
第499章 魔教之女,mulongshi-luan/牧龍師_html498.html
第500章 白裳劍宗,mulongshi-luan/牧龍師_html499.html
第501章 喚魔教,mulongshi-luan/牧龍師_html500.html
第502章 長谷山湖飛劍,mulongshi-luan/牧龍師_html501.html
第503章 強了一點點？,mulongshi-luan/牧龍師_html502.html
第504章 斬魔除邪,mulongshi-luan/牧龍師_html503.html
第505章 喚魔教,mulongshi-luan/牧龍師_html504.html
第506章 請仙鬼,mulongshi-luan/牧龍師_html505.html
第507章 黑月童子,mulongshi-luan/牧龍師_html506.html
第508章 魔尊廬江,mulongshi-luan/牧龍師_html507.html
第509章 安心修煉,mulongshi-luan/牧龍師_html508.html
第510章 攻山,mulongshi-luan/牧龍師_html509.html
第511章 守山,mulongshi-luan/牧龍師_html510.html
第512章 野蠻魔尊,mulongshi-luan/牧龍師_html511.html
第513章 劍神熱手,mulongshi-luan/牧龍師_html512.html
第514章 現學劍法,mulongshi-luan/牧龍師_html513.html
第515章 墓沉劍，天冢,mulongshi-luan/牧龍師_html514.html
第516章 地仙鬼,mulongshi-luan/牧龍師_html515.html
第517章 北斗劍,mulongshi-luan/牧龍師_html516.html
第518章 碾爲泥,mulongshi-luan/牧龍師_html517.html
第519章 滅仙鬼,mulongshi-luan/牧龍師_html518.html
第520章 一座門,mulongshi-luan/牧龍師_html519.html
第521章 離川異變,mulongshi-luan/牧龍師_html520.html
第522章 下戰書,mulongshi-luan/牧龍師_html521.html
第523章 界龍門,mulongshi-luan/牧龍師_html522.html
第524章 異軍突起,mulongshi-luan/牧龍師_html523.html
第525章 好想做個禽獸,mulongshi-luan/牧龍師_html524.html
第526章 竈龍,mulongshi-luan/牧龍師_html525.html
第527章 畫中林,mulongshi-luan/牧龍師_html526.html
第528章 失敗的後果,mulongshi-luan/牧龍師_html527.html
第529章 歲月波,mulongshi-luan/牧龍師_html528.html
第530章 奪靈,mulongshi-luan/牧龍師_html529.html
第531章 絕嶺修爲果樹,mulongshi-luan/牧龍師_html530.html
第532章 上蒼之人,mulongshi-luan/牧龍師_html531.html
第533章 下界土狗,mulongshi-luan/牧龍師_html532.html
第534章 分劍訣,mulongshi-luan/牧龍師_html533.html
第535章 冤家路窄,mulongshi-luan/牧龍師_html534.html
第536章 墨筆飛魂,mulongshi-luan/牧龍師_html535.html
第537章 掛屍認領,mulongshi-luan/牧龍師_html536.html
第538章 明神族叛裔,mulongshi-luan/牧龍師_html537.html
第539章 虛無晶,mulongshi-luan/牧龍師_html538.html
第540章 得來全不費工夫,mulongshi-luan/牧龍師_html539.html
第541章 不識好歹,mulongshi-luan/牧龍師_html540.html
第542章 護妻狂魔,mulongshi-luan/牧龍師_html541.html
第543章 巖藏師，山王龍,mulongshi-luan/牧龍師_html542.html
第544章 棋法後翼之衛,mulongshi-luan/牧龍師_html543.html
第545章 你可有意見？,mulongshi-luan/牧龍師_html544.html
第546章 人美心善好欺騙,mulongshi-luan/牧龍師_html545.html
第547章 牧龍師還要組隊？,mulongshi-luan/牧龍師_html546.html
第548章 吃糖葫蘆嗎？,mulongshi-luan/牧龍師_html547.html
第549章 出征,mulongshi-luan/牧龍師_html548.html
第550章 自宮的劍首,mulongshi-luan/牧龍師_html549.html
第551章 悄無聲息的死亡,mulongshi-luan/牧龍師_html550.html
第552章 虻龍,mulongshi-luan/牧龍師_html551.html
第553章 不能脫離大軍,mulongshi-luan/牧龍師_html552.html
第554章 銀嶺上的雲牆,mulongshi-luan/牧龍師_html553.html
第555章 私奔？,mulongshi-luan/牧龍師_html554.html
第556章 狹路相逢,mulongshi-luan/牧龍師_html555.html
第557章 金巨嶺將,mulongshi-luan/牧龍師_html556.html
第558章 到我身後去,mulongshi-luan/牧龍師_html557.html
第559章 詭殺,mulongshi-luan/牧龍師_html558.html
第560章 石俑,mulongshi-luan/牧龍師_html559.html
第561章 驚魂虻龍,mulongshi-luan/牧龍師_html560.html
第562章 領空雷障,mulongshi-luan/牧龍師_html561.html
第563章 神鳥之民,mulongshi-luan/牧龍師_html562.html
第564章 放手一搏,mulongshi-luan/牧龍師_html563.html
第565章 鐵陵墓,mulongshi-luan/牧龍師_html564.html
第566章 逆雷飛昇,mulongshi-luan/牧龍師_html565.html
第567章 命種青雷,mulongshi-luan/牧龍師_html566.html
第568章 族門之首的實力,mulongshi-luan/牧龍師_html567.html
第569章 恩典,mulongshi-luan/牧龍師_html568.html
第570章 命歸我,mulongshi-luan/牧龍師_html569.html
第571章 惡龍邪人,mulongshi-luan/牧龍師_html570.html
第572章 劍柵,mulongshi-luan/牧龍師_html571.html
第573章 你適合當畜生,mulongshi-luan/牧龍師_html572.html
第574章 強者爲尊,mulongshi-luan/牧龍師_html573.html
第575章 古遺琴殿,mulongshi-luan/牧龍師_html574.html
第576章 復仇戰役,mulongshi-luan/牧龍師_html575.html
第577章 誰纔是爹,mulongshi-luan/牧龍師_html576.html
第578章 陰靈師老奴,mulongshi-luan/牧龍師_html577.html
第579章 地魔蚯,mulongshi-luan/牧龍師_html578.html
第580章 血涌大地,mulongshi-luan/牧龍師_html579.html
第581章 天煞吐息,mulongshi-luan/牧龍師_html580.html
第582章 小白豈的甦醒,mulongshi-luan/牧龍師_html581.html
第583章 恩典龍蛋,mulongshi-luan/牧龍師_html582.html
第584章 青雷盡滅,mulongshi-luan/牧龍師_html583.html
第585章 一念萬滅,mulongshi-luan/牧龍師_html584.html
第586章 地魔之皇,mulongshi-luan/牧龍師_html585.html
第587章 血洗城邦,mulongshi-luan/牧龍師_html586.html
第588章 其他的都交給我,mulongshi-luan/牧龍師_html587.html
第589章 煌黑武鬥者,mulongshi-luan/牧龍師_html588.html
第590章 黑剎伍欒,mulongshi-luan/牧龍師_html589.html
第591章 拔劍誅坤,mulongshi-luan/牧龍師_html590.html
第592章 冥剎邪尊,mulongshi-luan/牧龍師_html591.html
第593章 死氣邪影,mulongshi-luan/牧龍師_html592.html
第594章 星宿劍織,mulongshi-luan/牧龍師_html593.html
第595章 更高劍境,mulongshi-luan/牧龍師_html594.html
第596章 流浪的神仙,mulongshi-luan/牧龍師_html595.html
第597章 琴絃劍絲,mulongshi-luan/牧龍師_html596.html
第598章 神明與天辰,mulongshi-luan/牧龍師_html597.html
第599章 誰在主宰,mulongshi-luan/牧龍師_html598.html
第600章 神明候選,mulongshi-luan/牧龍師_html599.html
第601章 祝豪門,mulongshi-luan/牧龍師_html600.html
第602章 神秘疆域,mulongshi-luan/牧龍師_html601.html
第603章 七星神華仇,mulongshi-luan/牧龍師_html602.html
第604章 這靈氣，真香,mulongshi-luan/牧龍師_html603.html
第605章 七星神,mulongshi-luan/牧龍師_html604.html
第606章 神疆,mulongshi-luan/牧龍師_html605.html
第607章 黑天峰,mulongshi-luan/牧龍師_html606.html
第608章 屠宰者,mulongshi-luan/牧龍師_html607.html
第609章 戲殺,mulongshi-luan/牧龍師_html608.html
第610章 小龍龍宗師,mulongshi-luan/牧龍師_html609.html
第611章 腹黑啊，小姨子,mulongshi-luan/牧龍師_html610.html
第612章 成神之日,mulongshi-luan/牧龍師_html611.html
第613章 天樞神疆,mulongshi-luan/牧龍師_html612.html
第614章 夜恫女,mulongshi-luan/牧龍師_html613.html
第615章 神選之人,mulongshi-luan/牧龍師_html614.html
第616章 晝夜分明,mulongshi-luan/牧龍師_html615.html
第617章 暖心早餐,mulongshi-luan/牧龍師_html616.html
第618章 小天子,mulongshi-luan/牧龍師_html617.html
第619章 殘骸大陸,mulongshi-luan/牧龍師_html618.html
第620章 聖闕災民,mulongshi-luan/牧龍師_html619.html
第621章 閻王龍,mulongshi-luan/牧龍師_html620.html
第621章 夜魘,mulongshi-luan/牧龍師_html621.html
第623章 安頓,mulongshi-luan/牧龍師_html622.html
第624章 聖闕領袖,mulongshi-luan/牧龍師_html623.html
第625章 得兩女得天下,mulongshi-luan/牧龍師_html624.html
第626章 龍口奪玉,mulongshi-luan/牧龍師_html625.html
第627章 病入膏肓,mulongshi-luan/牧龍師_html626.html
第628章 閻王龍怒,mulongshi-luan/牧龍師_html627.html
第629章 小神龍,mulongshi-luan/牧龍師_html628.html
第630章 雀狼神城,mulongshi-luan/牧龍師_html629.html
第631章 噩夢纏身,mulongshi-luan/牧龍師_html630.html
第632章 女夢師,mulongshi-luan/牧龍師_html631.html
第633章 有那麼一點點心動,mulongshi-luan/牧龍師_html632.html
第634章 午夜夢妖,mulongshi-luan/牧龍師_html633.html
第635章 不可戰勝？,mulongshi-luan/牧龍師_html634.html
第636章 砍了雀狼神,mulongshi-luan/牧龍師_html635.html
第637章 神諭旗,mulongshi-luan/牧龍師_html636.html
第638章 植入勢力,mulongshi-luan/牧龍師_html637.html
第639章 牧龍師得削,mulongshi-luan/牧龍師_html638.html
第640章 一併奉還！,mulongshi-luan/牧龍師_html639.html
第641章 招攬高手,mulongshi-luan/牧龍師_html640.html
第642章 明神族的挑戰,mulongshi-luan/牧龍師_html641.html
第643章 魔武雙修龍,mulongshi-luan/牧龍師_html642.html
第643章 伏擊,mulongshi-luan/牧龍師_html643.html
第645章 不容侵犯,mulongshi-luan/牧龍師_html644.html
第646章 不懼黑暗之城,mulongshi-luan/牧龍師_html645.html
第647章 羣英薈萃,mulongshi-luan/牧龍師_html646.html
第648章 主持大局,mulongshi-luan/牧龍師_html647.html
第649章 逼宮？,mulongshi-luan/牧龍師_html648.html
第650章 清除內應,mulongshi-luan/牧龍師_html649.html
第651章 江湖險惡,mulongshi-luan/牧龍師_html650.html
第652章 命理線索,mulongshi-luan/牧龍師_html651.html
第653章 弒神計劃,mulongshi-luan/牧龍師_html652.html
第654章 天棋神盤,mulongshi-luan/牧龍師_html653.html
第655章 竟在身後,mulongshi-luan/牧龍師_html654.html
第656章 幻龍師,mulongshi-luan/牧龍師_html655.html
弟657章 臥龍鳳雛,mulongshi-luan/牧龍師_html656.html
第658章 壓制了修爲,mulongshi-luan/牧龍師_html657.html
第660章 天上摩擦,mulongshi-luan/牧龍師_html658.html
第660章 新獄友,mulongshi-luan/牧龍師_html659.html
第661章 界門下的屍體,mulongshi-luan/牧龍師_html660.html
第662章 神心歲月波,mulongshi-luan/牧龍師_html661.html
第663章 陰間路口,mulongshi-luan/牧龍師_html662.html
第664章 九萬年惡龍,mulongshi-luan/牧龍師_html663.html
第665章 奉月，應辰,mulongshi-luan/牧龍師_html664.html
第666章 鬥惡龍,mulongshi-luan/牧龍師_html665.html
第667章 毒雨林,mulongshi-luan/牧龍師_html666.html
第668章 高明的演技,mulongshi-luan/牧龍師_html667.html
第669章 冥燈陰月,mulongshi-luan/牧龍師_html668.html
第670章 龍神之心,mulongshi-luan/牧龍師_html669.html
第671章 閒散勢力圍城,mulongshi-luan/牧龍師_html670.html
第672章 風災繪卷,mulongshi-luan/牧龍師_html671.html
第673章 流沙吞城,mulongshi-luan/牧龍師_html672.html
第674章 圍城處決,mulongshi-luan/牧龍師_html673.html
第675章 擒賊先擒王,mulongshi-luan/牧龍師_html674.html
第676章 依然暴打,mulongshi-luan/牧龍師_html675.html
第677章 風伯龍,mulongshi-luan/牧龍師_html676.html
第678章 劍姑相助,mulongshi-luan/牧龍師_html677.html
第679章 致命獠牙,mulongshi-luan/牧龍師_html678.html
第680章 虛暗拷問,mulongshi-luan/牧龍師_html679.html
第681章 侍神詛咒,mulongshi-luan/牧龍師_html680.html
第682章 庇佑缺口,mulongshi-luan/牧龍師_html681.html
第683章 夜娘娘,mulongshi-luan/牧龍師_html682.html
第684章 騙鬼,mulongshi-luan/牧龍師_html683.html
第685章 人家是小,mulongshi-luan/牧龍師_html684.html
第686章 尋找命理,mulongshi-luan/牧龍師_html685.html
第687章 上一代雀狼神,mulongshi-luan/牧龍師_html686.html
第688章 輝煌級流星,mulongshi-luan/牧龍師_html687.html
第689章 玉血劍,mulongshi-luan/牧龍師_html688.html
第690章 血夜幽蘭,mulongshi-luan/牧龍師_html689.html
第691章 等待天明,mulongshi-luan/牧龍師_html690.html
第692章 我全都要,mulongshi-luan/牧龍師_html691.html
第693章 玉血劍靈,mulongshi-luan/牧龍師_html692.html
第694章 祝門的實力,mulongshi-luan/牧龍師_html693.html
第695章 神兵天降旗,mulongshi-luan/牧龍師_html694.html
第696章 全城守備,mulongshi-luan/牧龍師_html695.html
第697章 雲國壓進,mulongshi-luan/牧龍師_html696.html
第698章 鋼鑄龍軍,mulongshi-luan/牧龍師_html697.html
第699章 皇王之戰,mulongshi-luan/牧龍師_html698.html
第700章 雲天塌落,mulongshi-luan/牧龍師_html699.html
第701章 噬城,mulongshi-luan/牧龍師_html700.html
第702章 這個神，我來弒,mulongshi-luan/牧龍師_html701.html
第703章 天埃之龍,mulongshi-luan/牧龍師_html702.html
第704章 吞天之口,mulongshi-luan/牧龍師_html703.html
第705章 預言師,mulongshi-luan/牧龍師_html704.html
第706章 重生之我祝明朗要你雀狼神死無葬身之地,mulongshi-luan/牧龍師_html705.html
第707章 把人聊崩潰,mulongshi-luan/牧龍師_html706.html
第708章 懷疑人生,mulongshi-luan/牧龍師_html707.html
第709章 無法癒合的傷口,mulongshi-luan/牧龍師_html708.html
第710章 龍園園長,mulongshi-luan/牧龍師_html709.html
第711章 祥瑞龍,mulongshi-luan/牧龍師_html710.html
第712章 策反,mulongshi-luan/牧龍師_html711.html
第713章 安王府,mulongshi-luan/牧龍師_html712.html
第714章 只要膽子大,mulongshi-luan/牧龍師_html713.html
第715章 老工具人,mulongshi-luan/牧龍師_html714.html
第716章 劍靈龍來歷,mulongshi-luan/牧龍師_html715.html
第717章 謠言害人,mulongshi-luan/牧龍師_html716.html
第718章 撒謊得理直氣壯,mulongshi-luan/牧龍師_html717.html
第719章 神血劍醒,mulongshi-luan/牧龍師_html718.html
第720章 雀狼星之力,mulongshi-luan/牧龍師_html719.html
第721章 天崩劍,mulongshi-luan/牧龍師_html720.html
第722章 狂神殉葬,mulongshi-luan/牧龍師_html721.html
第723章 天痕劍,mulongshi-luan/牧龍師_html722.html
第724章 完美弒神,mulongshi-luan/牧龍師_html723.html
第725章 侍奉哪位神明？,mulongshi-luan/牧龍師_html724.html
第726章 說服！,mulongshi-luan/牧龍師_html725.html
第727章 屠神,mulongshi-luan/牧龍師_html726.html
第728章 上蒼的准許,mulongshi-luan/牧龍師_html727.html
第729章 成神，當務之急,mulongshi-luan/牧龍師_html728.html
第730章 龍門開啓,mulongshi-luan/牧龍師_html729.html
第732章 山後有妖神,mulongshi-luan/牧龍師_html730.html
第733章 龍門迷失者,mulongshi-luan/牧龍師_html731.html
第735章 所向無前,mulongshi-luan/牧龍師_html732.html
第736章 你不是劍修？,mulongshi-luan/牧龍師_html733.html
第737章 劍修天女,mulongshi-luan/牧龍師_html734.html
第738章 大地靈珠,mulongshi-luan/牧龍師_html735.html
第739章 玉衡星宮,mulongshi-luan/牧龍師_html736.html
第740章 麒妖皇,mulongshi-luan/牧龍師_html737.html
第741章 漲劍修,mulongshi-luan/牧龍師_html738.html
第742章 離水,mulongshi-luan/牧龍師_html739.html
第743章 鬥獸神,mulongshi-luan/牧龍師_html740.html
第744章 靈本青果,mulongshi-luan/牧龍師_html741.html
第745章 釣魚執法,mulongshi-luan/牧龍師_html742.html
第746章 華仇上神,mulongshi-luan/牧龍師_html743.html
第747章 神懼,mulongshi-luan/牧龍師_html744.html
第748章 神的遊戲,mulongshi-luan/牧龍師_html745.html
第749章 天地靠攏,mulongshi-luan/牧龍師_html746.html
第750章 神臂蠻神,mulongshi-luan/牧龍師_html747.html
第751章 圍毆蠻神,mulongshi-luan/牧龍師_html748.html
第752章 天地黏合,mulongshi-luan/牧龍師_html749.html
第753章 後世盤古,mulongshi-luan/牧龍師_html750.html
第754章 仙子救命啊,mulongshi-luan/牧龍師_html751.html
第755章 大樹底下好乘涼,mulongshi-luan/牧龍師_html752.html
第756章 天階劍法,mulongshi-luan/牧龍師_html753.html
第757章 紅天獸,mulongshi-luan/牧龍師_html754.html
第758章 熬死它！,mulongshi-luan/牧龍師_html755.html
第759章 雷公龍,mulongshi-luan/牧龍師_html756.html
第760章 卑鄙的人類,mulongshi-luan/牧龍師_html757.html
第761章 斬雷公,mulongshi-luan/牧龍師_html758.html
第762章 湮滅月瞳,mulongshi-luan/牧龍師_html759.html
第763章 混沌氣螺,mulongshi-luan/牧龍師_html760.html
第764章 羽仙,mulongshi-luan/牧龍師_html761.html
第765章 飛顱,mulongshi-luan/牧龍師_html762.html
第766章 天巔,mulongshi-luan/牧龍師_html763.html
第767章 鬥華仇,mulongshi-luan/牧龍師_html764.html
第768章 龍門我無敵！,mulongshi-luan/牧龍師_html765.html
第769章 神通天踏,mulongshi-luan/牧龍師_html766.html
第770章 天地閉合,mulongshi-luan/牧龍師_html767.html
第771章 僞上蒼（上）,mulongshi-luan/牧龍師_html768.html
第772章 祝明朗歲月波,mulongshi-luan/牧龍師_html769.html
第773章 伏辰,mulongshi-luan/牧龍師_html770.html
第774章 再遇夜娘娘,mulongshi-luan/牧龍師_html771.html
第775章 這就三年過去了？,mulongshi-luan/牧龍師_html772.html
第776章 神明天職,mulongshi-luan/牧龍師_html773.html
第777章 修剪大陸,mulongshi-luan/牧龍師_html774.html
第778章 閻王龍夜襲,mulongshi-luan/牧龍師_html775.html
第779章 兇猛點好,mulongshi-luan/牧龍師_html776.html
第780章 難分勝負,mulongshi-luan/牧龍師_html777.html
第781章 計劃捕龍,mulongshi-luan/牧龍師_html778.html
第782章 瘋魔,mulongshi-luan/牧龍師_html779.html
第783章 勸自己善良,mulongshi-luan/牧龍師_html780.html
第784章 馴服開始！,mulongshi-luan/牧龍師_html781.html
第785章 熬龍（上）,mulongshi-luan/牧龍師_html782.html
第786章 熬龍（下）,mulongshi-luan/牧龍師_html783.html
第787章 成了一半！,mulongshi-luan/牧龍師_html784.html
第788章 擊敗,mulongshi-luan/牧龍師_html785.html
第789章 敗了，就得死,mulongshi-luan/牧龍師_html786.html
第790章 閻王龍，拿下！,mulongshi-luan/牧龍師_html787.html
第791章 神染親和,mulongshi-luan/牧龍師_html788.html
第792章 震退天雷,mulongshi-luan/牧龍師_html789.html
第793章 無法無天,mulongshi-luan/牧龍師_html790.html
第794章 神名不可寫,mulongshi-luan/牧龍師_html791.html
第795章 我覺得，我認爲,mulongshi-luan/牧龍師_html792.html
第796章 掌戒神常歷,mulongshi-luan/牧龍師_html793.html
第797章 死神斬,mulongshi-luan/牧龍師_html794.html
第798章 神明功績,mulongshi-luan/牧龍師_html795.html
第799章 小金龍,mulongshi-luan/牧龍師_html796.html
第800章 自由捕食,mulongshi-luan/牧龍師_html797.html
第801章 新身份，祝宗主,mulongshi-luan/牧龍師_html798.html
第802章 老天爺的安排,mulongshi-luan/牧龍師_html799.html
第803章 女神八卦,mulongshi-luan/牧龍師_html800.html
第804章 龍門老相識,mulongshi-luan/牧龍師_html801.html
第805章 神識預警,mulongshi-luan/牧龍師_html802.html
第806章 埋了他,mulongshi-luan/牧龍師_html803.html
第807章 教訓逆徒子,mulongshi-luan/牧龍師_html804.html
第808章 兇手在我們當中,mulongshi-luan/牧龍師_html805.html
第809章 大機緣,mulongshi-luan/牧龍師_html806.html
第810章 白臉和紅臉,mulongshi-luan/牧龍師_html807.html
第811章 窺夢,mulongshi-luan/牧龍師_html808.html
第812章 栽贓,mulongshi-luan/牧龍師_html809.html
第813章 潑髒水,mulongshi-luan/牧龍師_html810.html
第814章 兇手是誰不重要,mulongshi-luan/牧龍師_html811.html
第815章 閻王輪迴,mulongshi-luan/牧龍師_html812.html
第816章 天機不可窺,mulongshi-luan/牧龍師_html813.html
第817章白豈神龍將,mulongshi-luan/牧龍師_html814.html
第818章聖首華崇,mulongshi-luan/牧龍師_html815.html
第819章上了賊船,mulongshi-luan/牧龍師_html816.html
第820章閹神,mulongshi-luan/牧龍師_html817.html
第821章香神,mulongshi-luan/牧龍師_html818.html
第822章貼身保護知聖尊,mulongshi-luan/牧龍師_html819.html
第823章 毒紋龍,mulongshi-luan/牧龍師_html820.html
第824章 苦行僧,mulongshi-luan/牧龍師_html821.html
第825章 人途很旺,mulongshi-luan/牧龍師_html822.html
第826章 毒紋花龍神,mulongshi-luan/牧龍師_html823.html
第827章 身臨其境,mulongshi-luan/牧龍師_html824.html
第828章 畫中畫,mulongshi-luan/牧龍師_html825.html
第829章 死了嗎？恩，死了。,mulongshi-luan/牧龍師_html826.html
第830章 瘋狂試探,mulongshi-luan/牧龍師_html827.html
第831章 屠尊,mulongshi-luan/牧龍師_html828.html
第382章 血修羅,mulongshi-luan/牧龍師_html829.html
第833章 雷公紫龍,mulongshi-luan/牧龍師_html830.html
第834章 武聖尊,mulongshi-luan/牧龍師_html831.html
第835章 娘子威武,mulongshi-luan/牧龍師_html832.html
第836章 熟悉的謠言,mulongshi-luan/牧龍師_html833.html
第837章 神州的正神？,mulongshi-luan/牧龍師_html834.html
第838章 異大陸,mulongshi-luan/牧龍師_html835.html
第839章 天樞神使節,mulongshi-luan/牧龍師_html836.html
第840章 談判鬼才,mulongshi-luan/牧龍師_html837.html
第841章 閻王神龍將,mulongshi-luan/牧龍師_html838.html
第842章 雌龍,mulongshi-luan/牧龍師_html839.html
第843章 大黑牙的羣嘲,mulongshi-luan/牧龍師_html840.html
第844章 四仙鬼！,mulongshi-luan/牧龍師_html841.html
第845章 參妖神,mulongshi-luan/牧龍師_html842.html
第846章 鬥法,mulongshi-luan/牧龍師_html843.html
第847章 聽我解釋！,mulongshi-luan/牧龍師_html844.html
第848章 挑戰人慾,mulongshi-luan/牧龍師_html845.html
第849章 過火,mulongshi-luan/牧龍師_html846.html
第850章 是敵是友,mulongshi-luan/牧龍師_html847.html
第851章 第九星神,mulongshi-luan/牧龍師_html848.html
第852章 正人君子,mulongshi-luan/牧龍師_html849.html
第853章 招搖問罪,mulongshi-luan/牧龍師_html850.html
第854章 苦信徒,mulongshi-luan/牧龍師_html851.html
第855章 可怕的天機師,mulongshi-luan/牧龍師_html852.html
第856章 算計,mulongshi-luan/牧龍師_html853.html
第857章 狂神明孟,mulongshi-luan/牧龍師_html854.html
第858章 往破裂上談,mulongshi-luan/牧龍師_html855.html
第859章 復仇的旨意,mulongshi-luan/牧龍師_html856.html
第860章 刀有自己的想法,mulongshi-luan/牧龍師_html857.html
第861章 玉衡來客,mulongshi-luan/牧龍師_html858.html
第862章 人美自立不粘人,mulongshi-luan/牧龍師_html859.html
第863章 麻煩大了,mulongshi-luan/牧龍師_html860.html
第864章 仙子，救命,mulongshi-luan/牧龍師_html861.html
第865章 再次敗露,mulongshi-luan/牧龍師_html862.html
第866章 玄古兵器,mulongshi-luan/牧龍師_html863.html
第867章 比劍,mulongshi-luan/牧龍師_html864.html
第868章 替身驅劍,mulongshi-luan/牧龍師_html865.html
第869章 奪劍,mulongshi-luan/牧龍師_html866.html
第870章 大可不必,mulongshi-luan/牧龍師_html867.html
第871章 偷神兵,mulongshi-luan/牧龍師_html868.html
第872章 桃運過盛,mulongshi-luan/牧龍師_html869.html
第873章 險象環生,mulongshi-luan/牧龍師_html870.html
第874章 情緣線,mulongshi-luan/牧龍師_html871.html
第875章 永夜,mulongshi-luan/牧龍師_html872.html
第876章 敲打明孟,mulongshi-luan/牧龍師_html873.html
第877章 生擒明孟,mulongshi-luan/牧龍師_html874.html
第878章 種子法器,mulongshi-luan/牧龍師_html875.html
第879章 攻城,mulongshi-luan/牧龍師_html876.html
第880章 蠻角仙,mulongshi-luan/牧龍師_html877.html
第881章 鎖魂斬,mulongshi-luan/牧龍師_html878.html
第882章 犯上伏辰,mulongshi-luan/牧龍師_html879.html
第883章 修羅、閻王,mulongshi-luan/牧龍師_html880.html
第884章 軍民一家親,mulongshi-luan/牧龍師_html881.html
第885章 太上天機,mulongshi-luan/牧龍師_html882.html
第886章 託夢,mulongshi-luan/牧龍師_html883.html
第887章 白澤烏鴉,mulongshi-luan/牧龍師_html884.html
第888章 鬥智鬥勇,mulongshi-luan/牧龍師_html885.html
第889章 鴉仙的智慧,mulongshi-luan/牧龍師_html886.html
第890章 有子無後,mulongshi-luan/牧龍師_html887.html
第891章 青銅鑰匙,mulongshi-luan/牧龍師_html888.html
第892章 七仙蛟,mulongshi-luan/牧龍師_html889.html
第893章 污鴉,mulongshi-luan/牧龍師_html890.html
第894章 倒黴蛋招搖,mulongshi-luan/牧龍師_html891.html
第895章 竊賊,mulongshi-luan/牧龍師_html892.html
第896章 祖傳的,mulongshi-luan/牧龍師_html893.html
第897章 養龍無底洞,mulongshi-luan/牧龍師_html894.html
第898章 遲早要還的,mulongshi-luan/牧龍師_html895.html
第899章 以假換真,mulongshi-luan/牧龍師_html896.html
第900章 夢斬,mulongshi-luan/牧龍師_html897.html
第901章 巡天處決,mulongshi-luan/牧龍師_html898.html
第902章 當街盤問,mulongshi-luan/牧龍師_html899.html
第903章 暖一暖牢房,mulongshi-luan/牧龍師_html900.html
第904章 志不在此,mulongshi-luan/牧龍師_html901.html
第905章 適合祭天,mulongshi-luan/牧龍師_html902.html
第906章 畜神,mulongshi-luan/牧龍師_html903.html
第907章 管教正神,mulongshi-luan/牧龍師_html904.html
第908章 青雨劫,mulongshi-luan/牧龍師_html905.html
第909章 來活了！,mulongshi-luan/牧龍師_html906.html
第910章 田野捉妖,mulongshi-luan/牧龍師_html907.html
第911章 愚弄人心,mulongshi-luan/牧龍師_html908.html
第912章 閂神陣,mulongshi-luan/牧龍師_html909.html
第913章 狸妖仙,mulongshi-luan/牧龍師_html910.html
第914章 妖困城,mulongshi-luan/牧龍師_html911.html
第915章 大海撈針,mulongshi-luan/牧龍師_html912.html
第916章 暴力賣藥,mulongshi-luan/牧龍師_html913.html
第917章 渣仙,mulongshi-luan/牧龍師_html914.html
第918章 陰靈青狒,mulongshi-luan/牧龍師_html915.html
第919章 暗石門,mulongshi-luan/牧龍師_html916.html
第920章 仙統邪猙,mulongshi-luan/牧龍師_html917.html
第921章 劍幕誅魂,mulongshi-luan/牧龍師_html918.html
第922章 放開它，讓我來,mulongshi-luan/牧龍師_html919.html
第923章 石廟躲雨,mulongshi-luan/牧龍師_html920.html
第924章 半漠慘劇,mulongshi-luan/牧龍師_html921.html
第925章 審天魂,mulongshi-luan/牧龍師_html922.html
第926章 斷仙途,mulongshi-luan/牧龍師_html923.html
第927章 神主機緣,mulongshi-luan/牧龍師_html924.html
第928章 女羅漢,mulongshi-luan/牧龍師_html925.html
第929章 銀曦之碎,mulongshi-luan/牧龍師_html926.html
第930章 上上籤,mulongshi-luan/牧龍師_html927.html
第931章 保駕護航,mulongshi-luan/牧龍師_html928.html
第932章 邪劍派,mulongshi-luan/牧龍師_html929.html
第933章 四位名捕,mulongshi-luan/牧龍師_html930.html
第934章 第一邪劍,mulongshi-luan/牧龍師_html931.html
第935章 一人橫掃,mulongshi-luan/牧龍師_html932.html
第936章 炎楓神龍主,mulongshi-luan/牧龍師_html933.html
第937章 夜染劍,mulongshi-luan/牧龍師_html934.html
第938章 拔劍,mulongshi-luan/牧龍師_html935.html
第939章 邪劍仙祝明朗,mulongshi-luan/牧龍師_html936.html
第940章 以邪制邪,mulongshi-luan/牧龍師_html937.html
第941章 天罡羅漢,mulongshi-luan/牧龍師_html938.html
第942章 只拿一點點,mulongshi-luan/牧龍師_html939.html
第943章 鑄劍靈,mulongshi-luan/牧龍師_html940.html
第944章 大地之棺,mulongshi-luan/牧龍師_html941.html
第945章 夾擊,mulongshi-luan/牧龍師_html942.html
第946章 若有來世，一定……,mulongshi-luan/牧龍師_html943.html
第947章 斷翼,mulongshi-luan/牧龍師_html944.html
第948章 最引以爲傲的,mulongshi-luan/牧龍師_html945.html
第949章 斬殺邪劍師,mulongshi-luan/牧龍師_html946.html
第950章 你不如我,mulongshi-luan/牧龍師_html947.html
第951章 你自宮吧,mulongshi-luan/牧龍師_html948.html
第952章 神君仙師,mulongshi-luan/牧龍師_html949.html
第851章 前往虛空,mulongshi-luan/牧龍師_html950.html
第954章 山蒙,mulongshi-luan/牧龍師_html951.html
第955章 邪蒼，太會做人了,mulongshi-luan/牧龍師_html952.html
第956章 龍尾山,mulongshi-luan/牧龍師_html953.html
第957章 天外之崖,mulongshi-luan/牧龍師_html954.html
第958章 古神宿敵,mulongshi-luan/牧龍師_html955.html
第959章 神後,mulongshi-luan/牧龍師_html956.html
第960章 鳩佔鵲巢,mulongshi-luan/牧龍師_html957.html
第961章 神權越高，喪命越早,mulongshi-luan/牧龍師_html958.html
第962章 偷霧果,mulongshi-luan/牧龍師_html959.html
第963章 擱淺信女,mulongshi-luan/牧龍師_html960.html
第964章 夢堂,mulongshi-luan/牧龍師_html961.html
第965章 太子星,mulongshi-luan/牧龍師_html962.html
第966章 掃山,mulongshi-luan/牧龍師_html963.html
第967章 松樹仙,mulongshi-luan/牧龍師_html964.html
第968章 天蟲卵,mulongshi-luan/牧龍師_html965.html
第969章 深山三妖聖,mulongshi-luan/牧龍師_html966.html
第970章 最堅硬的部位,mulongshi-luan/牧龍師_html967.html
第971章 野人魔神,mulongshi-luan/牧龍師_html968.html
第972章 換牙之龍,mulongshi-luan/牧龍師_html969.html
第973章 玄龍,mulongshi-luan/牧龍師_html970.html
第974章 尋覓玄龍足跡,mulongshi-luan/牧龍師_html971.html
第975章 蒙對了,mulongshi-luan/牧龍師_html972.html
第976章 氣質神技,mulongshi-luan/牧龍師_html973.html
第977章 柔和馴龍,mulongshi-luan/牧龍師_html974.html
第978章 征服感,mulongshi-luan/牧龍師_html975.html
第979章 牛神崗剛,mulongshi-luan/牧龍師_html976.html
第980 提升好感度,mulongshi-luan/牧龍師_html977.html
第981章 它會來嗎？,mulongshi-luan/牧龍師_html978.html
第982章 追逐盜龍者,mulongshi-luan/牧龍師_html979.html
第983章 山海世界,mulongshi-luan/牧龍師_html980.html
第984章 闖閣,mulongshi-luan/牧龍師_html981.html
第985章 械蛇宮,mulongshi-luan/牧龍師_html982.html
第986章 長宮巨械,mulongshi-luan/牧龍師_html983.html
第987章 器械靈神,mulongshi-luan/牧龍師_html984.html
第988章 活龍標本,mulongshi-luan/牧龍師_html985.html
第989章 烈陽聖龍,mulongshi-luan/牧龍師_html986.html
第990章 侏儒控師,mulongshi-luan/牧龍師_html987.html
第991章 土地神族,mulongshi-luan/牧龍師_html988.html
第992章 地閣,mulongshi-luan/牧龍師_html989.html
第993章 神紋莫守,mulongshi-luan/牧龍師_html990.html
第994章 九目鬥佛,mulongshi-luan/牧龍師_html991.html
第995章 四絕門,mulongshi-luan/牧龍師_html992.html
第996章 木樁人,mulongshi-luan/牧龍師_html993.html
第997章 魔怔的一家人,mulongshi-luan/牧龍師_html994.html
第998章 以刀超度,mulongshi-luan/牧龍師_html995.html
第999章 縫補,mulongshi-luan/牧龍師_html996.html
第1000章 鬥玄龍,mulongshi-luan/牧龍師_html997.html
第1001章 玄風,mulongshi-luan/牧龍師_html998.html
第1003章 玄暴風偃月尾,mulongshi-luan/牧龍師_html999.html
第1003章（2） 收服玄龍,mulongshi-luan/牧龍師_html1000.html
第1004章 地火鳳凰,mulongshi-luan/牧龍師_html1001.html
第1005章 神紋體,mulongshi-luan/牧龍師_html1002.html
第1006章 巨械四肢,mulongshi-luan/牧龍師_html1003.html
第1007章 千人械獸鳳凰,mulongshi-luan/牧龍師_html1004.html
第1008章 乾坤之掌,mulongshi-luan/牧龍師_html1005.html
第1009章 神蕊仙晶,mulongshi-luan/牧龍師_html1006.html
第1010章 所向無前，赤斬,mulongshi-luan/牧龍師_html1007.html
第1011章 蟻巢,mulongshi-luan/牧龍師_html1008.html
第1012章 窮哥們,mulongshi-luan/牧龍師_html1009.html
第1013章 皎火劍,mulongshi-luan/牧龍師_html1010.html
第1014章 玉衡仙城,mulongshi-luan/牧龍師_html1011.html
第1015章 我習劍,mulongshi-luan/牧龍師_html1012.html
第1016章 神首孟冰慈,mulongshi-luan/牧龍師_html1013.html
第1017章 親姐姐？,mulongshi-luan/牧龍師_html1014.html
第1018章 龍門看守人,mulongshi-luan/牧龍師_html1015.html
第1019章 玉衡仙小姨,mulongshi-luan/牧龍師_html1016.html
第1020章 彼岸的天秘,mulongshi-luan/牧龍師_html1017.html
第1021章 遊歷人間,mulongshi-luan/牧龍師_html1018.html
第1022章 你若自宮，便可教你,mulongshi-luan/牧龍師_html1019.html
第1023章 當面行兇,mulongshi-luan/牧龍師_html1020.html
第1024章 東宮劍仙,mulongshi-luan/牧龍師_html1021.html
第1025章 來得正是時候,mulongshi-luan/牧龍師_html1022.html
第1026章 月亮上的兔子,mulongshi-luan/牧龍師_html1023.html
第1027章 梅花仙樹芽,mulongshi-luan/牧龍師_html1024.html
第1028章 白龍神宗,mulongshi-luan/牧龍師_html1025.html
第1029章 反覆橫跳,mulongshi-luan/牧龍師_html1026.html
第1030章 鞋掌摑,mulongshi-luan/牧龍師_html1027.html
第1031章 侮辱性極大,mulongshi-luan/牧龍師_html1028.html
第1032章 神宗至寶,mulongshi-luan/牧龍師_html1029.html
第1033章 萬年凝華,mulongshi-luan/牧龍師_html1030.html
第1034章 鎮守靈根,mulongshi-luan/牧龍師_html1031.html
第1035章 開神龍展,mulongshi-luan/牧龍師_html1032.html
第1036章 古道劍派,mulongshi-luan/牧龍師_html1033.html
第1037章 派系聯手,mulongshi-luan/牧龍師_html1034.html
第1038章 意外大豐收,mulongshi-luan/牧龍師_html1035.html
第1039章 仙鶴天女圖,mulongshi-luan/牧龍師_html1036.html
第1040章 天地玄息,mulongshi-luan/牧龍師_html1037.html
第1041章 關門打狗,mulongshi-luan/牧龍師_html1038.html
第1042章 拖延時間,mulongshi-luan/牧龍師_html1039.html
第1043章 傷我龍，不可忍,mulongshi-luan/牧龍師_html1040.html
第1044章 明智之舔,mulongshi-luan/牧龍師_html1041.html
第1045章 靈穴,mulongshi-luan/牧龍師_html1042.html
第1046章 索星,mulongshi-luan/牧龍師_html1043.html
第1047章 噬風球,mulongshi-luan/牧龍師_html1044.html
第1048章 夜漫長,mulongshi-luan/牧龍師_html1045.html
第1049章 衆神心魔,mulongshi-luan/牧龍師_html1046.html
第1050章 仙販,mulongshi-luan/牧龍師_html1047.html
第1051章 惡仙奪壽,mulongshi-luan/牧龍師_html1048.html
第1052章 其罪當誅,mulongshi-luan/牧龍師_html1049.html
第1053章 巡天徹查！,mulongshi-luan/牧龍師_html1050.html
第1054章 咒罵老天,mulongshi-luan/牧龍師_html1051.html
第1055章 地廟神,mulongshi-luan/牧龍師_html1052.html
第1056章 咳灰燼,mulongshi-luan/牧龍師_html1053.html
第1057章 夜仇,mulongshi-luan/牧龍師_html1054.html
第1058章 惡芽,mulongshi-luan/牧龍師_html1055.html
第1059章 祝明朗，接劍,mulongshi-luan/牧龍師_html1056.html
第1060章 遞屠刀,mulongshi-luan/牧龍師_html1057.html
第1061章 念不出的名字,mulongshi-luan/牧龍師_html1058.html
第1062章 道童,mulongshi-luan/牧龍師_html1059.html
第1063章 審地魂,mulongshi-luan/牧龍師_html1060.html
第1064章 天庭打工人,mulongshi-luan/牧龍師_html1061.html
第1065章 當年的審判官,mulongshi-luan/牧龍師_html1062.html
第1066章 極獄輪迴,mulongshi-luan/牧龍師_html1063.html
第1067章 兩成修爲,mulongshi-luan/牧龍師_html1064.html
第1068章 惡願之神,mulongshi-luan/牧龍師_html1065.html
第1069章 無妄之災,mulongshi-luan/牧龍師_html1066.html
第1070章 被騙走了青春,mulongshi-luan/牧龍師_html1067.html
第1071章 替老天把你剁了,mulongshi-luan/牧龍師_html1068.html
第1072章 你沒有資格,mulongshi-luan/牧龍師_html1069.html
第1073章 說到做到,mulongshi-luan/牧龍師_html1070.html
第1074章 南宮劍仙,mulongshi-luan/牧龍師_html1071.html
第1075章 緝拿人魂,mulongshi-luan/牧龍師_html1072.html
第1076章 陽壽迴歸,mulongshi-luan/牧龍師_html1073.html
第1077章 同樣法力通天,mulongshi-luan/牧龍師_html1074.html
第1078章 穩健發育,mulongshi-luan/牧龍師_html1075.html
第1079章 生死官,mulongshi-luan/牧龍師_html1076.html
第1080章 晷岸花,mulongshi-luan/牧龍師_html1077.html
第1081章 躲不掉的,mulongshi-luan/牧龍師_html1078.html
第1082章 如雲大會,mulongshi-luan/牧龍師_html1079.html
第1083章 通天隕河,mulongshi-luan/牧龍師_html1080.html
第1084章 少了一個,mulongshi-luan/牧龍師_html1081.html
第1085章 龍族威懾,mulongshi-luan/牧龍師_html1082.html
第1086章 紅紋死神龍,mulongshi-luan/牧龍師_html1083.html
第1087章 食物貢品,mulongshi-luan/牧龍師_html1084.html
第1088章 野蠻之食,mulongshi-luan/牧龍師_html1085.html
第1089章 自己被選中了！,mulongshi-luan/牧龍師_html1086.html
第1090章 高明的捕食,mulongshi-luan/牧龍師_html1087.html
第1091章 直面死神龍,mulongshi-luan/牧龍師_html1088.html
第1092章 破魔一劍,mulongshi-luan/牧龍師_html1089.html
第1093章 被食,mulongshi-luan/牧龍師_html1090.html
第1094章 讓你失望了,mulongshi-luan/牧龍師_html1091.html
第1095章 壯大隊伍,mulongshi-luan/牧龍師_html1092.html
第1096章 玄古蛙,mulongshi-luan/牧龍師_html1093.html
第1097章 蒼蝠魔仙,mulongshi-luan/牧龍師_html1094.html
第1098章 受傷的劍仙,mulongshi-luan/牧龍師_html1095.html
第1099章 他星遇故人,mulongshi-luan/牧龍師_html1096.html
第1100章 天樹山脈,mulongshi-luan/牧龍師_html1097.html
第1101章 神木天障,mulongshi-luan/牧龍師_html1098.html
第1102章 深入敵巢,mulongshi-luan/牧龍師_html1099.html
第1103章 有同行,mulongshi-luan/牧龍師_html1100.html
第1104章 還橫不橫了？,mulongshi-luan/牧龍師_html1101.html
第1105章 難道的安寧,mulongshi-luan/牧龍師_html1102.html
第1106章 成年期小金龍,mulongshi-luan/牧龍師_html1103.html
第1107章 野龍撒歡,mulongshi-luan/牧龍師_html1104.html
第1108章 金輪之圖,mulongshi-luan/牧龍師_html1105.html
第1109章 你配嗎,mulongshi-luan/牧龍師_html1106.html
第1110章 擁戴,mulongshi-luan/牧龍師_html1107.html
第1111章 古龍榕林,mulongshi-luan/牧龍師_html1108.html
第1112章 物種法則,mulongshi-luan/牧龍師_html1109.html
第1113章 彩翼遠古之龍,mulongshi-luan/牧龍師_html1110.html
第1114章 夜襲,mulongshi-luan/牧龍師_html1111.html
第1115章 惡戰,mulongshi-luan/牧龍師_html1112.html
第1116章 靜默之林,mulongshi-luan/牧龍師_html1113.html
第1117章 暗掠箏龍長者,mulongshi-luan/牧龍師_html1114.html
第1118章 辨心,mulongshi-luan/牧龍師_html1115.html
第1119章 煎熬,mulongshi-luan/牧龍師_html1116.html
第1120章 蒼芒求生,mulongshi-luan/牧龍師_html1117.html
第1121章 套路,mulongshi-luan/牧龍師_html1118.html
第1122章 機緣線索,mulongshi-luan/牧龍師_html1119.html
第1123章 埋伏,mulongshi-luan/牧龍師_html1120.html
第1124章 大意了,mulongshi-luan/牧龍師_html1121.html
第1125章 遊牧巨人樹,mulongshi-luan/牧龍師_html1122.html
第1126章 樹種花精靈,mulongshi-luan/牧龍師_html1123.html
第1127章 靈本樹脂,mulongshi-luan/牧龍師_html1124.html
第1128章 抱着星辰,mulongshi-luan/牧龍師_html1125.html
第1129章 祖先樹淚,mulongshi-luan/牧龍師_html1126.html
第1130章 神……神……神君,mulongshi-luan/牧龍師_html1127.html
第1131章 屠座下惡犬,mulongshi-luan/牧龍師_html1128.html
第1132章 千里送寶,mulongshi-luan/牧龍師_html1129.html
第1133章 捕食玄鷹,mulongshi-luan/牧龍師_html1130.html
第1134章 雪女盛情,mulongshi-luan/牧龍師_html1131.html
第1135章 拴死,mulongshi-luan/牧龍師_html1132.html
第1136章 牽引幽痕,mulongshi-luan/牧龍師_html1133.html
第1137章 龍,mulongshi-luan/牧龍師_html1134.html
第1138章 永夜,mulongshi-luan/牧龍師_html1135.html
第1139章 劫後,mulongshi-luan/牧龍師_html1136.html
第1140章 籌劃已久,mulongshi-luan/牧龍師_html1137.html
第1141章 揭竿而起,mulongshi-luan/牧龍師_html1138.html
第1142章 造神,mulongshi-luan/牧龍師_html1139.html
第1143章 最後一道火候,mulongshi-luan/牧龍師_html1140.html
第1144章 風天印,mulongshi-luan/牧龍師_html1141.html
第1145章 新賬舊賬一起算,mulongshi-luan/牧龍師_html1142.html
第1146章 晉升法事,mulongshi-luan/牧龍師_html1143.html
第1147章 師兄，別丟下我,mulongshi-luan/牧龍師_html1144.html
第1148章 雷雨劫,mulongshi-luan/牧龍師_html1145.html
第1149章 風劫,mulongshi-luan/牧龍師_html1146.html
第1150章 殘神,mulongshi-luan/牧龍師_html1147.html
第1151章 神君白龍,mulongshi-luan/牧龍師_html1148.html
第1152章 閻王龍的反常,mulongshi-luan/牧龍師_html1149.html
第1153章 煉獄山閻王巨龍,mulongshi-luan/牧龍師_html1150.html
第1154章 水火不侵,mulongshi-luan/牧龍師_html1151.html
第1155章 地藏獸,mulongshi-luan/牧龍師_html1152.html
第1156章 陰間恐皇,mulongshi-luan/牧龍師_html1153.html
第1157章 死鬥,mulongshi-luan/牧龍師_html1154.html
第1158章 惡佛陀,mulongshi-luan/牧龍師_html1155.html
第1159章 閻羅號令之角,mulongshi-luan/牧龍師_html1156.html
第1160章 顧慮,mulongshi-luan/牧龍師_html1157.html
第1161章 地廟神官,mulongshi-luan/牧龍師_html1158.html
第1162章 尋覓痕跡,mulongshi-luan/牧龍師_html1159.html
第1163章 埋伏,mulongshi-luan/牧龍師_html1160.html
第1164章 神明對決,mulongshi-luan/牧龍師_html1161.html
第1165章 玄龍戰劍仙,mulongshi-luan/牧龍師_html1162.html
第1166章 伏殺,mulongshi-luan/牧龍師_html1163.html
第1167章 老仇人,mulongshi-luan/牧龍師_html1164.html
第1168章 神變,mulongshi-luan/牧龍師_html1165.html
第1169章 噩耗接二連三,mulongshi-luan/牧龍師_html1166.html
第1170章 潰敗,mulongshi-luan/牧龍師_html1167.html
第1171章 修羅氏族,mulongshi-luan/牧龍師_html1168.html
第1172章 土街老廟,mulongshi-luan/牧龍師_html1169.html
第1173章 血煞咒神,mulongshi-luan/牧龍師_html1170.html
第1174章 契約燈童,mulongshi-luan/牧龍師_html1171.html
第1175章 河女,mulongshi-luan/牧龍師_html1172.html
第1176章 長乘的身份,mulongshi-luan/牧龍師_html1173.html
第1177章 河女,mulongshi-luan/牧龍師_html1174.html
第1178章 正視心魔,mulongshi-luan/牧龍師_html1175.html
第1179章 誰的命重,mulongshi-luan/牧龍師_html1176.html
第1180章 黑傘女神明,mulongshi-luan/牧龍師_html1177.html
第1181章 古墟山,mulongshi-luan/牧龍師_html1178.html
第1182章 神君劍,mulongshi-luan/牧龍師_html1179.html
第1183章 神都戰役,mulongshi-luan/牧龍師_html1180.html
第1184章 可抵百神,mulongshi-luan/牧龍師_html1181.html
第1185章 畫中神獸,mulongshi-luan/牧龍師_html1182.html
第1186章 她有龍？,mulongshi-luan/牧龍師_html1183.html
第1187章 最終對決,mulongshi-luan/牧龍師_html1184.html
第1188章 死局中的生機,mulongshi-luan/牧龍師_html1185.html
第1189章 小小的變數,mulongshi-luan/牧龍師_html1186.html
第1190章 秋賜命門,mulongshi-luan/牧龍師_html1187.html
第1191章 意外大收穫,mulongshi-luan/牧龍師_html1188.html
第1192章 明知山有虎,mulongshi-luan/牧龍師_html1189.html
第1193章 虹穹龍,mulongshi-luan/牧龍師_html1190.html
第1194章 暗掠箏龍長者,mulongshi-luan/牧龍師_html1191.html
第1195章 搬魂鬼,mulongshi-luan/牧龍師_html1192.html
第1196章 渡靈神,mulongshi-luan/牧龍師_html1193.html
第1197章 赤子神心,mulongshi-luan/牧龍師_html1194.html
第1198章 白樺仙家,mulongshi-luan/牧龍師_html1195.html
第1199章 秘境晷岸花,mulongshi-luan/牧龍師_html1196.html
第1200章 強大靠山,mulongshi-luan/牧龍師_html1197.html
第1201章 拔苗助長,mulongshi-luan/牧龍師_html1198.html
第1202章 天門雷川,mulongshi-luan/牧龍師_html1199.html
第1203章 永存,mulongshi-luan/牧龍師_html1200.html
第1204章 素未謀面,mulongshi-luan/牧龍師_html1201.html
第1205章 羅漢臺,mulongshi-luan/牧龍師_html1202.html
第1206章 挑一種死法,mulongshi-luan/牧龍師_html1203.html
第1207章 次龍之一,mulongshi-luan/牧龍師_html1204.html
第1208章 九天罡羅漢,mulongshi-luan/牧龍師_html1205.html
第1209章 一指之力,mulongshi-luan/牧龍師_html1206.html
第1210章 玉石俱焚,mulongshi-luan/牧龍師_html1207.html
第1211章 逆鱗,mulongshi-luan/牧龍師_html1208.html
第1212章 一生之敵的弟子,mulongshi-luan/牧龍師_html1209.html
第1213章 星宮玉仙,mulongshi-luan/牧龍師_html1210.html
第1214章 我不喜歡做選擇,mulongshi-luan/牧龍師_html1211.html
第1215章 金華劍輪,mulongshi-luan/牧龍師_html1212.html
第1216章 黃泉路上再細品,mulongshi-luan/牧龍師_html1213.html
第1217章 手段用得好,mulongshi-luan/牧龍師_html1214.html
第1218章 築個墳,mulongshi-luan/牧龍師_html1215.html
第1219章 赤教主,mulongshi-luan/牧龍師_html1216.html
第1220章 怒龍閻王,mulongshi-luan/牧龍師_html1217.html
第1221章 脫離之劍,mulongshi-luan/牧龍師_html1218.html
第1222章 體面離開,mulongshi-luan/牧龍師_html1219.html
第1223章 賭上所有人的性命,mulongshi-luan/牧龍師_html1220.html
第1224章 殊死一搏,mulongshi-luan/牧龍師_html1221.html
第1225章 玄戈神與黎雲姿,mulongshi-luan/牧龍師_html1222.html
第1226章 女武神,mulongshi-luan/牧龍師_html1223.html
第1227章 最後寄予,mulongshi-luan/牧龍師_html1224.html
第1228章 無懼之劍,mulongshi-luan/牧龍師_html1225.html
第1229章 苦海立佛,mulongshi-luan/牧龍師_html1226.html
第1230章 梵咒印,mulongshi-luan/牧龍師_html1227.html
第1231章 天墟,mulongshi-luan/牧龍師_html1228.html
第1232章 劍脈神蹟,mulongshi-luan/牧龍師_html1229.html
第1233章 哪一個更不真實？,mulongshi-luan/牧龍師_html1230.html
第1234章 青日,mulongshi-luan/牧龍師_html1231.html
第1235章 天人,mulongshi-luan/牧龍師_html1232.html
第1236章 它不是上蒼,mulongshi-luan/牧龍師_html1233.html
第1237章 我和你一起受罰,mulongshi-luan/牧龍師_html1234.html
第1238章 放龍娃,mulongshi-luan/牧龍師_html1235.html
第1239章 白太陽,mulongshi-luan/牧龍師_html1236.html
第1240章 依舊少年郎,mulongshi-luan/牧龍師_html1237.html
第1241章 赤晷,mulongshi-luan/牧龍師_html1238.html
第1242章 領養幼靈,mulongshi-luan/牧龍師_html1239.html
第1243章 九尾龍,mulongshi-luan/牧龍師_html1240.html
第1244章 幼靈院巡訪,mulongshi-luan/牧龍師_html1241.html
第1245章 黑亭長,mulongshi-luan/牧龍師_html1242.html
第1246章 幼靈院女神明,mulongshi-luan/牧龍師_html1243.html
第1247章 謊言,mulongshi-luan/牧龍師_html1244.html
第1248章 偷就對了,mulongshi-luan/牧龍師_html1245.html
第1249章 殯葬園,mulongshi-luan/牧龍師_html1246.html
第1250章 印記感應,mulongshi-luan/牧龍師_html1247.html
第1251章 小崇靈,mulongshi-luan/牧龍師_html1248.html
第1252章 地陰三頭龍,mulongshi-luan/牧龍師_html1249.html
第1253章 往生翼,mulongshi-luan/牧龍師_html1250.html
第1254章 黑色鏈,mulongshi-luan/牧龍師_html1251.html
第1255章 信念動搖,mulongshi-luan/牧龍師_html1252.html
第1256章 九尾神,mulongshi-luan/牧龍師_html1253.html
第1257章 九印絞陣,mulongshi-luan/牧龍師_html1254.html
第1258章 神聆,mulongshi-luan/牧龍師_html1255.html
第1259章 得罪了人,mulongshi-luan/牧龍師_html1256.html
第1260章 放逐之刑,mulongshi-luan/牧龍師_html1257.html
第1261章 老仇人,mulongshi-luan/牧龍師_html1258.html
第1262章 投奔,mulongshi-luan/牧龍師_html1259.html
第1263章 養龍千日,mulongshi-luan/牧龍師_html1260.html
第1264章 元靈魚,mulongshi-luan/牧龍師_html1261.html
第1265章 有仙緣,mulongshi-luan/牧龍師_html1262.html
第1266章 藝多不壓身,mulongshi-luan/牧龍師_html1263.html
第1267章 敦敦教導,mulongshi-luan/牧龍師_html1264.html
第1268章 金鱗仙靈,mulongshi-luan/牧龍師_html1265.html
第1269章 狡猾的牧龍師,mulongshi-luan/牧龍師_html1266.html
第1270章 暗溪遺骨,mulongshi-luan/牧龍師_html1267.html
第1271章 生辰慶,mulongshi-luan/牧龍師_html1268.html
第1272章 龍門跌落的神獸,mulongshi-luan/牧龍師_html1269.html
第1273章 饕餮月食龍,mulongshi-luan/牧龍師_html1270.html
第1274章 不打不相識,mulongshi-luan/牧龍師_html1271.html
第1275章 馴龍臺,mulongshi-luan/牧龍師_html1272.html
第1276章 小饕餮,mulongshi-luan/牧龍師_html1273.html
第1277章 誰馴服誰？,mulongshi-luan/牧龍師_html1274.html
第1278章 不可戰勝,mulongshi-luan/牧龍師_html1275.html
第1279章 認賊作父,mulongshi-luan/牧龍師_html1276.html
第1280章 捆綁賜婚,mulongshi-luan/牧龍師_html1277.html
第1281章 送上驚嚇,mulongshi-luan/牧龍師_html1278.html
第1282章 吃光它們,mulongshi-luan/牧龍師_html1279.html
第1283章 昭月神降臨,mulongshi-luan/牧龍師_html1280.html
第1284章 壓不住的野心,mulongshi-luan/牧龍師_html1281.html
第1285章 潛逃的赤晷,mulongshi-luan/牧龍師_html1282.html
第1286章 是敵是友,mulongshi-luan/牧龍師_html1283.html
第1287章 職責所在,mulongshi-luan/牧龍師_html1284.html
第1288章 南天庭,mulongshi-luan/牧龍師_html1285.html
第1289章 萬里天都,mulongshi-luan/牧龍師_html1286.html
第1290章 入門,mulongshi-luan/牧龍師_html1287.html
第1291章 織女星,mulongshi-luan/牧龍師_html1288.html
第1292章 聽講,mulongshi-luan/牧龍師_html1289.html
第1293章 小蛀蟲祝明朗,mulongshi-luan/牧龍師_html1290.html
第1294章 雨後島,mulongshi-luan/牧龍師_html1291.html
第1295章 埋哪都想好了,mulongshi-luan/牧龍師_html1292.html
第1296章 搬山龍,mulongshi-luan/牧龍師_html1293.html
第1297章 得叫我聲師兄,mulongshi-luan/牧龍師_html1294.html
第1298章 內門弟子,mulongshi-luan/牧龍師_html1295.html
第1299章 日落時長,mulongshi-luan/牧龍師_html1296.html
第1300章 鎮獸,mulongshi-luan/牧龍師_html1297.html
第1301章 赤月紫柏門,mulongshi-luan/牧龍師_html1298.html
第1302章 鬼熟人,mulongshi-luan/牧龍師_html1299.html
第1303章 冥丹,mulongshi-luan/牧龍師_html1300.html
第1304章 滅門派,mulongshi-luan/牧龍師_html1301.html
第1305章 一口一個鬼修,mulongshi-luan/牧龍師_html1302.html
第1306章 月光芽,mulongshi-luan/牧龍師_html1303.html
第1307章 太陽晚歸,mulongshi-luan/牧龍師_html1304.html
第1308章 許願,mulongshi-luan/牧龍師_html1305.html
第1309章 七夕悲獸,mulongshi-luan/牧龍師_html1306.html
第1310章 刑天鼎龍,mulongshi-luan/牧龍師_html1307.html
第1311章 通關鎮地獸,mulongshi-luan/牧龍師_html1308.html
第1312章 拜師門,mulongshi-luan/牧龍師_html1309.html
第1313章 亢宿星官,mulongshi-luan/牧龍師_html1310.html
第1314章 鎮天獸,mulongshi-luan/牧龍師_html1311.html
第1315章 白麟,mulongshi-luan/牧龍師_html1312.html
第1316章 賣萌第一名,mulongshi-luan/牧龍師_html1313.html
第1317章 六道神滌,mulongshi-luan/牧龍師_html1314.html
第1318章 葬愛,mulongshi-luan/牧龍師_html1315.html
第1319章 被赦免,mulongshi-luan/牧龍師_html1316.html
第1320章 作死值,mulongshi-luan/牧龍師_html1317.html
第1321章 三龍打通關,mulongshi-luan/牧龍師_html1318.html
第1322章 古武戰神龍,mulongshi-luan/牧龍師_html1319.html
第1323章 不過一頓飯的功夫,mulongshi-luan/牧龍師_html1320.html
第1324章 因狗運而聞名,mulongshi-luan/牧龍師_html1321.html
第1325章 宮月霞,mulongshi-luan/牧龍師_html1322.html
第1326章 九宮狐炎,mulongshi-luan/牧龍師_html1323.html
第1327章 高看一眼了？,mulongshi-luan/牧龍師_html1324.html
第1328章 老恩怨了,mulongshi-luan/牧龍師_html1325.html
第1329章 小饕餮的玩具,mulongshi-luan/牧龍師_html1326.html
第1330章 叫師兄,mulongshi-luan/牧龍師_html1327.html
第1331章 破防,mulongshi-luan/牧龍師_html1328.html
第1332章 只收一位男弟子,mulongshi-luan/牧龍師_html1329.html
第1333章 師父姐姐,mulongshi-luan/牧龍師_html1330.html
第1334章 近水樓臺,mulongshi-luan/牧龍師_html1331.html
第1335章 孽緣,mulongshi-luan/牧龍師_html1332.html
第1336章 棒打鴛鴦,mulongshi-luan/牧龍師_html1333.html
第1337章 愣頭青一根筋,mulongshi-luan/牧龍師_html1334.html
第1338章 有情人,mulongshi-luan/牧龍師_html1335.html
第1339章 找茬,mulongshi-luan/牧龍師_html1336.html
第1340章 吃席,mulongshi-luan/牧龍師_html1337.html
第1341章 綁婚,mulongshi-luan/牧龍師_html1338.html
第1342章 新人鬱結,mulongshi-luan/牧龍師_html1339.html
第1343章 好運來,mulongshi-luan/牧龍師_html1340.html
第1344章 雜毛老道,mulongshi-luan/牧龍師_html1341.html
第1345章 老仇人,mulongshi-luan/牧龍師_html1342.html
第1346章 囚龍井,mulongshi-luan/牧龍師_html1343.html
第1347章 萬煞地藏龍,mulongshi-luan/牧龍師_html1344.html
第1348章 當鎮獸？,mulongshi-luan/牧龍師_html1345.html
第1349章 公糧私用,mulongshi-luan/牧龍師_html1346.html
第1350章 祝島主,mulongshi-luan/牧龍師_html1347.html
第1351章 天痕谷,mulongshi-luan/牧龍師_html1348.html
第1352章 欺負我師妹？,mulongshi-luan/牧龍師_html1349.html
第1353章 師父人傻錢多,mulongshi-luan/牧龍師_html1350.html
第1354章 覆命,mulongshi-luan/牧龍師_html1351.html
第1355章 道心不穩,mulongshi-luan/牧龍師_html1352.html
第1356章 師父，冷靜點,mulongshi-luan/牧龍師_html1353.html
第1357章 野山娘娘,mulongshi-luan/牧龍師_html1354.html
第1358章 上香求子,mulongshi-luan/牧龍師_html1355.html
第1359章 都很滋補,mulongshi-luan/牧龍師_html1356.html
第1360章 搖錢樹,mulongshi-luan/牧龍師_html1357.html
第1361章 上神官,mulongshi-luan/牧龍師_html1358.html
第1362章 鎖仙運,mulongshi-luan/牧龍師_html1359.html
第1363章 神堂諸仙,mulongshi-luan/牧龍師_html1360.html
第1364章 極限一換一,mulongshi-luan/牧龍師_html1361.html
第1365章 天劫化身,mulongshi-luan/牧龍師_html1362.html
第1366章 萬千惡意,mulongshi-luan/牧龍師_html1363.html
第1367章 九昆龍,mulongshi-luan/牧龍師_html1364.html
第1368章 老惡霸！,mulongshi-luan/牧龍師_html1365.html
第1369章 邊打邊罵,mulongshi-luan/牧龍師_html1366.html
第1370章 淫蛟仙皇,mulongshi-luan/牧龍師_html1367.html
第1371章 九色天綾,mulongshi-luan/牧龍師_html1368.html
第1372章 搜刮蛟巢,mulongshi-luan/牧龍師_html1369.html
第1373章 詭海,mulongshi-luan/牧龍師_html1370.html
第1374章 麒麟魔人與蠑仙,mulongshi-luan/牧龍師_html1371.html
第1375章 調解員祝明朗,mulongshi-luan/牧龍師_html1372.html
第1376章 豐登城,mulongshi-luan/牧龍師_html1373.html
第1377章 仙長們,mulongshi-luan/牧龍師_html1374.html
第1378章 仙子，請自重,mulongshi-luan/牧龍師_html1375.html
第1379章 養成,mulongshi-luan/牧龍師_html1376.html
第1380章 李天后,mulongshi-luan/牧龍師_html1377.html
第1381章 琴撫寒日,mulongshi-luan/牧龍師_html1378.html
第1382章 大惡人,mulongshi-luan/牧龍師_html1379.html
第1383章 飛昇不順,mulongshi-luan/牧龍師_html1380.html
第1384章 六月雨,mulongshi-luan/牧龍師_html1381.html
第1385章 我知道你爲人,mulongshi-luan/牧龍師_html1382.html
第1386章 金烏神城,mulongshi-luan/牧龍師_html1383.html
第1387章 海底魂冢,mulongshi-luan/牧龍師_html1384.html
第1388章 金烏季,mulongshi-luan/牧龍師_html1385.html
第1389章 姜王,mulongshi-luan/牧龍師_html1386.html
第1390章 私生女？,mulongshi-luan/牧龍師_html1387.html
第1391章 遺落在人間,mulongshi-luan/牧龍師_html1388.html
第1392章 七情,mulongshi-luan/牧龍師_html1389.html
第1393章 海市蜃樓,mulongshi-luan/牧龍師_html1390.html
第1394章 天衣無縫,mulongshi-luan/牧龍師_html1391.html
第1395章 聆聽人間的聲音,mulongshi-luan/牧龍師_html1392.html
第1396章 掌人間,mulongshi-luan/牧龍師_html1393.html
第1397章 老天爺真會玩,mulongshi-luan/牧龍師_html1394.html
第1398章 赤晷對峙白麟,mulongshi-luan/牧龍師_html1395.html
第1399章 怒仙子,mulongshi-luan/牧龍師_html1396.html
第1400章 指日可待,mulongshi-luan/牧龍師_html1397.html
第1401章 天元,mulongshi-luan/牧龍師_html1398.html
第1402章 殘酷天道,mulongshi-luan/牧龍師_html1399.html
第1403章 赤晷囑託,mulongshi-luan/牧龍師_html1400.html
第1404章 天元劍醒,mulongshi-luan/牧龍師_html1401.html
第1405章 御龍星君,mulongshi-luan/牧龍師_html1402.html
第1406章 李天后的審視,mulongshi-luan/牧龍師_html1403.html
第1407章 冒名頂替,mulongshi-luan/牧龍師_html1404.html
第1408章 太古鬆,mulongshi-luan/牧龍師_html1405.html
第1409章 大黑牙！！,mulongshi-luan/牧龍師_html1406.html
第1410章 喜提妹妹,mulongshi-luan/牧龍師_html1407.html
第1411章 釣魚執法,mulongshi-luan/牧龍師_html1408.html
第1412章 鑄心,mulongshi-luan/牧龍師_html1409.html
第1413章 遷徙,mulongshi-luan/牧龍師_html1410.html
第1414章 都守仙,mulongshi-luan/牧龍師_html1411.html
第1415章 血濺十步！,mulongshi-luan/牧龍師_html1412.html
第1416章 不愧是你啊，南玲紗,mulongshi-luan/牧龍師_html1413.html
第1417章 金烏身上拔毛,mulongshi-luan/牧龍師_html1414.html
第1418章 蠑仙恩怨,mulongshi-luan/牧龍師_html1415.html
第1419章 扶桑金烏,mulongshi-luan/牧龍師_html1416.html
第1420章 青麟日食,mulongshi-luan/牧龍師_html1417.html
第1421章 閹金烏,mulongshi-luan/牧龍師_html1418.html
第1422章 黃泉劍獄,mulongshi-luan/牧龍師_html1419.html
第1423章 服不服？,mulongshi-luan/牧龍師_html1420.html
第1424章 黑蝕,mulongshi-luan/牧龍師_html1421.html
第1425章 黑色晷岸花,mulongshi-luan/牧龍師_html1422.html
第1426章 巨靈神龍,mulongshi-luan/牧龍師_html1423.html
第1427章 地藏之怒,mulongshi-luan/牧龍師_html1424.html
第1428章 黑神蹟蒼靈,mulongshi-luan/牧龍師_html1425.html
第1429章 破殼饕餮,mulongshi-luan/牧龍師_html1426.html
第1430章 食日龍,mulongshi-luan/牧龍師_html1427.html
第1431章 別惹到自己就行,mulongshi-luan/牧龍師_html1428.html
第1432章 善解人意的師父,mulongshi-luan/牧龍師_html1429.html
第1433章 大逆不道,mulongshi-luan/牧龍師_html1430.html
第1434章 草率了,mulongshi-luan/牧龍師_html1431.html
第1435章 破碎的黑珊島,mulongshi-luan/牧龍師_html1432.html
第1436章 天元，納海,mulongshi-luan/牧龍師_html1433.html
第1437章 不裝了,mulongshi-luan/牧龍師_html1434.html
第1438章 又要無敵了,mulongshi-luan/牧龍師_html1435.html
第1439章 找龍,mulongshi-luan/牧龍師_html1436.html
第1440章 畫境萬龍谷,mulongshi-luan/牧龍師_html1437.html
第1441章 映中龍,mulongshi-luan/牧龍師_html1438.html
第1442章 不留遺憾,mulongshi-luan/牧龍師_html1439.html
第1443章 放生,mulongshi-luan/牧龍師_html1440.html
第1444章 燭九陰,mulongshi-luan/牧龍師_html1441.html
第1445章 天神龍,mulongshi-luan/牧龍師_html1442.html
第1446章 點陣祭祀,mulongshi-luan/牧龍師_html1443.html
第1447章 女媧族,mulongshi-luan/牧龍師_html1444.html
第1448章 顯靈,mulongshi-luan/牧龍師_html1445.html
第1449章 蒼靈女媧降臨,mulongshi-luan/牧龍師_html1446.html
第1450章 侍者,mulongshi-luan/牧龍師_html1447.html
第1451章 新線索,mulongshi-luan/牧龍師_html1448.html
第1452章 大妖精,mulongshi-luan/牧龍師_html1449.html
第1453章 有賊心沒賊膽,mulongshi-luan/牧龍師_html1450.html
第1454章 後代之罪,mulongshi-luan/牧龍師_html1451.html
第1455章 不愧是你小金龍,mulongshi-luan/牧龍師_html1452.html
第1456章 赤龍公、黃龍公,mulongshi-luan/牧龍師_html1453.html
第1457章 入夥,mulongshi-luan/牧龍師_html1454.html
第1458章 打探敵情,mulongshi-luan/牧龍師_html1455.html
第1459章 天刑,mulongshi-luan/牧龍師_html1456.html
第1460章 刨龍活旗,mulongshi-luan/牧龍師_html1457.html
第1461章 羞辱穹庭,mulongshi-luan/牧龍師_html1458.html
第1462章 鬥神庭,mulongshi-luan/牧龍師_html1459.html
第1463章 挫骨揚灰,mulongshi-luan/牧龍師_html1460.html
第1464章 老君果,mulongshi-luan/牧龍師_html1461.html
第1465章 有鍋一起扛,mulongshi-luan/牧龍師_html1462.html
第1466章 封印在了陰間,mulongshi-luan/牧龍師_html1463.html
第1467章 正名,mulongshi-luan/牧龍師_html1464.html
第1468章 顛覆牧龍師,mulongshi-luan/牧龍師_html1465.html
第1469章 被盯上了,mulongshi-luan/牧龍師_html1466.html
第1470章 偷天竊日,mulongshi-luan/牧龍師_html1467.html
第1471章 食日,mulongshi-luan/牧龍師_html1468.html
第1472章 守株待兔,mulongshi-luan/牧龍師_html1469.html
第1473章 戰仙庭,mulongshi-luan/牧龍師_html1470.html
第1474章 潮汐之埋,mulongshi-luan/牧龍師_html1471.html
第1475章 五十年的棋,mulongshi-luan/牧龍師_html1472.html
第1476章 八方來敵,mulongshi-luan/牧龍師_html1473.html
第1477章 黑龍，肉身之最,mulongshi-luan/牧龍師_html1474.html
第1478章 震懾天都,mulongshi-luan/牧龍師_html1475.html
第1479章 唯一的赤日,mulongshi-luan/牧龍師_html1476.html
第1480章 比翼天仙,mulongshi-luan/牧龍師_html1477.html
第1481章 旅天,mulongshi-luan/牧龍師_html1478.html
第1482章 紫石部落,mulongshi-luan/牧龍師_html1479.html
第1483章 談話厄兆獸,mulongshi-luan/牧龍師_html1480.html
第1484章 凡遊記,mulongshi-luan/牧龍師_html1481.html
第1485章 玄天之野,mulongshi-luan/牧龍師_html1482.html
第1486章 小玄龍之地,mulongshi-luan/牧龍師_html1483.html
第1487章 一個都不會放過！,mulongshi-luan/牧龍師_html1484.html
第1488章 武門神,mulongshi-luan/牧龍師_html1485.html
第1489章 無可阻擋,mulongshi-luan/牧龍師_html1486.html
第1490章 巡天蒼神,mulongshi-luan/牧龍師_html1487.html
第1491章 龍門背後,mulongshi-luan/牧龍師_html1488.html
第1492章 一百年的懺悔,mulongshi-luan/牧龍師_html1489.html
第1493章 上天最好的安排,mulongshi-luan/牧龍師_html1490.html
第1494章 柳殿,mulongshi-luan/牧龍師_html1491.html
第1495章 橫空出世的夫君,mulongshi-luan/牧龍師_html1492.html
第1496章 梨花塢,mulongshi-luan/牧龍師_html1493.html
第1497章 許願龍,mulongshi-luan/牧龍師_html1494.html
第1498章 許願三寶,mulongshi-luan/牧龍師_html1495.html
第1499章 心想事成,mulongshi-luan/牧龍師_html1496.html
第1500章 奪魁,mulongshi-luan/牧龍師_html1497.html
第1501章 收個徒弟,mulongshi-luan/牧龍師_html1498.html
第1502章 祝雪痕,mulongshi-luan/牧龍師_html1499.html
第1503章 虛幻如煙,mulongshi-luan/牧龍師_html1500.html
第1504章 黑晷,mulongshi-luan/牧龍師_html1501.html
第1505章 小蒼神醒了,mulongshi-luan/牧龍師_html1502.html
第1506章 混入其中,mulongshi-luan/牧龍師_html1503.html
第1507章 墜入陰間,mulongshi-luan/牧龍師_html1504.html
第1508章 馬面人,mulongshi-luan/牧龍師_html1505.html
第1509章 故人身影,mulongshi-luan/牧龍師_html1506.html
第1510章 閻王龍,mulongshi-luan/牧龍師_html1507.html
第1511章 陰間處刑,mulongshi-luan/牧龍師_html1508.html
第1512章 命鬥,mulongshi-luan/牧龍師_html1509.html
第1513章 陰間神帥,mulongshi-luan/牧龍師_html1510.html
第1514章 無可救藥的瘋魔,mulongshi-luan/牧龍師_html1511.html
第1515章 蒼神的威懾,mulongshi-luan/牧龍師_html1512.html
第1516章 不攻自破,mulongshi-luan/牧龍師_html1513.html
第1517章 手握日月,mulongshi-luan/牧龍師_html1514.html
第1518章 天劫萬應,mulongshi-luan/牧龍師_html1515.html
第1519章 老仇家歡聚一堂,mulongshi-luan/牧龍師_html1516.html
第1520章 青獅老佛,mulongshi-luan/牧龍師_html1517.html
第1521章 嘯天卷,mulongshi-luan/牧龍師_html1518.html
第1522章 雷音娘娘,mulongshi-luan/牧龍師_html1519.html
第1523章 血色幽痕星,mulongshi-luan/牧龍師_html1520.html
第1524章 龍門縮影,mulongshi-luan/牧龍師_html1521.html
第1525章 侍神的代價,mulongshi-luan/牧龍師_html1522.html
第1526章 善惡轉變,mulongshi-luan/牧龍師_html1523.html
第1527章 正蒼？邪蒼？,mulongshi-luan/牧龍師_html1524.html
第1528章 旗晃星河,mulongshi-luan/牧龍師_html1525.html
第1529章 青龍公,mulongshi-luan/牧龍師_html1526.html
第1530章 劍分陰陽,mulongshi-luan/牧龍師_html1527.html
第1531章 最後一道蒼劫,mulongshi-luan/牧龍師_html1528.html
第1532章 你高尚，你買下卷,mulongshi-luan/牧龍師_html1529.html
第1533章 轉折點,mulongshi-luan/牧龍師_html1530.html
第1534章 最後一道蒼劫（大結局）,mulongshi-luan/牧龍師_html1531.html
